airportCode,airportName,operational_tier,n_hours,pct_operating_hours,tier_total_pax,pct_total_pax_volume,mean_hourly_pax,std_hourly_pax,cv_tier,median_hourly_pax,min_hourly_pax,max_hourly_pax
ATL,Hartsfield - Jackson Atlanta International,1. Off-Peak (< Q1),7891,25.0,1612621.0,1.6,204.36,208.06,1.0181,103.0,0.0,802.0
ATL,Hartsfield - Jackson Atlanta International,2. Mid-Peak (Q1 - Q3),15783,50.0,53345092.0,53.0,3379.91,995.27,0.2945,3557.0,803.0,4826.0
ATL,Hartsfield - Jackson Atlanta International,3. Peak (Q3 - P95),6312,20.0,34644747.0,34.42,5488.71,435.65,0.0794,5445.0,4827.0,6405.0
ATL,Hartsfield - Jackson Atlanta International,4. Events (> P95),1578,5.0,11040357.0,10.97,6996.42,506.62,0.0724,6840.0,6406.0,9392.0
AUS,Austin Bergstrom International,1. Off-Peak (< Q1),6925,25.0,1402972.0,3.77,202.6,202.48,0.9994,118.0,0.0,645.0
AUS,Austin Bergstrom International,2. Mid-Peak (Q1 - Q3),13852,50.01,19764388.0,53.15,1426.83,363.78,0.255,1488.0,646.0,1965.0
AUS,Austin Bergstrom International,3. Peak (Q3 - P95),5541,20.0,12220932.0,32.86,2205.55,158.48,0.0719,2187.0,1966.0,2529.0
AUS,Austin Bergstrom International,4. Events (> P95),1382,4.99,3798699.0,10.22,2748.7,186.83,0.068,2700.5,2530.0,3799.0
BOS,General Edward Lawrence Logan International,1. Off-Peak (< Q1),7099,25.0,3686651.0,5.79,519.32,416.37,0.8018,432.0,0.0,1299.0
BOS,General Edward Lawrence Logan International,2. Mid-Peak (Q1 - Q3),14205,50.02,32499833.0,51.0,2287.92,490.06,0.2142,2315.0,1300.0,3128.0
BOS,General Edward Lawrence Logan International,3. Peak (Q3 - P95),5676,19.99,20484103.0,32.15,3608.9,325.72,0.0903,3567.0,3129.0,4331.0
BOS,General Edward Lawrence Logan International,4. Events (> P95),1420,5.0,7050329.0,11.06,4965.02,556.9,0.1122,4804.0,4332.0,7341.0
CLT,Charlotte/Douglas International,1. Off-Peak (< Q1),6724,24.99,1809973.0,6.42,269.18,193.79,0.7199,235.0,0.0,628.0
CLT,Charlotte/Douglas International,2. Mid-Peak (Q1 - Q3),13468,50.06,13746539.0,48.79,1020.68,214.81,0.2105,1018.0,629.0,1418.0
CLT,Charlotte/Douglas International,3. Peak (Q3 - P95),5366,19.94,9175642.0,32.57,1709.96,207.26,0.1212,1675.0,1419.0,2188.0
CLT,Charlotte/Douglas International,4. Events (> P95),1346,5.0,3441953.0,12.22,2557.17,288.79,0.1129,2493.0,2189.0,3763.0
DCA,Washington Reagan National,1. Off-Peak (< Q1),7044,24.99,727914.0,1.93,103.34,130.0,1.258,26.0,0.0,471.0
DCA,Washington Reagan National,2. Mid-Peak (Q1 - Q3),14096,50.02,18935322.0,50.28,1343.31,379.28,0.2824,1392.0,472.0,1936.0
DCA,Washington Reagan National,3. Peak (Q3 - P95),5632,19.98,12894882.0,34.24,2289.57,259.84,0.1135,2234.0,1937.0,2914.0
DCA,Washington Reagan National,4. Events (> P95),1410,5.0,5100472.0,13.54,3617.36,547.57,0.1514,3500.0,2915.0,5695.0
DEN,Denver International,1. Off-Peak (< Q1),7706,24.99,2419396.0,3.13,313.96,246.67,0.7857,288.0,0.0,768.0
DEN,Denver International,2. Mid-Peak (Q1 - Q3),15429,50.04,38151452.0,49.36,2472.71,1036.57,0.4192,2605.0,769.0,4009.0
DEN,Denver International,3. Peak (Q3 - P95),6157,19.97,27926240.0,36.13,4535.69,340.87,0.0752,4496.0,4010.0,5247.0
DEN,Denver International,4. Events (> P95),1542,5.0,8802534.0,11.39,5708.52,382.25,0.067,5616.0,5248.0,7550.0
DFW,Dallas-Fort Worth International,1. Off-Peak (< Q1),7067,25.0,4717151.0,5.21,667.49,514.69,0.7711,570.0,0.0,1803.0
DFW,Dallas-Fort Worth International,2. Mid-Peak (Q1 - Q3),14140,50.02,48963850.0,54.12,3462.79,744.94,0.2151,3598.0,1804.0,4543.0
DFW,Dallas-Fort Worth International,3. Peak (Q3 - P95),5646,19.97,28247557.0,31.22,5003.11,305.53,0.0611,4966.0,4544.0,5638.0
DFW,Dallas-Fort Worth International,4. Events (> P95),1413,5.0,8550242.0,9.45,6051.13,368.37,0.0609,5940.0,5639.0,7963.0
DTW,Detroit Metropolitan Wayne County,1. Off-Peak (< Q1),8006,25.0,589260.0,1.27,73.6,78.5,1.0665,40.0,0.0,339.0
DTW,Detroit Metropolitan Wayne County,2. Mid-Peak (Q1 - Q3),16018,50.02,24176095.0,52.29,1509.31,509.47,0.3376,1629.0,340.0,2207.0
DTW,Detroit Metropolitan Wayne County,3. Peak (Q3 - P95),6399,19.98,16165159.0,34.96,2526.2,218.62,0.0865,2490.0,2208.0,3007.0
DTW,Detroit Metropolitan Wayne County,4. Events (> P95),1600,5.0,5302505.0,11.47,3314.07,247.41,0.0747,3255.5,3008.0,4394.0
EWR,Newark Liberty International,1. Off-Peak (< Q1),8002,24.98,2111245.0,2.41,263.84,281.8,1.0681,108.0,0.0,889.0
EWR,Newark Liberty International,2. Mid-Peak (Q1 - Q3),16028,50.03,46769286.0,53.31,2917.97,898.03,0.3078,3094.0,890.0,4176.0
EWR,Newark Liberty International,3. Peak (Q3 - P95),6402,19.99,29829755.0,34.0,4659.44,307.97,0.0661,4629.0,4177.0,5277.0
EWR,Newark Liberty International,4. Events (> P95),1602,5.0,9024838.0,10.29,5633.48,294.81,0.0523,5560.0,5278.0,6959.0
IAD,Washington-Dulles International,1. Off-Peak (< Q1),8023,25.0,1232734.0,3.16,153.65,84.04,0.5469,137.0,0.0,364.0
IAD,Washington-Dulles International,2. Mid-Peak (Q1 - Q3),16052,50.01,16528138.0,42.32,1029.66,337.06,0.3273,1011.0,365.0,1707.0
IAD,Washington-Dulles International,3. Peak (Q3 - P95),6418,20.0,15171866.0,38.85,2363.96,466.83,0.1975,2282.0,1708.0,3356.0
IAD,Washington-Dulles International,4. Events (> P95),1604,5.0,6119559.0,15.67,3815.19,351.65,0.0922,3746.0,3357.0,5200.0
IAH,George Bush Intercontinental/Houston,1. Off-Peak (< Q1),7045,25.0,2864374.0,4.34,406.58,291.06,0.7159,351.0,0.0,1152.0
IAH,George Bush Intercontinental/Houston,2. Mid-Peak (Q1 - Q3),14097,50.02,36155250.0,54.77,2564.75,530.97,0.207,2666.0,1153.0,3320.0
IAH,George Bush Intercontinental/Houston,3. Peak (Q3 - P95),5633,19.99,20626771.0,31.25,3661.77,227.04,0.062,3633.0,3321.0,4149.0
IAH,George Bush Intercontinental/Houston,4. Events (> P95),1410,5.0,6364499.0,9.64,4513.83,292.49,0.0648,4446.0,4150.0,6029.0
JFK,John F. Kennedy International,1. Off-Peak (< Q1),8029,25.0,7002223.0,6.04,872.12,545.95,0.626,794.0,0.0,2000.0
JFK,John F. Kennedy International,2. Mid-Peak (Q1 - Q3),16066,50.02,60811597.0,52.42,3785.11,838.41,0.2215,3865.5,2001.0,5142.0
JFK,John F. Kennedy International,3. Peak (Q3 - P95),6420,19.99,37116433.0,31.99,5781.38,389.6,0.0674,5755.0,5143.0,6527.0
JFK,John F. Kennedy International,4. Events (> P95),1605,5.0,11079734.0,9.55,6903.26,307.36,0.0445,6827.0,6528.0,8375.0
LAS,Harry Reid International Airport,1. Off-Peak (< Q1),8000,24.98,4926841.0,5.36,615.86,517.54,0.8404,471.0,0.0,1562.0
LAS,Harry Reid International Airport,2. Mid-Peak (Q1 - Q3),16020,50.02,46784006.0,50.87,2920.35,767.39,0.2628,2958.0,1563.0,4184.0
LAS,Harry Reid International Airport,3. Peak (Q3 - P95),6403,19.99,30518980.0,33.19,4766.36,381.66,0.0801,4717.0,4185.0,5569.0
LAS,Harry Reid International Airport,4. Events (> P95),1602,5.0,9729300.0,10.58,6073.22,430.99,0.071,5949.5,5570.0,8102.0
LAX,Los Angeles International,1. Off-Peak (< Q1),7746,25.0,8619086.0,6.68,1112.71,1088.42,0.9782,749.0,0.0,3164.0
LAX,Los Angeles International,2. Mid-Peak (Q1 - Q3),15496,50.01,69154932.0,53.58,4462.76,692.67,0.1552,4450.0,3165.0,5725.0
LAX,Los Angeles International,3. Peak (Q3 - P95),6193,19.99,39476177.0,30.59,6374.32,397.69,0.0624,6355.0,5726.0,7150.0
LAX,Los Angeles International,4. Events (> P95),1549,5.0,11819146.0,9.16,7630.18,416.69,0.0546,7516.0,7151.0,9569.0
LGA,LaGuardia,1. Off-Peak (< Q1),7844,24.95,424859.0,0.8,54.16,53.32,0.9845,32.0,0.0,196.0
LGA,LaGuardia,2. Mid-Peak (Q1 - Q3),15742,50.07,25593152.0,48.26,1625.79,884.6,0.5441,1758.0,197.0,2900.0
LGA,LaGuardia,3. Peak (Q3 - P95),6281,19.98,20588237.0,38.82,3277.86,238.85,0.0729,3254.0,2901.0,3760.0
LGA,LaGuardia,4. Events (> P95),1571,5.0,6428505.0,12.12,4091.98,290.6,0.071,4010.0,3761.0,5496.0
MCO,Orlando International,1. Off-Peak (< Q1),7949,25.0,1152921.0,1.15,145.04,222.56,1.5345,18.0,0.0,785.0
MCO,Orlando International,2. Mid-Peak (Q1 - Q3),15910,50.03,55392050.0,55.38,3481.59,1185.08,0.3404,3903.0,786.0,4838.0
MCO,Orlando International,3. Peak (Q3 - P95),6355,19.98,33534917.0,33.53,5276.93,288.67,0.0547,5238.0,4839.0,5881.0
MCO,Orlando International,4. Events (> P95),1585,4.98,9947560.0,9.94,6276.06,340.98,0.0543,6179.0,5882.0,7870.0
MIA,Miami International,1. Off-Peak (< Q1),8005,24.99,1726925.0,1.96,215.73,196.39,0.9103,132.0,1.0,756.0
MIA,Miami International,2. Mid-Peak (Q1 - Q3),16019,50.02,49226078.0,55.95,3072.98,822.45,0.2676,3308.0,757.0,4076.0
MIA,Miami International,3. Peak (Q3 - P95),6407,20.0,28487318.0,32.38,4446.28,245.63,0.0552,4413.0,4077.0,4970.0
MIA,Miami International,4. Events (> P95),1597,4.99,8534102.0,9.7,5343.83,317.08,0.0593,5270.0,4971.0,6708.0
MSP,Minneapolis-St Paul International/Wold-Chamberlain,1. Off-Peak (< Q1),7994,24.98,620178.0,1.28,77.58,69.88,0.9008,52.0,0.0,274.0
MSP,Minneapolis-St Paul International/Wold-Chamberlain,2. Mid-Peak (Q1 - Q3),16005,50.02,23829820.0,49.25,1488.9,602.17,0.4044,1615.0,275.0,2365.0
MSP,Minneapolis-St Paul International/Wold-Chamberlain,3. Peak (Q3 - P95),6400,20.0,17832146.0,36.85,2786.27,293.12,0.1052,2739.0,2366.0,3410.0
MSP,Minneapolis-St Paul International/Wold-Chamberlain,4. Events (> P95),1597,4.99,6105522.0,12.62,3823.12,337.13,0.0882,3738.0,3411.0,5545.0
ORD,Chicago O'Hare International,1. Off-Peak (< Q1),8009,25.0,1049921.0,1.65,131.09,130.88,0.9984,71.0,4.0,496.0
ORD,Chicago O'Hare International,2. Mid-Peak (Q1 - Q3),16024,50.02,29197525.0,45.91,1822.11,642.12,0.3524,1944.5,497.0,2772.0
ORD,Chicago O'Hare International,3. Peak (Q3 - P95),6403,19.99,23056876.0,36.25,3600.95,771.2,0.2142,3321.0,2773.0,5520.0
ORD,Chicago O'Hare International,4. Events (> P95),1600,4.99,10293951.0,16.19,6433.72,673.1,0.1046,6308.0,5521.0,9380.0
PHL,Philadelphia International,1. Off-Peak (< Q1),6771,24.99,1858476.0,4.6,274.48,235.31,0.8573,208.0,1.0,776.0
PHL,Philadelphia International,2. Mid-Peak (Q1 - Q3),13553,50.02,20749732.0,51.32,1531.01,360.73,0.2356,1560.0,777.0,2130.0
PHL,Philadelphia International,3. Peak (Q3 - P95),5416,19.99,13303282.0,32.9,2456.29,223.65,0.0911,2420.5,2131.0,2949.0
PHL,Philadelphia International,4. Events (> P95),1354,5.0,4518041.0,11.18,3336.81,345.66,0.1036,3242.0,2950.0,6157.0
PHX,Phoenix Sky Harbor International,1. Off-Peak (< Q1),8000,24.99,2535178.0,3.42,316.9,323.5,1.0208,129.0,1.0,961.0
PHX,Phoenix Sky Harbor International,2. Mid-Peak (Q1 - Q3),16015,50.03,37825055.0,51.04,2361.85,781.31,0.3308,2511.0,962.0,3532.0
PHX,Phoenix Sky Harbor International,3. Peak (Q3 - P95),6396,19.98,25625198.0,34.58,4006.44,307.58,0.0768,3970.5,3533.0,4651.0
PHX,Phoenix Sky Harbor International,4. Events (> P95),1600,5.0,8121620.0,10.96,5076.01,366.59,0.0722,4986.0,4652.0,6981.0
SEA,Seattle-Tacoma International,1. Off-Peak (< Q1),7995,24.99,2278072.0,3.22,284.94,276.45,0.9702,172.0,0.0,985.0
SEA,Seattle-Tacoma International,2. Mid-Peak (Q1 - Q3),16007,50.04,36492799.0,51.52,2279.8,633.13,0.2777,2353.0,986.0,3296.0
SEA,Seattle-Tacoma International,3. Peak (Q3 - P95),6390,19.97,24295224.0,34.3,3802.07,325.96,0.0857,3768.0,3297.0,4462.0
SEA,Seattle-Tacoma International,4. Events (> P95),1598,5.0,7765913.0,10.96,4859.77,330.05,0.0679,4782.0,4463.0,6588.0
SFO,San Francisco International,1. Off-Peak (< Q1),7593,25.0,5975254.0,6.91,786.94,688.75,0.8752,565.0,0.0,1981.0
SFO,San Francisco International,2. Mid-Peak (Q1 - Q3),15190,50.0,45162827.0,52.22,2973.19,539.12,0.1813,2979.0,1982.0,3931.0
SFO,San Francisco International,3. Peak (Q3 - P95),6077,20.01,27146236.0,31.39,4467.05,337.69,0.0756,4450.0,3932.0,5096.0
SFO,San Francisco International,4. Events (> P95),1517,4.99,8200772.0,9.48,5405.91,257.16,0.0476,5343.0,5097.0,6446.0
SLC,Salt Lake City International,1. Off-Peak (< Q1),7328,24.99,1821590.0,5.65,248.58,196.08,0.7888,225.0,0.0,582.0
SLC,Salt Lake City International,2. Mid-Peak (Q1 - Q3),14670,50.03,16254617.0,50.4,1108.02,310.62,0.2803,1117.0,583.0,1620.0
SLC,Salt Lake City International,3. Peak (Q3 - P95),5863,20.0,10747178.0,33.32,1833.05,138.74,0.0757,1816.0,1621.0,2125.0
SLC,Salt Lake City International,4. Events (> P95),1461,4.98,3426896.0,10.63,2345.58,195.35,0.0833,2292.0,2126.0,3450.0
TPA,Tampa International,1. Off-Peak (< Q1),6588,25.0,2419549.0,5.5,367.27,316.02,0.8605,275.0,0.0,1069.0
TPA,Tampa International,2. Mid-Peak (Q1 - Q3),13186,50.03,23630720.0,53.67,1792.11,299.88,0.1673,1823.0,1070.0,2275.0
TPA,Tampa International,3. Peak (Q3 - P95),5269,19.99,13543633.0,30.76,2570.44,213.5,0.0831,2526.0,2276.0,3057.0
TPA,Tampa International,4. Events (> P95),1313,4.98,4436221.0,10.08,3378.69,246.38,0.0729,3323.0,3058.0,4458.0
