target_variable,target_description,feature_paradigm,feature_count,ols_test_r2,ols_test_rmse,ols_test_mae,ols_aic,ols_bic,gbr_test_r2,gbr_test_rmse,gbr_test_mae
tsa_hourly_std,"Hourly Throughput Std Dev (Diurnal Volatility, Pax/hr)",Values Only,14,0.6228510403231873,271.6417775758353,179.26617106198705,35831.44509572983,35922.48053566146,0.5960906741674423,281.11372310323117,186.45199021870368
tsa_hourly_std,"Hourly Throughput Std Dev (Diurnal Volatility, Pax/hr)",Volatility Only,10,0.497987956867618,313.3986884439906,215.94960004833962,36736.8776141739,36803.636936790426,0.5343744470291604,301.8272936599108,202.50401272336265
tsa_hourly_std,"Hourly Throughput Std Dev (Diurnal Volatility, Pax/hr)",Combined (Values + Volatility),24,0.6087767668093929,276.663856019321,185.73049567121427,35968.46718083232,36120.192914051695,0.6177994420060546,273.4549347830897,177.99908093014682
tsa_hourly_cv,"Hourly Throughput CV (Scale-Free Volatility, Ratio)",Values Only,14,0.18234420109255822,0.18984517451237032,0.1071043580078217,-10583.958467060907,-10492.923027129284,0.14522450601146997,0.19410661384015218,0.10651493952467983
tsa_hourly_cv,"Hourly Throughput CV (Scale-Free Volatility, Ratio)",Volatility Only,10,0.050454568471265504,0.20458424063428657,0.10828702413411055,-10114.321598101924,-10047.5622754854,0.18527784742383324,0.18950429815884187,0.10148093208435395
tsa_hourly_cv,"Hourly Throughput CV (Scale-Free Volatility, Ratio)",Combined (Values + Volatility),24,0.22083186635641283,0.18532324385120727,0.10102937872030915,-10717.95592843882,-10566.230195219447,0.18849436505621064,0.18912984735750266,0.10158901802202062
tsa_rolling_7d_std,"Rolling 7-Day Throughput Std Dev (Temporal Volatility, Pax/day)",Values Only,14,-0.2688249933501039,4090.744750801049,2928.360891252303,53155.689080095406,53246.72452002703,-0.05056708885858363,3722.3175089262772,2346.705123476391
tsa_rolling_7d_std,"Rolling 7-Day Throughput Std Dev (Temporal Volatility, Pax/day)",Volatility Only,10,0.23127368977126106,3184.105083116914,1976.2036471018253,51547.13880083251,51613.898123449035,0.3105087907004822,3015.545502918614,1760.05251191221
tsa_rolling_7d_std,"Rolling 7-Day Throughput Std Dev (Temporal Volatility, Pax/day)",Combined (Values + Volatility),24,0.2791254042415309,3083.4107331134533,1847.0528788214676,51369.86102286013,51521.58675607951,0.31655412144383477,3002.296526658509,1702.9666093625863
