Airport_Code,Airport_Name,Dominant_Carrier,Carrier_Role,Screening_Terminal_Complex,Operational_Cluster_Archetype,Key_Selection_Rationale
BOS,Boston Logan,DL / AA,Dual Focus Station,Terminals A (DL) & B (AA),Cluster 1: High-Density O&D Focus,Provides unconfounded Northeast corridor business O&D traffic
DFW,Dallas/Fort Worth,AA,Fortress Hub,Terminal D Screening Complex,Cluster 0: Mega-Connecting Gateway,American Airlines primary fortress hub with high connecting fraction
DTW,Detroit Metro,DL,Fortress Hub,McNamara Terminal Complex,Cluster 2: High-Reliability Fortress Hub,Delta primary Midwest fortress; physically isolated mega-terminal layout
EWR,Newark Liberty,UA,Fortress Hub,Terminal C Screening Complex,Cluster 3: Congested Coastal Originator,United primary East Coast hub; subject to severe airspace slot delays
IAH,Houston Bush,UA,Fortress Hub,Terminal C Screening Complex,Cluster 1: High-Density O&D Focus,United southern fortress; high energy sector business demand
LAX,Los Angeles World,AA / DL / UA,Multi-Carrier Hub,Terminals 2/3 (DL) & 7 (UA),Cluster 0: Mega-Connecting Gateway,Massive transpacific and transcontinental passenger demand
LGA,New York LaGuardia,DL,Fortress Hub,Terminal C Screening Complex,Cluster 3: Congested Coastal Originator,Opened consolidated Terminal C in June 2022; UA vacated JFK in Oct 2022
ORD,Chicago O'Hare,UA / AA,Dual Fortress Hub,Terminal 1 (UA) & Terminal 3 (AA),Cluster 0: Mega-Connecting Gateway,Dual legacy carrier fortress hub evaluating side-by-side operations
PHL,Philadelphia Intl,AA,Fortress Hub,Terminals B & C Complexes,Cluster 2: High-Reliability Fortress Hub,American Mid-Atlantic fortress hub; contrast against SLC shared lanes
