airportId,airportCode,primaryAirportName,totalRecords,totalThroughput,firstSeen,lastSeen
0,UNKNOWN,Unmapped / Missing Airport,28587,12237249.0,2019-01-20,2026-01-03
1,ABE,Lehigh Valley International,40644,3509748.0,2019-01-01,2026-06-13
2,ABI,Abilene Regional Airport,28990,696837.0,2019-01-01,2026-06-13
3,ABQ,Albuquerque International Sunport,53086,17000870.0,2019-01-01,2026-06-13
4,ABR,Aberdeen Regional,5398,187576.0,2019-01-01,2026-06-13
5,ABY,Southwest Georgia Regional,10543,286429.0,2019-01-01,2026-06-13
6,ACK,Nantucket Memorial,22990,902239.0,2019-01-01,2026-06-13
7,ACP,121,67,13023.0,2025-11-03,2026-05-09
8,ACT,Waco Regional,15998,465057.0,2019-01-01,2026-06-13
9,ACV,California Redwood Coast-Humboldt County,24154,1138247.0,2019-01-01,2026-06-13
10,ACY,Atlantic City International,41802,2835730.0,2019-01-01,2026-06-13
11,ADK,Adak Naval Air Station,884,21610.0,2019-01-02,2026-06-13
12,ADQ,Kodiak,12267,524208.0,2019-01-01,2026-06-13
13,AEX,Alexandria International,24635,795314.0,2019-01-01,2026-06-13
14,AGS,Augusta Regional at Bush Field,38666,2188472.0,2019-01-01,2026-06-13
15,AIA,Alliance Municipal,4593,25910.0,2019-01-01,2026-06-13
16,AKN,King Salmon,3904,143757.0,2019-06-07,2026-06-13
17,ALB,Albany International,45907,10126121.0,2019-01-01,2026-06-13
18,ALO,Waterloo Municipal,7122,121166.0,2019-01-01,2026-06-13
19,ALS,San Luis Valley Regional/Bergman Field,7199,79473.0,2019-01-01,2026-06-13
20,ALW,Walla Walla Regional,11796,270687.0,2019-01-01,2026-06-13
21,AMA,Rick Husband Amarillo International,40446,2854793.0,2019-01-01,2026-06-13
22,ANC,Ted Stevens Anchorage International,63787,16638202.0,2019-01-01,2026-06-13
23,AOO,Martinsburg,6241,111386.0,2019-01-01,2026-06-13
24,APN,Alpena County Regional,4611,136106.0,2019-01-01,2026-06-13
25,ART,Watertown International,11501,619729.0,2019-01-01,2026-06-13
26,ASE,Aspen-Pitkin County/Sardy Field,33501,3908531.0,2019-01-01,2026-06-13
27,ATL,Hartsfield - Jackson Atlanta International,271261,160740062.0,2019-01-01,2026-06-13
28,ATW,Appleton International,39462,3843885.0,2019-01-01,2026-06-13
29,ATY,Watertown Regional,5756,173373.0,2019-01-01,2026-06-13
30,AUG,Augusta State,10078,208422.0,2019-01-01,2026-06-13
31,AUS,Austin Bergstrom International,167318,60760079.0,2019-01-01,2026-06-13
32,AVL,Asheville Regional,43707,7407112.0,2019-01-01,2026-06-13
33,AVP,Wilkes-Barre/Scranton International,40151,2726471.0,2019-01-01,2026-06-13
34,AZA,Phoenix-Mesa Gateway,36989,6736805.0,2019-01-01,2026-06-13
35,AZO,Kalamazoo/Battle Creek International,38562,5399581.0,2019-01-01,2026-06-13
36,BCP,142,67,15433.0,2025-11-03,2026-05-09
37,BDL,Bradley International,53445,15563555.0,2019-01-01,2026-06-13
38,BET,Bethel,9690,546511.0,2019-01-01,2026-06-13
39,BFD,Bradford Regional,7369,27810.0,2019-01-01,2026-06-13
40,BFF,Western Nebraska Regional/William B Heilig Field,4448,98605.0,2019-01-01,2026-06-13
41,BFL,"Meadows Field, Bakersfield",29758,1291233.0,2019-01-01,2026-06-13
42,BFM,Mobile International,819,48392.0,2019-05-06,2025-07-11
43,BGM,Greater Binghamton/Edwin A Link Field,7798,160307.0,2019-01-01,2026-06-13
44,BGR,Bangor International,40775,2643240.0,2019-01-01,2026-06-13
45,BHB,Hancock County/Bar Harbor,9765,66475.0,2019-01-01,2026-06-13
46,BHM,Birmingham-Shuttlesworth International,40337,10790508.0,2019-01-01,2026-06-13
47,BIH,Bishop,1977,58995.0,2021-12-19,2026-06-12
48,BIL,Billings Logan International,42865,3319424.0,2019-01-01,2026-06-13
49,BIS,Bismarck Municipal,38500,2008247.0,2019-01-01,2026-06-13
50,BJI,Bemidji Regional,10640,217054.0,2019-01-01,2026-06-13
51,BKG,Branson,1398,89804.0,2019-04-13,2024-07-28
52,BKW,Raleigh County Memorial,5123,30051.0,2019-01-01,2026-06-13
53,BLI,Bellingham International,33836,1940636.0,2019-01-01,2026-06-13
54,BLV,Scott AFB/Midamerica St Louis,17275,1190978.0,2019-01-01,2026-06-13
55,BMI,Central Illinois Regional/Bloomington-Normal,33671,1534278.0,2019-01-01,2026-06-13
56,BNA,Nashville International,77511,61854656.0,2019-01-01,2026-06-13
57,BOI,Boise Air Terminal/Gowen Field,88075,40518291.0,2019-01-01,2026-06-13
58,BOS,General Edward Lawrence Logan International,213791,101547667.0,2019-01-01,2026-06-13
59,BPT,Southeast Texas Regional Airport,5920,229391.0,2019-01-01,2026-06-13
60,BQK,Brunswick Golden Isles,8080,319691.0,2019-01-01,2026-06-13
61,BQN,Rafael Hernandez,26985,2756974.0,2019-01-01,2026-06-13
62,BRD,Brainerd Lakes Regional,4685,138571.0,2019-01-01,2026-06-13
63,BRL,Southeast Iowa Regional,7836,34512.0,2019-01-01,2026-06-13
64,BRO,Brownsville/South Padre Island International,26135,1078870.0,2019-01-01,2026-06-13
65,BRW,Wiley Post-Will Rogers Memorial,4660,254096.0,2019-01-01,2026-06-13
66,BTM,Bert Mooney,5438,151214.0,2019-01-01,2026-06-13
67,BTR,"Baton Rouge Metropolitan, Ryan Field",47439,3478368.0,2019-01-01,2026-06-13
68,BTV,Burlington International,52129,4017846.0,2019-01-01,2026-06-13
69,BUF,Buffalo Niagara International,52706,17608416.0,2019-01-01,2026-06-13
70,BUR,Burbank-Glendale-Pasadena,130638,36337819.0,2019-01-01,2026-06-13
71,BWI,Baltimore/Washington International Thurgood Marshall,122353,41074977.0,2019-01-01,2026-06-13
72,BZN,Bozeman Yellowstone International,42992,8390954.0,2019-01-01,2026-06-13
73,CAE,Columbia Metropolitan,42669,4529426.0,2019-01-01,2026-06-13
74,CAK,Akron-Canton Regional,39662,2654595.0,2019-01-01,2026-06-13
75,CDB,Cold Bay Airport,185,7628.0,2020-05-16,2021-08-14
76,CDC,Cedar City Municipal,7299,128702.0,2019-01-01,2026-06-13
77,CDR,Chadron Municipal,4056,21517.0,2019-01-01,2026-06-13
78,CDV,"Merle K. ""Mudhole"" Smith",6606,134799.0,2019-01-02,2026-06-13
79,CEC,Jack Mc Namara Field,3250,55826.0,2019-01-01,2026-06-13
80,CEF,Chicopee,2,47.0,2020-07-19,2020-07-19
81,CEZ,Cortez Municipal,10652,60637.0,2019-01-01,2026-06-13
82,CGI,Cape Girardeau Municipal,4833,69606.0,2019-01-01,2026-06-13
83,CHA,Chattanooga Metropolitan,44928,3936695.0,2019-01-01,2026-06-13
84,CHO,Charlottesville/Albemarle,40459,2305983.0,2019-01-01,2026-06-13
85,CHS,Charleston AFB/International,46500,19137632.0,2019-01-01,2026-06-13
86,CID,The Eastern Iowa,66019,9895599.0,2019-01-01,2026-06-13
87,CIU,Chippewa County International,11265,1304635.0,2019-01-01,2026-06-13
88,CKB,North Central West Virginia,19756,2794522.0,2019-01-01,2026-06-13
89,CLD,McClellan-Palomar,1721,75613.0,2025-02-16,2026-06-13
90,CLE,Cleveland-Hopkins International,119056,35562815.0,2019-01-01,2026-06-13
91,CLL,Easterwood Field,49024,11134551.0,2019-01-01,2026-06-13
92,CLT,Charlotte/Douglas International,118532,45198778.0,2019-01-01,2026-06-13
93,CMH,John Glenn Columbus International Airport,130979,28466146.0,2019-01-01,2026-06-13
94,CMI,University Of Illinois/Willard,18427,583320.0,2019-01-01,2026-06-13
95,CMX,Houghton County Memorial,8200,196219.0,2019-01-01,2026-06-13
96,CNY,Canyonlands Field Airport,7058,117880.0,2019-01-01,2026-06-13
97,COD,Yellowstone Regional,10837,296354.0,2019-01-01,2026-06-13
98,COS,City Of Colorado Springs Municipal,44237,7845937.0,2019-01-01,2026-06-13
99,COU,Columbia Regional,21429,841306.0,2019-01-01,2026-06-13
100,CPR,Casper/Natrona County International,22543,664210.0,2019-01-01,2026-06-13
101,CRP,Corpus Christi International,42464,2834355.0,2019-01-01,2026-06-13
102,CRQ,McClellan-Palomar,16,858.0,2025-11-02,2025-11-08
103,CRW,West Virginia International Yeager,38463,1742156.0,2019-01-01,2026-06-13
104,CSG,Columbus Metropolitan,9168,455724.0,2019-01-01,2026-06-13
105,CVG,Cincinnati/Northern Kentucky International,54305,29156252.0,2019-01-01,2026-06-13
106,CVN,Clovis Regional,3115,59766.0,2021-06-01,2026-06-13
107,CWA,Central Wisconsin,20793,741407.0,2019-01-01,2026-06-13
108,CYS,Cheyenne Regional/Jerry Olson Field,7089,139714.0,2019-01-01,2026-06-13
109,DAB,Daytona Beach International,33823,2603581.0,2019-01-01,2026-06-13
110,DAL,Dallas Love Field,52790,36622263.0,2019-01-01,2026-06-08
111,DAY,James M Cox Dayton International,72578,13561030.0,2019-01-01,2026-06-13
112,DBQ,Dubuque Regional,13001,2484252.0,2019-01-01,2026-04-08
113,DCA,Washington Reagan National,128404,61168412.0,2019-01-01,2026-06-13
114,DDC,Dodge City Regional,5860,1037093.0,2019-01-01,2026-06-13
115,DEC,Decatur,7677,1108961.0,2019-01-01,2026-06-13
116,DEN,Denver International,134241,139220119.0,2019-01-01,2026-06-13
117,DFW,Dallas-Fort Worth International,668646,150370918.0,2019-01-01,2026-06-13
118,DHN,Dothan Regional,14253,353584.0,2019-01-01,2026-06-13
119,DIK,Dickinson/Theodore Roosevelt Regional,8954,170365.0,2019-01-01,2026-06-13
120,DLG,Dillingham,3557,155574.0,2019-06-07,2026-06-13
121,DLH,Duluth International,33846,1017062.0,2019-01-01,2026-06-13
122,DRO,Durango-La Plata County,36438,1716301.0,2019-01-01,2026-06-13
123,DRT,Del Rio Texas International Airport,2620,86761.0,2019-01-01,2023-04-03
124,DSM,Des Moines International,49301,11351657.0,2019-01-01,2026-06-13
125,DTW,Detroit Metropolitan Wayne County,307063,79746715.0,2019-01-01,2026-06-13
126,DUJ,Dubois-Jefferson County,11773,39369.0,2019-01-01,2026-06-13
127,DVL,Devils Lake Regional,5154,61964.0,2019-01-01,2026-06-13
128,EAR,Kearney Regional,5106,153873.0,2019-01-01,2026-06-13
129,EAT,Pangborn Memorial,10573,334214.0,2019-01-01,2026-06-13
130,EAU,Chippewa Valley Regional,4875,156973.0,2019-01-01,2026-06-13
131,ECP,Northwest Florida Beaches International,39793,5906970.0,2019-01-01,2026-06-13
132,EGE,Eagle County Regional,21024,1854301.0,2019-01-01,2026-06-13
133,EKO,Elko Regional,3675,105343.0,2019-01-01,2026-06-13
134,ELD,South Arkansas Regional at Goodwin Field,227,1078.0,2026-03-16,2026-06-13
135,ELM,Elmira/Corning Regional,18638,728433.0,2019-01-01,2026-06-13
136,ELP,El Paso International,55992,13237372.0,2019-01-01,2026-06-13
137,ENV,Wendover Municipal,1181,63970.0,2019-01-01,2020-03-19
138,ERI,Erie International/Tom Ridge Field,19296,518493.0,2019-01-01,2026-06-13
139,ESC,Delta County,6569,123425.0,2019-01-01,2026-06-13
140,EUG,Mahlon Sweet Field (Eugene),45745,5514404.0,2019-01-01,2026-06-13
141,EVV,Evansville Regional,34109,1871287.0,2019-01-01,2026-06-13
142,EWB,New Bedford Regional,223,10278.0,2025-09-29,2025-11-07
143,EWN,Coastal Carolina Regional,26821,1202490.0,2019-01-01,2026-06-13
144,EWR,Newark Liberty International,303607,145812705.0,2019-01-01,2026-06-11
145,EYW,Key West International,41390,5329607.0,2019-01-01,2026-06-13
146,FAI,Fairbanks International,57424,3591922.0,2019-01-01,2026-06-13
147,FAR,Hector International,42905,3739332.0,2019-01-01,2026-06-13
148,FAT,Fresno Yosemite International,60073,8754305.0,2019-01-01,2026-06-13
149,FAY,Fayetteville Regional/Grannis Field,37815,1824781.0,2019-01-01,2026-06-13
150,FCA,Glacier Park International,38453,3301906.0,2019-01-01,2026-06-13
151,FIS,53,20,2336.0,2025-11-03,2026-05-09
152,FKL,Venango Regional,972,106287.0,2019-01-01,2019-10-18
153,FLG,Flagstaff Pulliam,23446,1599476.0,2019-01-01,2026-06-13
154,FLL,Fort Lauderdale/Hollywood International,241187,110836885.0,2019-01-01,2026-06-13
155,FLO,Florence Regional,11469,212647.0,2019-01-01,2026-06-13
156,FMN,Four Corners Regional,794,12942.0,2025-05-18,2026-06-13
157,FNL,Fort Collins-Loveland Municipal,444,16457.0,2019-01-10,2026-05-20
158,FNT,Bishop International,39917,2386181.0,2019-01-01,2026-06-13
159,FOD,Fort Dodge Municipal,5691,52357.0,2019-01-01,2026-06-13
160,FOE,Forbes Field,14,1590.0,2019-03-06,2020-03-03
161,FSD,Joe Foss Field,46241,4893720.0,2019-01-01,2026-06-13
162,FSM,Fort Smith Municipal,18567,500509.0,2019-01-01,2026-06-13
163,FWA,Fort Wayne International,41628,3254318.0,2019-01-01,2026-06-13
164,GCC,Northeast Wyoming Regional,9834,243328.0,2019-01-01,2026-06-13
165,GCK,Garden City Municipal,9626,282647.0,2019-01-01,2026-06-13
166,GDV,Dawson Community,5199,36636.0,2019-01-01,2026-06-13
167,GEG,Spokane International,90956,13868326.0,2019-01-01,2026-06-13
168,GFK,Grand Forks International,19655,687324.0,2019-01-01,2026-06-13
169,GGG,East Texas Regional,11958,240866.0,2019-01-01,2026-06-13
170,GGW,Wokal Field/Glasgow-Valley County,5054,22191.0,2019-01-01,2026-06-13
171,GJT,Grand Junction Regional,37568,2058399.0,2019-01-01,2026-06-13
172,GLH,Mid Delta Regional Airport  (Greenville Municipal),3199,42114.0,2019-01-01,2026-06-13
173,GNV,Gainesville Regional,36996,1983662.0,2019-01-01,2026-06-13
174,GPI,Glacier Park Intl.,3,140.0,2020-01-02,2022-07-03
175,GPT,Gulfport-Biloxi International,58930,3689364.0,2019-01-01,2026-06-13
176,GRB,Green Bay/Austin Straubel International,40229,1746716.0,2019-01-01,2026-06-13
177,GRI,Central Nebraska Regional,8769,522293.0,2019-01-01,2026-06-13
178,GRK,Killeen-Ft. Hood Regional,24941,905728.0,2019-01-01,2026-06-13
179,GRR,Gerald R Ford International,44096,13969605.0,2019-01-01,2026-06-13
180,GSN,Saipan,730,55881.0,2019-03-08,2025-11-08
181,GSO,Piedmont Triad International,81955,6979294.0,2019-01-01,2026-06-13
182,GSP,Greenville Spartanburg International,46409,8923193.0,2019-01-01,2026-06-13
183,GST,Gustavus,797,38234.0,2019-06-07,2026-06-13
184,GTF,Great Falls International,30039,1290954.0,2019-01-01,2026-06-13
185,GTR,Golden Triangle Regional,7245,352088.0,2019-01-01,2026-06-13
186,GUC,Gunnison-Crested Butte Regional,11605,390355.0,2019-01-01,2026-06-13
187,GUF,Gulf Shores International/Jack Edwards Field,1435,76525.0,2025-05-21,2026-06-13
188,GUM,Antonio B. Won Pat International,61082,7719540.0,2019-01-01,2026-06-13
189,HDN,Yampa Valley,18197,1540541.0,2019-01-01,2026-06-13
190,HGR,Hagerstown Regional/Richard A Henson Field,5099,300480.0,2019-01-01,2026-06-13
191,HHH,Hilton Head,28584,2177601.0,2019-01-01,2026-06-13
192,HIB,Range Regional,4676,142187.0,2019-01-01,2026-06-13
193,HLN,Helena Regional,21971,1028294.0,2019-01-01,2026-06-13
194,HNL,Daniel K. Inouye International Airport,177252,57645185.0,2019-01-01,2026-06-13
195,HOB,Lea County Regional,4771,174875.0,2019-01-01,2026-06-13
196,HOU,William P Hobby,52547,32266780.0,2019-01-01,2026-06-11
197,HPN,Westchester County,44746,7119187.0,2019-01-01,2026-06-13
198,HRL,Rio Grande Valley International,42765,3300824.0,2019-01-01,2026-06-13
199,HSV,Huntsville International-Carl T Jones Field,43419,5453294.0,2019-01-01,2026-06-13
200,HTS,Tri-State/Milton J Ferguson Field,21962,977333.0,2019-01-01,2026-06-13
201,HVN,Tweed/New Haven,30851,3626549.0,2019-01-01,2026-06-13
202,HVR,Havre City-County,6181,179386.0,2019-01-01,2026-06-13
203,HXD,Hilton Head Island Airport,555,115714.0,2019-03-08,2025-11-08
204,HYA,Cape Cod Gateway,10865,715082.0,2019-01-01,2026-06-13
205,HYS,Hays Regional,8538,651456.0,2019-01-01,2026-06-13
206,IAD,Washington-Dulles International,183163,62168314.0,2019-01-01,2026-06-13
207,IAG,Niagara Falls International,8387,675354.0,2019-01-01,2026-06-12
208,IAH,George Bush Intercontinental/Houston,331697,109761017.0,2019-01-01,2026-06-12
209,ICT,Wichita Dwight D Eisenhower National,43350,6221186.0,2019-01-01,2026-06-13
210,IDA,Idaho Falls Municipal,36067,2125237.0,2019-01-01,2026-06-13
211,IFP,Laughlin/Bullhead International,8296,597755.0,2019-01-01,2026-06-13
212,ILG,Wilmington New Castle Airport,8476,555890.0,2021-02-23,2026-06-13
213,ILM,Wilmington International,72550,16830112.0,2019-01-01,2026-06-13
214,IMT,Ford,12000,2629665.0,2019-01-01,2026-06-13
215,IND,Indianapolis International,69212,18839436.0,2019-01-01,2026-06-13
216,INL,Falls International/Einarson Field,4647,103168.0,2019-01-01,2026-06-13
217,IPL,Imperial County,8457,41822.0,2019-01-01,2026-06-13
218,IPT,Williamsport Regional,3361,42714.0,2019-01-01,2026-06-13
219,IRK,Kirksville Regional,6582,36827.0,2019-01-01,2026-06-13
220,ISN,Sloulin Field International,2148,66929.0,2019-01-01,2019-10-09
221,ISP,Long Island Mac Arthur,41202,5241963.0,2019-01-01,2026-06-13
222,ITH,Ithaca Tompkins International Airport,17502,539183.0,2019-01-01,2026-06-13
223,ITO,Hilo International,45142,4588647.0,2019-01-01,2026-06-13
224,IWA,Phoenix-Mesa Gateway,384,64256.0,2019-01-24,2025-11-08
225,IWD,Ironwood,5808,54256.0,2019-01-01,2026-06-12
226,JAC,Jackson Hole,29864,3633080.0,2019-01-01,2026-06-13
227,JAN,Jackson-Medgar Wiley Evers International,71207,4498985.0,2019-01-01,2026-06-13
228,JAX,Jacksonville International,71202,30299453.0,2019-01-01,2026-06-13
229,JFK,John F. Kennedy International,335182,184094227.0,2019-01-01,2026-06-13
230,JHM,Kapalua,2519,30899.0,2019-01-01,2020-03-24
231,JLN,Joplin Regional,8247,199176.0,2019-01-01,2026-06-13
232,JMS,Jamestown Regional,4634,80089.0,2019-01-01,2026-06-13
233,JNU,Juneau International,47821,2259115.0,2019-01-01,2026-06-13
234,JQF,Concord-Padgett Regional Airport,61,9681.0,2019-03-08,2020-03-07
235,JST,John Murtha Johnstown/Cambria County,6006,101662.0,2019-01-01,2026-06-13
236,KOA,Ellison Onizuka Kona International at Keahole,54746,13226031.0,2019-01-01,2026-06-13
237,KTN,Ketchikan International,33437,976320.0,2019-01-01,2026-06-13
238,LAF,Purdue University,2266,22178.0,2024-05-15,2026-06-13
239,LAL,Lakeland Linder International,2774,185515.0,2024-06-13,2026-06-12
240,LAN,Capital Region International,39523,1583963.0,2019-01-01,2026-06-13
241,LAR,Laramie Regional,7997,251231.0,2019-01-01,2026-06-13
242,LAS,Harry Reid International Airport,293586,157318709.0,2019-01-01,2026-06-13
243,LAW,Lawton-Fort Sill Regional,10023,771200.0,2019-01-01,2026-06-13
244,LAX,Los Angeles International,546584,220891036.0,2019-01-01,2026-06-13
245,LBB,Lubbock Preston Smith International,40388,4018633.0,2019-01-01,2026-06-13
246,LBE,Arnold Palmer Regional,11391,708650.0,2019-01-01,2026-05-04
247,LBF,North Platte Regional/Lee Bird Field,4469,109360.0,2019-01-01,2026-06-13
248,LBL,Liberal Mid-America Regional,4437,58155.0,2019-01-01,2026-06-13
249,LCH,Lake Charles Regional,20618,629269.0,2019-01-01,2026-06-13
250,LCK,Rickenbacker International,15781,1084278.0,2019-01-01,2026-06-13
251,LEB,Lebanon Municipal,11288,45265.0,2019-01-01,2026-06-13
252,LEX,Blue Grass,44961,5336270.0,2019-01-01,2026-06-13
253,LFT,Lafayette Regional/Paul Fournet Field,38869,2239350.0,2019-01-01,2026-06-13
254,LGA,LaGuardia,196819,89157447.0,2019-01-01,2026-06-10
255,LGB,Long Beach (Daugherty Field),54280,11384166.0,2019-01-01,2026-06-13
256,LIH,Lihue,57483,11048688.0,2019-01-01,2026-06-13
257,LIT,Bill and Hillary Clinton National/Adams Field,44261,8379777.0,2019-01-01,2026-06-13
258,LNK,Lincoln Municipal,29428,934286.0,2019-01-01,2026-06-13
259,LNS,Lancaster,9575,62384.0,2019-01-01,2026-06-13
260,LNY,Lanai City,4381,78021.0,2019-01-01,2021-01-14
261,LRD,Laredo International,23345,873691.0,2019-01-01,2026-06-13
262,LSE,La Crosse,16860,472154.0,2019-01-01,2026-06-13
263,LWB,Greenbrier Valley,7731,71157.0,2019-01-01,2026-06-13
264,LWS,Lewiston - Nez Perce County,10896,293533.0,2019-01-01,2026-06-13
265,LYH,Lynchburg Regional/Preston Glenn Field,14562,590820.0,2019-01-01,2026-06-13
266,MAF,Midland International Air And Space Port,43730,5290260.0,2019-01-01,2026-06-13
267,MBL,Manistee County Blacker,5594,44747.0,2019-01-01,2026-06-13
268,MBS,MBS International,43010,1886957.0,2019-01-01,2026-06-13
269,MCE,Merced,7696,210926.0,2019-01-01,2026-06-13
270,MCI,Kansas City International,147988,35567267.0,2019-01-01,2026-06-12
271,MCK,Mc Cook Ben Nelson Regional,4592,96903.0,2019-01-01,2026-06-13
272,MCN,Middle Georgia Regional,4933,234980.0,2019-01-01,2026-06-13
273,MCO,Orlando International,176001,166882722.0,2019-01-01,2026-06-13
274,MCW,Mason City Municipal,7932,51213.0,2019-01-01,2026-06-13
275,MDT,Harrisburg International,44761,5478970.0,2019-01-01,2026-06-13
276,MDW,Chicago Midway International,63984,44540801.0,2019-01-01,2026-06-13
277,MEI,Key Field,5253,162683.0,2019-01-01,2026-06-13
278,MEM,Memphis International,59722,17309593.0,2019-01-01,2026-06-13
279,MFE,Mc Allen Miller International,45825,4062764.0,2019-01-01,2026-06-13
280,MFR,Rogue Valley International - Medford,43902,3913628.0,2019-01-01,2026-06-13
281,MGM,Dannelly Field (Montgomery Regional Airport),36646,1529370.0,2019-01-01,2026-06-13
282,MGW,Morgantown Municipal (Walter L Bill Hart Field),10423,96583.0,2019-01-01,2026-06-13
283,MHK,Manhattan Regional,11044,532399.0,2019-01-01,2026-06-13
284,MHT,Manchester Boston Regional,53076,9392166.0,2019-01-01,2026-06-13
285,MIA,Miami International,463912,146709699.0,2019-01-01,2026-06-13
286,MKE,Milwaukee Mitchell International,90609,21054536.0,2019-01-01,2026-06-13
287,MKG,Muskegon County,5292,78743.0,2019-01-01,2026-06-13
288,MKK,Hoolehua,2819,50175.0,2019-01-01,2021-01-14
289,MKL,Mc Kellar-Sipes Regional,2700,20345.0,2022-09-30,2026-06-13
290,MLB,Melbourne Orlando International,39497,2649297.0,2019-01-01,2026-06-13
291,MLI,Quad Cities International,38257,2227178.0,2019-01-01,2026-06-13
292,MLU,Monroe Regional,23144,815617.0,2019-01-01,2026-06-13
293,MMH,Mammoth Lakes,867,26093.0,2019-01-01,2020-08-18
294,MOB,Bates Field Airport,39515,2400435.0,2019-01-01,2026-06-13
295,MOT,Minot International,25139,1238346.0,2019-01-01,2026-06-13
296,MQT,Gwinn,13457,408900.0,2019-01-01,2026-06-13
297,MRY,Monterey Regional Airport,65418,5031783.0,2019-01-01,2026-06-13
298,MSL,Northwest Alabama Regional,10334,574400.0,2019-01-01,2026-06-13
299,MSN,Dane County Regional/Truax Field,47009,3746693.0,2019-01-01,2026-06-13
300,MSO,Missoula International,42177,4108143.0,2019-01-01,2026-06-13
301,MSP,Minneapolis-St Paul International/Wold-Chamberlain,193402,82161499.0,2019-01-01,2026-06-13
302,MSS,Massena International-Richards Field,7270,65035.0,2019-01-01,2026-06-13
303,MSY,Louis Armstrong New Orleans International,59345,41869428.0,2019-01-01,2026-06-13
304,MTJ,Montrose Regional,21129,1642240.0,2019-01-01,2026-06-13
305,MVY,Martha's Vineyard,16264,492141.0,2019-01-01,2026-06-13
306,MWA,Marion,9465,78714.0,2019-01-01,2026-06-13
307,MYR,Myrtle Beach International,47470,11794220.0,2019-01-01,2026-06-13
308,NYL,Yuma International,269,17939.0,2019-03-08,2025-11-08
309,OAJ,Albert J Ellis,38158,1658396.0,2019-01-01,2026-06-13
310,OAK,San Francisco Bay Oakland International,105601,32500645.0,2019-01-01,2026-06-13
311,OGD,Ogden,2214,107058.0,2019-01-04,2026-06-11
312,OGG,"Kahului, Maui",64704,22652083.0,2019-01-01,2026-06-13
313,OGS,Ogdensburg International,5476,147761.0,2019-01-01,2026-06-13
314,OKC,Will Rogers World,81777,20832759.0,2019-01-01,2026-06-13
315,OLF,L M Clayton,9691,765786.0,2019-01-01,2026-06-13
316,OMA,Eppley Airfield,50888,11005332.0,2019-01-01,2026-06-13
317,OME,Nome,6208,424085.0,2019-01-01,2026-06-13
318,ONT,Ontario International,225666,86191702.0,2019-01-01,2026-06-13
319,ORD,Chicago O'Hare International,498187,111805872.0,2019-01-01,2026-06-13
320,ORF,Norfolk International,85183,16042288.0,2019-01-01,2026-06-13
321,ORH,Worcester Regional,15237,745297.0,2019-01-01,2026-06-13
322,OTH,Southwest Oregon Regional,4600,147520.0,2019-01-01,2026-06-13
323,OTZ,Ralph Wien Memorial,8337,313877.0,2019-01-01,2026-06-13
324,OWB,Owensboro/Daviess County Regional,7706,157642.0,2019-01-01,2026-06-13
325,PAE,Snohomish County Airport-Paine Field,30717,2137470.0,2019-03-05,2026-06-13
326,PAH,Barkley Regional,5286,215841.0,2019-01-01,2026-06-13
327,PBG,Plattsburgh International,15090,795986.0,2019-01-01,2026-06-13
328,PBI,West Palm Beach International,90209,29635497.0,2019-01-01,2026-06-13
329,PDX,Portland International Airport,122329,54450635.0,2019-01-01,2026-06-13
330,PGA,Page Municipal,4709,88533.0,2019-01-01,2026-06-13
331,PGD,Punta Gorda,39343,7475638.0,2019-01-01,2026-06-13
332,PGV,Pitt-Greenville,16036,561613.0,2019-01-01,2026-06-13
333,PHF,Newport News/Williamsburg International,67701,11091495.0,2019-01-01,2026-06-13
334,PHL,Philadelphia International,221306,67580200.0,2019-01-01,2026-06-13
335,PHX,Phoenix Sky Harbor International,263151,127553262.0,2019-01-01,2026-06-13
336,PIA,General Downing - Peoria International,39285,2499751.0,2019-01-01,2026-06-13
337,PIB,Hattiesburg/Laurel Regional,4994,118909.0,2019-01-01,2026-06-13
338,PIE,St Petersburg-Clearwater International,62736,8764140.0,2019-01-01,2026-06-13
339,PIH,Pocatello Regional,10103,260700.0,2019-01-01,2026-06-13
340,PIR,Pierre Regional,5282,138557.0,2019-01-01,2026-06-13
341,PIT,Pittsburgh International,77673,31520303.0,2019-01-01,2026-06-13
342,PKB,Mid-Ohio Valley Regional,4918,48867.0,2019-01-01,2026-06-13
343,PLN,Pellston Regional/Emmet County,7909,225759.0,2019-01-01,2026-06-13
344,PNS,Pensacola Gulf Coast Regional,43523,10106876.0,2019-01-01,2026-06-13
345,PPG,Pago Pago International,2050,173984.0,2019-01-03,2026-06-12
346,PQI,Presque Isle International Airport,8515,137737.0,2019-01-01,2026-06-13
347,PRC,Prescott Regional - Ernest A Love Field,12909,195381.0,2019-01-01,2026-06-13
348,PSC,Tri-Cities,40388,3243285.0,2019-01-01,2026-06-13
349,PSE,Mercedita,12486,801615.0,2019-01-01,2026-06-13
350,PSG,Petersburg James A Johnson,5979,166370.0,2019-01-01,2026-06-13
351,PSM,Portsmouth International at Pease,9059,440606.0,2019-01-01,2026-06-13
352,PSP,Palm Springs International,43773,11278068.0,2019-01-01,2026-06-13
353,PUB,Pueblo Memorial,4982,48869.0,2019-01-01,2026-06-13
354,PUW,Pullman/Moscow Regional,9090,498284.0,2019-01-01,2026-06-13
355,PVC,Provincetown Municipal,8469,48574.0,2019-01-01,2026-06-13
356,PVD,Rhode Island TF Green International,45967,13140580.0,2019-01-01,2026-06-13
357,PVU,Provo Municipal,21257,2226880.0,2019-01-01,2026-06-13
358,PWM,Portland International Jetport,44739,8049079.0,2019-01-01,2026-06-13
359,RAP,Rapid City Regional,40245,2847371.0,2019-01-01,2026-06-13
360,RDD,Redding Municipal,17538,625020.0,2019-01-01,2026-06-13
361,RDG,Reading Regional/Carl A Spaatz Field,38,2947.0,2019-02-27,2025-03-23
362,RDM,Roberts Field,57030,7713691.0,2019-01-01,2026-06-13
363,RDU,Raleigh-Durham International,101629,44139832.0,2019-01-01,2026-06-13
364,RFD,Chicago/Rockford International,16589,1000185.0,2019-01-01,2026-06-13
365,RHI,Rhinelander/Oneida County,10352,252665.0,2019-01-01,2026-06-13
366,RIC,Richard E Byrd International,87004,16007935.0,2019-01-01,2026-06-13
367,RIW,Central Wyoming Regional,8748,126860.0,2019-01-01,2026-06-13
368,RKD,Knox County Regional,9363,45756.0,2019-01-01,2026-06-13
369,RKS,Rock Springs-Sweetwater County,7931,151614.0,2019-01-01,2026-06-13
370,RNO,Reno/Tahoe International,52383,15690468.0,2019-01-01,2026-06-13
371,ROA,Roanoke/Blacksburg Regional (Woodrum Field),42098,2730208.0,2019-01-01,2026-06-13
372,ROC,Frederick Douglass/Greater Rochester International,50266,10314404.0,2019-01-01,2026-06-13
373,ROW,Roswell Air Center,10024,458250.0,2019-01-01,2026-06-13
374,RST,Rochester International,50845,5794348.0,2019-01-01,2026-06-13
375,RSW,Southwest Florida International,141597,32800683.0,2019-01-01,2026-06-13
376,RUT,Rutland - Southern Vermont Regional,7588,52417.0,2019-01-01,2026-06-13
377,SAF,Santa Fe Municipal,35513,1715960.0,2019-01-01,2026-06-13
378,SAN,San Diego Intl-Lindbergh Field,196686,79916872.0,2019-01-01,2026-06-13
379,SAT,San Antonio International,94272,34818101.0,2019-01-01,2026-06-13
380,SAV,Savannah/Hilton Head International,44087,12911100.0,2019-01-01,2026-06-13
381,SAW,Sawyer International,103,3041.0,2021-12-04,2025-11-08
382,SBA,Santa Barbara Municipal,42417,4462105.0,2019-01-01,2026-06-13
383,SBD,San Bernardino International,2983,96938.0,2022-08-04,2026-06-12
384,SBN,South Bend International,41656,3304546.0,2019-01-01,2026-06-13
385,SBP,San Luis County Regional,42004,2402177.0,2019-01-01,2026-06-13
386,SBY,Salisbury-Ocean City Wicomico Regional,14881,491918.0,2019-01-01,2026-06-13
387,SCC,Prudhoe Bay,13307,609933.0,2019-01-01,2026-06-13
388,SCE,University Park,24484,1060650.0,2019-01-01,2026-06-13
389,SCK,Stockton Metropolitan,9705,581794.0,2019-01-01,2026-06-13
390,SDF,Louisville Muhammad Ali International,56669,19476589.0,2019-01-01,2026-06-13
391,SDY,Sidney-Richland Regional,17122,1828534.0,2019-01-01,2026-06-13
392,SEA,Seattle-Tacoma International,240973,111067190.0,2019-01-01,2026-06-12
393,SFB,Orlando Sanford International,41351,10542595.0,2019-01-01,2026-06-13
394,SFO,San Francisco International,354397,138176080.0,2019-01-01,2026-06-12
395,SGF,Springfield-Branson National,57264,4959561.0,2019-01-01,2026-06-13
396,SGU,St. George Municipal,28987,1322118.0,2019-01-01,2026-06-13
397,SHD,Shenandoah Valley Regional,4810,86295.0,2019-01-01,2026-06-13
398,SHR,Sheridan County Airport,10131,185723.0,2019-01-01,2026-06-13
399,SHV,Shreveport Regional,61469,7121877.0,2019-01-01,2026-06-13
400,SIT,Sitka Rocky Gutierrez,29852,5230403.0,2019-01-01,2026-06-13
401,SJC,Norman Y Mineta San Jose International,72053,28666198.0,2019-01-01,2026-06-13
402,SJT,Mathis Field (San Angelo Regional Airport),18139,1413434.0,2019-01-01,2026-06-13
403,SJU,Luis Munoz Marin International,106850,42018166.0,2019-01-01,2026-06-13
404,SLC,Salt Lake City International,78716,56926972.0,2019-01-01,2026-06-13
405,SLE,McNary Field,870,45417.0,2023-10-05,2025-08-10
406,SLK,Adirondack Regional,7041,112360.0,2019-01-01,2026-06-13
407,SLN,Salina Municipal Airport,6198,290719.0,2019-01-01,2026-06-13
408,SMF,Sacramento International Airport,106887,41303299.0,2019-01-02,2026-06-13
409,SMX,Santa Maria Public/Capt G Allan Hancock Field,4400,166693.0,2019-01-02,2026-06-11
410,SNA,John Wayne/Orange County,118331,35662527.0,2019-01-01,2026-06-13
411,SOW,Show Low Regional,6238,42843.0,2019-01-01,2026-06-13
412,SPI,Abraham Lincoln Capital,14734,452420.0,2019-01-01,2026-06-13
413,SPN,Francisco C Ada/Saipan International,32284,1607384.0,2019-01-01,2026-06-13
414,SPS,Sheppard AFB/ Wichita Falls Regional,11022,254966.0,2019-01-01,2026-06-13
415,SRQ,Sarasota/Bradenton International,50622,14234345.0,2019-01-01,2026-06-13
416,STC,St Cloud Regional,2417,186469.0,2019-01-02,2026-06-13
417,STL,St. Louis Lambert International,175603,39546188.0,2019-01-01,2026-06-13
418,STS,Charles M Schulz - Sonoma County,33041,2222446.0,2019-01-01,2026-06-13
419,STT,Cyril E. King International,30737,5274815.0,2019-01-01,2026-06-13
420,STX,Henry E. Rohlsen,30855,1741833.0,2019-01-01,2026-06-13
421,SUN,Friedman Memorial,18667,843334.0,2019-01-01,2026-06-13
422,SUX,Sioux Gateway/Brig General Bud Day Field,7221,229405.0,2019-01-01,2026-06-13
423,SWF,New York Stewart International,25493,1049217.0,2019-01-01,2026-06-13
424,SWO,Stillwater Regional,6556,204544.0,2019-01-01,2026-06-13
425,SYR,Syracuse Hancock International,45973,9420249.0,2019-01-01,2026-06-13
426,TBN,Waynesville-St Robert Regional Forney Field,5104,52082.0,2019-01-01,2026-06-13
427,TEX,Telluride Regional Airport,5133,59123.0,2019-01-01,2026-06-13
428,TLH,Tallahassee International,44151,3704962.0,2019-01-01,2026-06-13
429,TOL,Swanton,17092,1189396.0,2019-01-01,2026-06-13
430,TPA,Tampa International,185884,75795136.0,2019-01-01,2026-06-13
431,TRI,Tri City Regional,42891,1741388.0,2019-01-01,2026-06-13
432,TTN,Trenton Mercer Airport,25455,1978907.0,2019-01-01,2026-06-13
433,TUL,Tulsa International,44577,11405480.0,2019-01-01,2026-06-13
434,TUP,Tupelo Regional,6250,130589.0,2019-01-01,2026-06-13
435,TUS,Tucson International,78988,13114527.0,2019-01-01,2026-06-13
436,TVC,Cherry Capital,37405,2822514.0,2019-01-01,2026-06-13
437,TVF,Thief River Falls Regional,4955,54247.0,2019-01-01,2026-06-13
438,TWF,Joslin Field/Magic Valley Regional,10923,247177.0,2019-01-01,2026-06-13
439,TXK,Texarkana Regional-Webb Field,12291,286925.0,2019-01-01,2026-06-13
440,TYR,Tyler Pounds Regional Airport,12913,384324.0,2019-01-01,2026-06-13
441,TYS,Mc Ghee Tyson,44185,10059507.0,2019-01-01,2026-06-13
442,UIN,Quincy Regional-Baldwin Field,8508,45523.0,2019-01-01,2026-06-13
443,UNV,University Park,203,10611.0,2019-03-08,2025-11-08
444,USA,Concord-Padgett Regional,16965,1137159.0,2019-01-01,2026-06-13
445,UST,Northeast Florida Regional Airport,74,1352.0,2021-11-19,2022-06-03
446,VCT,Victoria Regional,6384,67674.0,2019-01-01,2026-06-13
447,VEL,Vernal Regional Airport,4456,90135.0,2019-01-01,2026-06-13
448,VLD,Valdosta Regional Airport,9975,346529.0,2019-01-01,2026-06-13
449,VPS,Northwest Florida Regional Airport,55148,7621148.0,2019-01-01,2026-06-13
450,VRB,Vero Beach Regional,7919,456094.0,2019-01-01,2026-06-13
451,WRG,Wrangell,6548,111404.0,2019-01-01,2026-06-13
452,WYS,Yellowstone Airport,2921,73692.0,2019-05-09,2026-06-13
453,XNA,Northwest Arkansas National,43942,7012714.0,2019-01-01,2026-06-13
454,XWA,Williston Basin International,17039,538532.0,2019-10-10,2026-06-13
455,YAK,Yakutat,6053,100828.0,2019-01-02,2026-06-13
456,YKM,Yakima Air Terminal/Mcallister Field,11486,321073.0,2019-01-01,2026-06-13
457,YNG,Youngstown-Warren Regional,4,193.0,2019-01-18,2019-02-06
458,YUM,Yuma MCAS/Yuma International,14480,678501.0,2019-01-01,2026-06-13
