aircraftId,tailNumber
0,UNKNOWN
1,
2,188NV
3,189NV
4,190NV
5,191NV
6,192NV
7,193NV
8,194NV
9,195NV
10,196NV
11,197NV
12,198NV
13,199NV
14,202NV
15,203NV
16,204NV
17,205NV
18,206NV
19,207NV
20,208NV
21,209NV
22,210NV
23,211NV
24,212NV
25,215NV
26,216NV
27,217NV
28,218NV
29,219NV
30,220NV
31,221NV
32,222NV
33,223NV
34,224NV
35,225NV
36,226NV
37,227NV
38,228NV
39,229NV
40,230NV
41,231NV
42,232NV
43,233NV
44,234NV
45,235NV
46,236NV
47,237NV
48,238NV
49,239NV
50,240NV
51,241NV
52,242NV
53,243NV
54,244NV
55,245NV
56,246NV
57,247NV
58,248NV
59,249NV
60,250NV
61,251NV
62,252NV
63,253NV
64,254NV
65,255NV
66,256NV
67,257NV
68,258NV
69,259NV
70,260NV
71,261NV
72,262NV
73,271NV
74,272NV
75,273NV
76,274NV
77,275NV
78,276NV
79,277NV
80,278NV
81,279NV
82,280NV
83,281NV
84,282NV
85,283NV
86,284NV
87,285NV
88,286NV
89,287NV
90,288NV
91,289NV
92,290NV
93,291NV
94,292NV
95,293NV
96,294NV
97,295NV
98,296NV
99,297NV
100,298NV
101,299NV
102,301NV
103,302NV
104,303NV
105,304NV
106,305NV
107,306NV
108,307NV
109,308NV
110,309NV
111,310NV
112,311NV
113,312NV
114,313NV
115,314NV
116,315NV
117,316NV
118,317NV
119,318NV
120,319NV
121,320NV
122,321NV
123,322NV
124,323NV
125,324NV
126,325NV
127,326NV
128,327NV
129,328NV
130,329NV
131,330NV
132,331NV
133,332NV
134,333NV
135,334NV
136,335NV
137,336NV
138,337NV
139,338NV
140,810MG
141,811NV
142,812NV
143,813NV
144,814NV
145,815NV
146,816NV
147,817NV
148,818NV
149,819NV
150,820NV
151,821NV
152,822NV
153,823NV
154,824NV
155,825NV
156,ALL
157,N002JB
158,N016JB
159,N017JB
160,N027JB
161,N029JB
162,N038JB
163,N101DQ
164,N101DU
165,N101HQ
166,N101NK
167,N101NN
168,N102DN
169,N102DU
170,N102HQ
171,N102NN
172,N102UW
173,N103DU
174,N103DY
175,N103HQ
176,N103NN
177,N103SY
178,N103US
179,N104DN
180,N104DU
181,N104HQ
182,N104NN
183,N104UW
184,N10575
185,N105DU
186,N105DX
187,N105HQ
188,N105NK
189,N105NN
190,N105SY
191,N105UW
192,N106DN
193,N106DU
194,N106HQ
195,N106NN
196,N106SY
197,N107DN
198,N107DU
199,N107HQ
200,N107NN
201,N107SY
202,N107US
203,N108DN
204,N108DQ
205,N108HQ
206,N108NN
207,N108SY
208,N108UW
209,N109DN
210,N109DU
211,N109HQ
212,N109NN
213,N109SY
214,N109UW
215,N110AN
216,N110DU
217,N110DX
218,N110HQ
219,N110SY
220,N110UW
221,N11106
222,N11107
223,N11109
224,N11164
225,N11165
226,N11184
227,N11189
228,N11192
229,N111DC
230,N111HQ
231,N111NG
232,N111US
233,N111ZM
234,N11206
235,N112AN
236,N112DN
237,N112DU
238,N112HQ
239,N112US
240,N113AN
241,N113DQ
242,N113DX
243,N113HQ
244,N113SY
245,N114DN
246,N114DU
247,N114HQ
248,N114NN
249,N114SY
250,N114UW
251,N11535
252,N11536
253,N11539
254,N11544
255,N11547
256,N11548
257,N11551
258,N115DN
259,N115DU
260,N115HQ
261,N115NN
262,N116AN
263,N116DN
264,N116DU
265,N116HQ
266,N116SY
267,N117AN
268,N117DU
269,N117DX
270,N117HQ
271,N117SY
272,N117UW
273,N118DU
274,N118DY
275,N118HQ
276,N118NN
277,N118SY
278,N118US
279,N119DN
280,N119DU
281,N119HQ
282,N119NN
283,N119SY
284,N119US
285,N12003
286,N12004
287,N12005
288,N12006
289,N1200K
290,N12010
291,N12012
292,N1201P
293,N12020
294,N12021
295,N12028
296,N120DN
297,N120DU
298,N120EE
299,N120HQ
300,N120SY
301,N12109
302,N12114
303,N12116
304,N12125
305,N12135
306,N12142
307,N12163
308,N12166
309,N12167
310,N12172
311,N121AN
312,N121DU
313,N121DZ
314,N121HQ
315,N121SY
316,N121UW
317,N12201
318,N12216
319,N12218
320,N12221
321,N12225
322,N12238
323,N122DN
324,N122DU
325,N122HQ
326,N122NN
327,N122SY
328,N122US
329,N123DQ
330,N123DW
331,N123HQ
332,N123NN
333,N123UW
334,N124AA
335,N124DU
336,N124DX
337,N124HQ
338,N124SY
339,N124US
340,N12540
341,N12563
342,N12564
343,N12569
344,N125AA
345,N125DN
346,N125DU
347,N125HQ
348,N125SY
349,N125UW
350,N126AN
351,N126DN
352,N126DU
353,N126HQ
354,N126UW
355,N12754
356,N127AA
357,N127DN
358,N127DU
359,N127HQ
360,N127SY
361,N127UW
362,N128AN
363,N128DN
364,N128DU
365,N128HQ
366,N128SY
367,N128UW
368,N12900
369,N129AA
370,N129DN
371,N129DU
372,N129HQ
373,N13013
374,N13014
375,N13018
376,N130AN
377,N130DU
378,N130HQ
379,N130SY
380,N13110
381,N13113
382,N13118
383,N13132
384,N13138
385,N131DU
386,N131EV
387,N131HQ
388,N131NN
389,N131SY
390,N13227
391,N13248
392,N132AN
393,N132DU
394,N132EV
395,N132HQ
396,N132SY
397,N133AN
398,N133DU
399,N133EV
400,N133HQ
401,N133SY
402,N134AN
403,N134DU
404,N134EV
405,N134HQ
406,N134SY
407,N13538
408,N13553
409,N135DQ
410,N135EV
411,N135HQ
412,N135NK
413,N135NN
414,N135SY
415,N136AN
416,N136DQ
417,N136EV
418,N136HQ
419,N136SY
420,N13716
421,N13718
422,N13720
423,N13750
424,N137AA
425,N137DU
426,N137EV
427,N137HQ
428,N138AN
429,N138DU
430,N138EV
431,N138HQ
432,N138SY
433,N13903
434,N13908
435,N13913
436,N13954
437,N13975
438,N13978
439,N13979
440,N13988
441,N13989
442,N13992
443,N13995
444,N139AN
445,N139DU
446,N139SY
447,N14001
448,N14011
449,N14016
450,N14019
451,N1402A
452,N140AN
453,N140DU
454,N140LL
455,N140SY
456,N14102
457,N14105
458,N14106
459,N14107
460,N14115
461,N14118
462,N14120
463,N14121
464,N14148
465,N14158
466,N14180
467,N14188
468,N141DU
469,N141NN
470,N141SY
471,N14203
472,N14214
473,N14219
474,N14228
475,N14230
476,N14231
477,N14235
478,N14237
479,N14240
480,N14242
481,N14249
482,N14250
483,N142AN
484,N142DU
485,N142SY
486,N143AN
487,N143DU
488,N143SY
489,N144AN
490,N144DU
491,N144SY
492,N14502
493,N14503
494,N14504
495,N14506
496,N14507
497,N14509
498,N14511
499,N14512
500,N14515
501,N14517
502,N14518
503,N14520
504,N14521
505,N14523
506,N14524
507,N14527
508,N14528
509,N14529
510,N14530
511,N14531
512,N14533
513,N14534
514,N14536
515,N14539
516,N14540
517,N14541
518,N14542
519,N14544
520,N14545
521,N14546
522,N14548
523,N14549
524,N14553
525,N14554
526,N14558
527,N14562
528,N14565
529,N14568
530,N14570
531,N14573
532,N145AN
533,N145DQ
534,N145SY
535,N146AA
536,N146PQ
537,N146SY
538,N14704
539,N14731
540,N14735
541,N147AA
542,N147NK
543,N147PQ
544,N148AN
545,N148SY
546,N14902
547,N14904
548,N14905
549,N14907
550,N14916
551,N14977
552,N14991
553,N14993
554,N149AN
555,N149SY
556,N150NN
557,N150SY
558,N150UW
559,N151AN
560,N151SY
561,N151UW
562,N152AA
563,N152DL
564,N152NK
565,N152SY
566,N152UW
567,N153AN
568,N153PQ
569,N153SY
570,N153UW
571,N154AA
572,N154DL
573,N154SY
574,N154UW
575,N15555
576,N15572
577,N15574
578,N155DL
579,N155NN
580,N155UW
581,N156AN
582,N156DL
583,N156SY
584,N156UW
585,N15710
586,N15712
587,N15751
588,N157AA
589,N157SY
590,N157UW
591,N158AN
592,N15910
593,N15912
594,N15969
595,N15980
596,N15983
597,N15986
598,N159AN
599,N16008
600,N16009
601,N1602
602,N1603
603,N1604R
604,N1605
605,N16065
606,N1607B
607,N1608
608,N1609
609,N160AN
610,N160SY
611,N1610D
612,N1611B
613,N1612T
614,N1613B
615,N16149
616,N16170
617,N16178
618,N161AA
619,N161PQ
620,N161SY
621,N161UW
622,N16217
623,N16234
624,N162AA
625,N162PQ
626,N162SY
627,N162UW
628,N163AA
629,N163SY
630,N163US
631,N164NN
632,N164SY
633,N16541
634,N16546
635,N16559
636,N16561
637,N16571
638,N165NN
639,N165SY
640,N165US
641,N166NN
642,N166PQ
643,N166SY
644,N16701
645,N16703
646,N16709
647,N16713
648,N16732
649,N167AN
650,N167SY
651,N167US
652,N168SY
653,N16911
654,N16976
655,N16981
656,N16987
657,N169DZ
658,N169UW
659,N17002
660,N17015
661,N17017
662,N170PQ
663,N170SY
664,N170US
665,N17104
666,N17105
667,N17108
668,N17115
669,N17122
670,N17126
671,N17128
672,N17133
673,N17139
674,N17159
675,N17185
676,N17196
677,N171DN
678,N171DZ
679,N171SY
680,N171US
681,N17229
682,N17233
683,N17244
684,N17245
685,N17254
686,N17262
687,N17264
688,N17265
689,N17272
690,N17279
691,N17285
692,N17289
693,N17294
694,N17296
695,N172AJ
696,N172DN
697,N172DZ
698,N172US
699,N17300
700,N17301
701,N17302
702,N17303
703,N17306
704,N17309
705,N17310
706,N17311
707,N17312
708,N17314
709,N17315
710,N17316
711,N17317
712,N17320
713,N17321
714,N17322
715,N17326
716,N17327
717,N17328
718,N17329
719,N17331
720,N17333
721,N17335
722,N17336
723,N17337
724,N17338
725,N17339
726,N17341
727,N17344
728,N17346
729,N17347
730,N17349
731,N17355
732,N17356
733,N17358
734,N17359
735,N17361
736,N17362
737,N17363
738,N17364
739,N17373
740,N173AN
741,N173DZ
742,N173SY
743,N173US
744,N17401
745,N17402
746,N17403
747,N17405
748,N17406
749,N17407
750,N17408
751,N17410
752,N17411
753,N17413
754,N17414
755,N17417
756,N17418
757,N17431
758,N174DN
759,N174DZ
760,N174SY
761,N174US
762,N17529
763,N17550
764,N17557
765,N17560
766,N17564
767,N17565
768,N17566
769,N17574
770,N17583
771,N17589
772,N17591
773,N17593
774,N17594
775,N17595
776,N17596
777,N17597
778,N17599
779,N175AN
780,N175DN
781,N175DZ
782,N175SY
783,N176AA
784,N176DN
785,N176DZ
786,N176PQ
787,N176SY
788,N176UW
789,N17719
790,N17730
791,N17752
792,N17753
793,N177AN
794,N177DN
795,N177DZ
796,N177NK
797,N177SY
798,N177US
799,N177XF
800,N178DN
801,N178DZ
802,N178JB
803,N178SY
804,N178US
805,N17963
806,N17984
807,N179DN
808,N179JB
809,N179SY
810,N179UW
811,N1801U
812,N1802U
813,N1803U
814,N1804U
815,N1805U
816,N1806U
817,N1807U
818,N1808U
819,N1809U
820,N180DN
821,N180US
822,N1810U
823,N18112
824,N18119
825,N1811U
826,N181DN
827,N181GJ
828,N181PQ
829,N181SY
830,N181UW
831,N18220
832,N18223
833,N18243
834,N182DN
835,N182GJ
836,N182SY
837,N182UW
838,N183AN
839,N183DN
840,N183GJ
841,N183JB
842,N183SY
843,N183UW
844,N184AN
845,N184DN
846,N184GJ
847,N184JB
848,N184SY
849,N184US
850,N18556
851,N18557
852,N185AN
853,N185DN
854,N185GJ
855,N185SY
856,N185UW
857,N186AN
858,N186DN
859,N186GJ
860,N186PQ
861,N186SY
862,N186US
863,N187AN
864,N187DN
865,N187GJ
866,N187JB
867,N187PQ
868,N187SY
869,N187US
870,N188AN
871,N188DN
872,N188SY
873,N188US
874,N189AN
875,N189DN
876,N189SY
877,N189UW
878,N1902U
879,N190AA
880,N190DN
881,N190JB
882,N190UW
883,N19117
884,N19130
885,N19136
886,N19141
887,N191AN
888,N191DN
889,N191SY
890,N191UW
891,N192AN
892,N192DN
893,N192JB
894,N192SY
895,N192UW
896,N193AN
897,N193DN
898,N193JB
899,N193SY
900,N193UW
901,N194AA
902,N194DN
903,N194SY
904,N194UW
905,N19554
906,N195AN
907,N195DN
908,N195PQ
909,N195SY
910,N195UW
911,N196AA
912,N196DN
913,N196SY
914,N196UW
915,N197AN
916,N197DN
917,N197JB
918,N197PQ
919,N197SY
920,N197UW
921,N198AA
922,N198DN
923,N198JB
924,N198SY
925,N198UW
926,N19951
927,N19986
928,N199AN
929,N199DN
930,N199SY
931,N199UW
932,N2002J
933,N200JB
934,N200NK
935,N200NN
936,N200NV
937,N200PQ
938,N200SY
939,N200UU
940,N200WN
941,N2016J
942,N2017J
943,N201FR
944,N201JB
945,N201JQ
946,N201LV
947,N201NN
948,N201UU
949,N2027J
950,N2029J
951,N202FR
952,N202HA
953,N202JB
954,N202JQ
955,N202NN
956,N202PS
957,N202SY
958,N202UW
959,N202WN
960,N2038J
961,N2039J
962,N203JB
963,N203JQ
964,N203NN
965,N203SY
966,N203UW
967,N203WN
968,N2043J
969,N2044J
970,N2047J
971,N2048J
972,N204HA
973,N204JQ
974,N204NN
975,N204SY
976,N204UA
977,N204UW
978,N204WN
979,N2059J
980,N205FR
981,N205HA
982,N205JQ
983,N205NN
984,N205SY
985,N205UW
986,N205WN
987,N2060J
988,N206FR
989,N206JB
990,N206JQ
991,N206NN
992,N206PS
993,N206SY
994,N206UA
995,N206UW
996,N206WN
997,N207AN
998,N207FR
999,N207JQ
1000,N207PS
1001,N207SY
1002,N207UW
1003,N207WN
1004,N2084J
1005,N2086J
1006,N208AN
1007,N208HA
1008,N208JQ
1009,N208SY
1010,N208WN
1011,N20904
1012,N209HA
1013,N209JQ
1014,N209NN
1015,N209PS
1016,N209SY
1017,N209UA
1018,N209WN
1019,N2102J
1020,N2105J
1021,N210FR
1022,N210JQ
1023,N210NN
1024,N210UA
1025,N210WN
1026,N21108
1027,N211FR
1028,N211JQ
1029,N211NN
1030,N211SY
1031,N211UA
1032,N211WN
1033,N212HA
1034,N212JQ
1035,N212NN
1036,N212UA
1037,N212WN
1038,N2135U
1039,N2136U
1040,N2138U
1041,N213FR
1042,N213HA
1043,N213JQ
1044,N213NN
1045,N213PS
1046,N213SY
1047,N213UA
1048,N213WN
1049,N2140U
1050,N2142J
1051,N2142U
1052,N214AK
1053,N214HA
1054,N214JQ
1055,N214NN
1056,N214UA
1057,N214WN
1058,N2151J
1059,N21537
1060,N2156J
1061,N2157J
1062,N215AK
1063,N215HA
1064,N215JQ
1065,N215NN
1066,N215PS
1067,N215UA
1068,N215WN
1069,N2165J
1070,N2169J
1071,N216FR
1072,N216HA
1073,N216JB
1074,N216JQ
1075,N216NN
1076,N216PS
1077,N216UA
1078,N216WR
1079,N21723
1080,N217HA
1081,N217JC
1082,N217JQ
1083,N217NN
1084,N217UA
1085,N2180J
1086,N2188J
1087,N218HA
1088,N218JQ
1089,N218NN
1090,N218PS
1091,N218UA
1092,N218WN
1093,N2193J
1094,N219NN
1095,N219UA
1096,N219WN
1097,N219YX
1098,N220FR
1099,N220HA
1100,N220JQ
1101,N220NN
1102,N220PS
1103,N220UA
1104,N220WN
1105,N221FR
1106,N221JQ
1107,N221NN
1108,N221PS
1109,N221UA
1110,N221WN
1111,N222JQ
1112,N222NS
1113,N222UA
1114,N222WN
1115,N223FR
1116,N223HA
1117,N223JQ
1118,N223JS
1119,N223NN
1120,N223UA
1121,N223WN
1122,N2243U
1123,N224AK
1124,N224JQ
1125,N224NN
1126,N224UA
1127,N224WN
1128,N2250U
1129,N2251U
1130,N225AG
1131,N225JQ
1132,N225NN
1133,N225UA
1134,N225WN
1135,N226HA
1136,N226JQ
1137,N226JS
1138,N226NN
1139,N226UA
1140,N226WN
1141,N227FR
1142,N227HA
1143,N227JQ
1144,N227NN
1145,N227UA
1146,N227WN
1147,N228FR
1148,N228HA
1149,N228JB
1150,N228JQ
1151,N228NN
1152,N228PQ
1153,N228PS
1154,N228UA
1155,N228WN
1156,N22909
1157,N22992
1158,N22995
1159,N229FR
1160,N229JB
1161,N229JQ
1162,N229NN
1163,N229PS
1164,N229UA
1165,N229WN
1166,N230FR
1167,N230HA
1168,N230JQ
1169,N230NN
1170,N230PS
1171,N230WN
1172,N23139
1173,N231AN
1174,N231JB
1175,N231JQ
1176,N231WN
1177,N232FR
1178,N232JQ
1179,N232NN
1180,N232PQ
1181,N232WN
1182,N2331U
1183,N2332U
1184,N2333U
1185,N233FR
1186,N233JQ
1187,N233LV
1188,N233NN
1189,N2341U
1190,N234JQ
1191,N234JW
1192,N234WN
1193,N2352U
1194,N235FR
1195,N235JQ
1196,N235NN
1197,N235WN
1198,N236AK
1199,N236FR
1200,N236JB
1201,N236JQ
1202,N236NN
1203,N236WN
1204,N23707
1205,N23708
1206,N23721
1207,N237AK
1208,N237JQ
1209,N237NN
1210,N237PS
1211,N237WN
1212,N238AK
1213,N238FR
1214,N238JB
1215,N238JQ
1216,N238NN
1217,N238WN
1218,N23983
1219,N23994
1220,N239JB
1221,N239JQ
1222,N239NN
1223,N239WN
1224,N240JQ
1225,N240NN
1226,N240SY
1227,N240WN
1228,N24103
1229,N241JQ
1230,N241LR
1231,N241NN
1232,N241PS
1233,N241SY
1234,N241WN
1235,N24202
1236,N24211
1237,N24212
1238,N24224
1239,N242JQ
1240,N242JS
1241,N242LR
1242,N242NN
1243,N242SY
1244,N242WN
1245,N243JQ
1246,N243LR
1247,N243NN
1248,N243SY
1249,N243WN
1250,N244JQ
1251,N244LR
1252,N244NN
1253,N244PS
1254,N244SY
1255,N244WN
1256,N24505
1257,N24508
1258,N24510
1259,N24513
1260,N24514
1261,N24516
1262,N24519
1263,N24526
1264,N24537
1265,N24542
1266,N24555
1267,N245JQ
1268,N245LR
1269,N245NN
1270,N245PS
1271,N245WN
1272,N246JQ
1273,N246LR
1274,N246LV
1275,N246NN
1276,N246PS
1277,N246SY
1278,N24702
1279,N24706
1280,N24715
1281,N24729
1282,N24736
1283,N247AK
1284,N247JB
1285,N247JS
1286,N247LR
1287,N247NN
1288,N247SY
1289,N247WN
1290,N248AK
1291,N248LR
1292,N248NN
1293,N248PS
1294,N248WN
1295,N24972
1296,N24973
1297,N24974
1298,N24976
1299,N24979
1300,N24980
1301,N24988
1302,N24990
1303,N24993
1304,N249JB
1305,N249LR
1306,N249NN
1307,N249PS
1308,N249WN
1309,N250NN
1310,N250PS
1311,N250SY
1312,N250WN
1313,N25134
1314,N251AK
1315,N251NN
1316,N251PS
1317,N251SY
1318,N251WN
1319,N25201
1320,N252NN
1321,N252SY
1322,N252WN
1323,N2534U
1324,N253AK
1325,N253NN
1326,N253PS
1327,N253SY
1328,N253WN
1329,N254NN
1330,N254PS
1331,N254SY
1332,N254WN
1333,N255NN
1334,N255SY
1335,N255WN
1336,N256NN
1337,N256PS
1338,N256SY
1339,N256WN
1340,N25705
1341,N257NN
1342,N257PS
1343,N257SY
1344,N257WN
1345,N258JB
1346,N258NN
1347,N258PS
1348,N258SY
1349,N258WN
1350,N25982
1351,N259NN
1352,N259PS
1353,N259SY
1354,N259WN
1355,N260AK
1356,N260JS
1357,N260NN
1358,N260SY
1359,N260WN
1360,N26123
1361,N261NN
1362,N261PS
1363,N261SY
1364,N261WN
1365,N26208
1366,N26210
1367,N26215
1368,N26226
1369,N26232
1370,N262NN
1371,N262PS
1372,N262SY
1373,N262WN
1374,N2639U
1375,N263AK
1376,N263NN
1377,N263SY
1378,N263WN
1379,N2644U
1380,N2645U
1381,N264AK
1382,N264LV
1383,N264NN
1384,N264SY
1385,N26545
1386,N265AK
1387,N265JB
1388,N265NN
1389,N265SY
1390,N265WN
1391,N266AK
1392,N266JB
1393,N266NN
1394,N266WN
1395,N267AK
1396,N267JB
1397,N267NN
1398,N267SY
1399,N267WN
1400,N268AK
1401,N268NN
1402,N268SY
1403,N268WN
1404,N26902
1405,N26906
1406,N26909
1407,N26910
1408,N26952
1409,N26960
1410,N26966
1411,N26967
1412,N26970
1413,N26996
1414,N269NN
1415,N269SY
1416,N269WN
1417,N27015
1418,N270AK
1419,N270AY
1420,N270NN
1421,N270SY
1422,N270WN
1423,N27152
1424,N271AY
1425,N271LV
1426,N271NN
1427,N271SY
1428,N27200
1429,N27205
1430,N27213
1431,N27239
1432,N27246
1433,N27251
1434,N27252
1435,N27253
1436,N27255
1437,N27256
1438,N27258
1439,N27260
1440,N27261
1441,N27263
1442,N27266
1443,N27267
1444,N27268
1445,N27269
1446,N27270
1447,N27271
1448,N27273
1449,N27274
1450,N27276
1451,N27277
1452,N27283
1453,N27287
1454,N27290
1455,N27292
1456,N272AK
1457,N272AY
1458,N272NN
1459,N272PQ
1460,N272SY
1461,N272WN
1462,N27304
1463,N27323
1464,N27334
1465,N27366
1466,N2737U
1467,N273AK
1468,N273AY
1469,N273JB
1470,N273NN
1471,N273SY
1472,N273WN
1473,N27404
1474,N27419
1475,N27421
1476,N27477
1477,N2747U
1478,N2748U
1479,N2749U
1480,N274AK
1481,N274AY
1482,N274JB
1483,N274NN
1484,N274SY
1485,N274WN
1486,N27503
1487,N27509
1488,N27511
1489,N27515
1490,N27519
1491,N27520
1492,N27526
1493,N27539
1494,N27546
1495,N27568
1496,N27586
1497,N275AK
1498,N275AY
1499,N275NN
1500,N275SY
1501,N275WN
1502,N276AY
1503,N276NN
1504,N276SY
1505,N276WN
1506,N27722
1507,N27724
1508,N27733
1509,N27734
1510,N277AK
1511,N277AY
1512,N277NN
1513,N277SY
1514,N277WN
1515,N278AK
1516,N278AY
1517,N278NN
1518,N278SY
1519,N278WN
1520,N27901
1521,N27903
1522,N27908
1523,N27957
1524,N27958
1525,N27959
1526,N27964
1527,N27965
1528,N27997
1529,N279AY
1530,N279JB
1531,N279MQ
1532,N279PQ
1533,N279SY
1534,N279WN
1535,N280AK
1536,N280AY
1537,N280NN
1538,N280SY
1539,N280WN
1540,N281AK
1541,N281AY
1542,N281JB
1543,N281NN
1544,N281SY
1545,N281VA
1546,N281WN
1547,N282AK
1548,N282AY
1549,N282NN
1550,N282SY
1551,N282VA
1552,N282WN
1553,N283AK
1554,N283AY
1555,N283JB
1556,N283NN
1557,N283SY
1558,N283VA
1559,N283WN
1560,N28457
1561,N2846U
1562,N28478
1563,N284AK
1564,N284AY
1565,N284JB
1566,N284JN
1567,N284SY
1568,N284VA
1569,N284WN
1570,N285AK
1571,N285AY
1572,N285NN
1573,N285SY
1574,N285VA
1575,N285WN
1576,N286AY
1577,N286NN
1578,N286SY
1579,N286VA
1580,N286WN
1581,N287AK
1582,N287AY
1583,N287NN
1584,N287SY
1585,N287WN
1586,N288AK
1587,N288AY
1588,N288NN
1589,N288SY
1590,N288WN
1591,N28912
1592,N28987
1593,N289AY
1594,N289CT
1595,N289MW
1596,N289SY
1597,N290AK
1598,N290AY
1599,N290NN
1600,N290SY
1601,N290WN
1602,N29124
1603,N29129
1604,N291AY
1605,N291BT
1606,N291NN
1607,N291SY
1608,N291WN
1609,N292AK
1610,N292AY
1611,N292JB
1612,N292NN
1613,N292PQ
1614,N292SY
1615,N292WN
1616,N293AK
1617,N293AY
1618,N293NN
1619,N293PQ
1620,N293SY
1621,N293WN
1622,N294AK
1623,N294JB
1624,N294NN
1625,N294PQ
1626,N294SY
1627,N294WN
1628,N295PQ
1629,N295SY
1630,N295WN
1631,N296AK
1632,N296JB
1633,N296PQ
1634,N296SY
1635,N296WN
1636,N29717
1637,N297AK
1638,N297PQ
1639,N297SY
1640,N297WN
1641,N298AK
1642,N298FR
1643,N298JB
1644,N298PQ
1645,N298SY
1646,N298WN
1647,N29906
1648,N29907
1649,N29917
1650,N29961
1651,N29968
1652,N29971
1653,N29975
1654,N29977
1655,N29978
1656,N29981
1657,N29984
1658,N29985
1659,N29989
1660,N29991
1661,N299JJ
1662,N299PQ
1663,N299SY
1664,N299WN
1665,N3008J
1666,N300LK
1667,N300PQ
1668,N300SY
1669,N300UB
1670,N3014R
1671,N301DQ
1672,N301DU
1673,N301DV
1674,N301FR
1675,N301NB
1676,N301NW
1677,N301PA
1678,N301PQ
1679,N301SY
1680,N301UC
1681,N3023J
1682,N302AS
1683,N302DN
1684,N302DQ
1685,N302DU
1686,N302NB
1687,N302PQ
1688,N302RN
1689,N302SA
1690,N302SS
1691,N302SY
1692,N302UD
1693,N302US
1694,N303AS
1695,N303DD
1696,N303DN
1697,N303DQ
1698,N303DU
1699,N303FR
1700,N303NY
1701,N303PQ
1702,N303RE
1703,N303RG
1704,N303SY
1705,N303UE
1706,N30401
1707,N3044J
1708,N304DN
1709,N304DQ
1710,N304DU
1711,N304FR
1712,N304JB
1713,N304KM
1714,N304PQ
1715,N304RB
1716,N304SY
1717,N304UF
1718,N3058J
1719,N305AS
1720,N305CL
1721,N305DN
1722,N305DQ
1723,N305DU
1724,N305FR
1725,N305NK
1726,N305NX
1727,N305PQ
1728,N305SY
1729,N305UG
1730,N3062J
1731,N3065J
1732,N306AS
1733,N306DD
1734,N306DN
1735,N306DQ
1736,N306DU
1737,N306JB
1738,N306NY
1739,N306PB
1740,N306PQ
1741,N306RC
1742,N306SP
1743,N306SW
1744,N306SY
1745,N306UH
1746,N3077J
1747,N307AS
1748,N307DQ
1749,N307DU
1750,N307DX
1751,N307FR
1752,N307JB
1753,N307LH
1754,N307PQ
1755,N307SY
1756,N307TA
1757,N307UJ
1758,N3085J
1759,N308DE
1760,N308DN
1761,N308DU
1762,N308FR
1763,N308LD
1764,N308PQ
1765,N308RD
1766,N308SY
1767,N308TB
1768,N308UK
1769,N30913
1770,N309AS
1771,N309DE
1772,N309DN
1773,N309DU
1774,N309FR
1775,N309JB
1776,N309JR
1777,N309PC
1778,N309PQ
1779,N309SY
1780,N309UL
1781,N309US
1782,N3102J
1783,N3104J
1784,N310DE
1785,N310DN
1786,N310DU
1787,N310FR
1788,N310JZ
1789,N310PQ
1790,N310RF
1791,N310SY
1792,N310UM
1793,N3112J
1794,N3113J
1795,N3115J
1796,N3118J
1797,N311DN
1798,N311DU
1799,N311FR
1800,N311PQ
1801,N311SY
1802,N311UN
1803,N311VE
1804,N3121J
1805,N3123J
1806,N3125J
1807,N312BT
1808,N312DN
1809,N312DU
1810,N312FR
1811,N312SY
1812,N312US
1813,N3132J
1814,N3138J
1815,N3139J
1816,N313BS
1817,N313DN
1818,N313DU
1819,N313FR
1820,N313PQ
1821,N313SB
1822,N313SY
1823,N313UR
1824,N313VA
1825,N31412
1826,N3142J
1827,N3145J
1828,N3149J
1829,N314AD
1830,N314DN
1831,N314DU
1832,N314NB
1833,N314PD
1834,N314PQ
1835,N314RH
1836,N314UT
1837,N3152J
1838,N3156J
1839,N3157J
1840,N315AS
1841,N315DN
1842,N315DU
1843,N315NB
1844,N315NH
1845,N315PE
1846,N315PQ
1847,N315RJ
1848,N315SD
1849,N315SY
1850,N315UA
1851,N315UU
1852,N3162J
1853,N3169J
1854,N316DN
1855,N316DU
1856,N316FR
1857,N316GS
1858,N316JB
1859,N316NB
1860,N316PF
1861,N316PQ
1862,N316RK
1863,N316SE
1864,N316SY
1865,N316UV
1866,N317AS
1867,N317CA
1868,N317DN
1869,N317DU
1870,N317FR
1871,N317JB
1872,N317NB
1873,N317PG
1874,N317SY
1875,N317TB
1876,N317US
1877,N317UW
1878,N3185J
1879,N3189J
1880,N318AS
1881,N318DU
1882,N318DX
1883,N318FR
1884,N318JB
1885,N318JE
1886,N318NB
1887,N318SF
1888,N318TD
1889,N318UX
1890,N3194J
1891,N3195J
1892,N3196J
1893,N319AS
1894,N319DN
1895,N319DU
1896,N319NB
1897,N319PQ
1898,N319RG
1899,N319SY
1900,N319TE
1901,N319US
1902,N319UY
1903,N3203J
1904,N320AS
1905,N320BK
1906,N320DN
1907,N320DU
1908,N320NB
1909,N320PQ
1910,N320SY
1911,N320TF
1912,N320US
1913,N3215J
1914,N321DH
1915,N321DU
1916,N321JS
1917,N321NB
1918,N321RL
1919,N321TG
1920,N321US
1921,N3221J
1922,N3229J
1923,N322DN
1924,N322DU
1925,N322FR
1926,N322NB
1927,N322RC
1928,N322SY
1929,N322TH
1930,N322US
1931,N3232J
1932,N323AS
1933,N323DN
1934,N323DU
1935,N323ED
1936,N323FR
1937,N323JB
1938,N323NB
1939,N323RM
1940,N323SG
1941,N323SY
1942,N323US
1943,N32404
1944,N3240J
1945,N3241J
1946,N3242J
1947,N3244J
1948,N3247J
1949,N324DU
1950,N324DX
1951,N324ES
1952,N324FR
1953,N324JB
1954,N324NB
1955,N324PQ
1956,N324RA
1957,N324RN
1958,N324SH
1959,N324SY
1960,N324US
1961,N3251J
1962,N3255J
1963,N3257J
1964,N3258J
1965,N325DM
1966,N325DN
1967,N325DU
1968,N325NB
1969,N325PQ
1970,N325SY
1971,N325US
1972,N3260J
1973,N3261J
1974,N3267J
1975,N3269J
1976,N326CJ
1977,N326DN
1978,N326DU
1979,N326FR
1980,N326MS
1981,N326NB
1982,N326PQ
1983,N326RP
1984,N326SJ
1985,N326SY
1986,N326US
1987,N3271J
1988,N3272J
1989,N3275J
1990,N3276J
1991,N327DN
1992,N327DU
1993,N327NB
1994,N327NW
1995,N327PG
1996,N327SK
1997,N327SY
1998,N3280J
1999,N3284J
2000,N3289J
2001,N328DN
2002,N328DS
2003,N328DU
2004,N328FR
2005,N328JB
2006,N328NB
2007,N328NW
2008,N328RR
2009,N328TC
2010,N329DD
2011,N329DN
2012,N329DU
2013,N329FR
2014,N329JB
2015,N329MS
2016,N329NB
2017,N329NW
2018,N329PQ
2019,N329SL
2020,N330DU
2021,N330DX
2022,N330FR
2023,N330JT
2024,N330NB
2025,N330NW
2026,N330PQ
2027,N330TJ
2028,N33103
2029,N33132
2030,N331CA
2031,N331DN
2032,N331DU
2033,N331FR
2034,N331NB
2035,N331NW
2036,N331PQ
2037,N331SC
2038,N331TK
2039,N33203
2040,N33209
2041,N33262
2042,N33264
2043,N33266
2044,N33284
2045,N33286
2046,N33289
2047,N33292
2048,N33294
2049,N332DN
2050,N332DU
2051,N332FR
2052,N332JG
2053,N332NB
2054,N332NW
2055,N333DU
2056,N333DX
2057,N333NB
2058,N333NW
2059,N333RQ
2060,N334CR
2061,N334DN
2062,N334DU
2063,N334FR
2064,N334JB
2065,N334NB
2066,N334NW
2067,N334SM
2068,N334TL
2069,N335DN
2070,N335DU
2071,N335FR
2072,N335JS
2073,N335NB
2074,N335NW
2075,N335PH
2076,N335PQ
2077,N335RT
2078,N335SN
2079,N336DU
2080,N336DX
2081,N336FR
2082,N336NB
2083,N336NW
2084,N336PQ
2085,N336RU
2086,N336SR
2087,N336TM
2088,N336TS
2089,N33714
2090,N337DN
2091,N337FR
2092,N337JB
2093,N337MR
2094,N337NB
2095,N337NW
2096,N337PJ
2097,N337PQ
2098,N337TN
2099,N338DN
2100,N338FR
2101,N338NB
2102,N338NW
2103,N338PK
2104,N338RS
2105,N338ST
2106,N339DN
2107,N339FR
2108,N339JB
2109,N339NB
2110,N339NW
2111,N339PL
2112,N339SU
2113,N339TP
2114,N340CA
2115,N340DN
2116,N340NB
2117,N340NW
2118,N34110
2119,N34131
2120,N34137
2121,N341DN
2122,N341FR
2123,N341NB
2124,N341NW
2125,N341PQ
2126,N341RW
2127,N341SV
2128,N341TR
2129,N34222
2130,N34282
2131,N342AN
2132,N342DN
2133,N342FR
2134,N342NB
2135,N342NW
2136,N342PM
2137,N342RX
2138,N342SX
2139,N343AN
2140,N343DN
2141,N343FR
2142,N343NB
2143,N343NW
2144,N343PN
2145,N343RY
2146,N343SY
2147,N34455
2148,N34460
2149,N344AN
2150,N344DN
2151,N344FR
2152,N344NB
2153,N344NW
2154,N344PP
2155,N344TS
2156,N34535
2157,N34547
2158,N34551
2159,N34562
2160,N345DN
2161,N345NB
2162,N345NW
2163,N346AN
2164,N346BB
2165,N346DN
2166,N346FR
2167,N346JB
2168,N346NB
2169,N346PR
2170,N347AN
2171,N347DN
2172,N347FR
2173,N347NB
2174,N347NW
2175,N347TT
2176,N348AN
2177,N348DN
2178,N348FR
2179,N348JB
2180,N348NB
2181,N348NW
2182,N348PQ
2183,N348TU
2184,N349AN
2185,N349DX
2186,N349FR
2187,N349NB
2188,N349NW
2189,N349PQ
2190,N349TV
2191,N350AN
2192,N350DN
2193,N350FR
2194,N350NA
2195,N350RV
2196,N351DN
2197,N351FR
2198,N351JB
2199,N351NB
2200,N351NW
2201,N35204
2202,N35236
2203,N35260
2204,N35271
2205,N352DN
2206,N352FR
2207,N352NB
2208,N352NW
2209,N352PS
2210,N353DN
2211,N353FR
2212,N353JB
2213,N353NB
2214,N353NW
2215,N35407
2216,N354CA
2217,N354DN
2218,N354FR
2219,N354JB
2220,N354NB
2221,N354NW
2222,N354PT
2223,N355DN
2224,N355JB
2225,N355NB
2226,N355NW
2227,N355PU
2228,N355TW
2229,N356DN
2230,N356FR
2231,N356NW
2232,N356TX
2233,N357DN
2234,N357FC
2235,N357NB
2236,N357NW
2237,N357PV
2238,N357TY
2239,N358DN
2240,N358FR
2241,N358JB
2242,N358NB
2243,N358NK
2244,N358NW
2245,N358PW
2246,N35953
2247,N359DN
2248,N359FR
2249,N359NB
2250,N359NW
2251,N359PX
2252,N360DN
2253,N360FR
2254,N360Fr
2255,N360HA
2256,N360NB
2257,N360NK
2258,N360NW
2259,N361DN
2260,N361FR
2261,N361HA
2262,N361NB
2263,N361NK
2264,N361NW
2265,N361VA
2266,N36207
2267,N36247
2268,N36272
2269,N36280
2270,N362DN
2271,N362FR
2272,N362NB
2273,N362NK
2274,N362NW
2275,N362VA
2276,N363DN
2277,N363FR
2278,N363NB
2279,N363NK
2280,N363NW
2281,N363VA
2282,N36444
2283,N36447
2284,N36469
2285,N36472
2286,N36476
2287,N364DX
2288,N364FR
2289,N364NB
2290,N364NK
2291,N364NW
2292,N364VA
2293,N365DN
2294,N365FR
2295,N365NB
2296,N365NK
2297,N365NW
2298,N365VA
2299,N366DX
2300,N366FR
2301,N366NB
2302,N366NW
2303,N367CA
2304,N367DN
2305,N367FR
2306,N367NW
2307,N368CA
2308,N368DN
2309,N368FR
2310,N368JB
2311,N368NB
2312,N368NW
2313,N36915
2314,N36962
2315,N369DN
2316,N369FR
2317,N369NB
2318,N369NK
2319,N369NW
2320,N37018
2321,N370DN
2322,N370FR
2323,N370HA
2324,N370NB
2325,N370NW
2326,N371CA
2327,N371DA
2328,N371DN
2329,N371FR
2330,N371NB
2331,N371NW
2332,N37252
2333,N37253
2334,N37255
2335,N37257
2336,N37263
2337,N37267
2338,N37273
2339,N37274
2340,N37277
2341,N37278
2342,N37281
2343,N37287
2344,N37290
2345,N37293
2346,N37295
2347,N37297
2348,N37298
2349,N372DA
2350,N372DN
2351,N372FR
2352,N372NW
2353,N37305
2354,N37307
2355,N37308
2356,N3730B
2357,N37313
2358,N37318
2359,N37319
2360,N3731T
2361,N37324
2362,N37325
2363,N3732J
2364,N3733Z
2365,N37342
2366,N37348
2367,N3734B
2368,N37351
2369,N37352
2370,N37353
2371,N37354
2372,N3735D
2373,N37365
2374,N37367
2375,N37368
2376,N3736C
2377,N37371
2378,N37372
2379,N3737C
2380,N3738B
2381,N3739P
2382,N373DA
2383,N373DX
2384,N373FR
2385,N373Fr
2386,N373HA
2387,N373JB
2388,N373NW
2389,N37408
2390,N37409
2391,N3740C
2392,N37413
2393,N37415
2394,N37419
2395,N3741S
2396,N37420
2397,N37422
2398,N37427
2399,N3742C
2400,N37434
2401,N37437
2402,N3743H
2403,N3744F
2404,N37456
2405,N3745B
2406,N37462
2407,N37464
2408,N37465
2409,N37466
2410,N37468
2411,N3746H
2412,N37470
2413,N37471
2414,N37474
2415,N3747D
2416,N3748Y
2417,N3749D
2418,N374CA
2419,N374DA
2420,N374DX
2421,N374FR
2422,N374HA
2423,N374JB
2424,N374NW
2425,N37502
2426,N37504
2427,N37506
2428,N37507
2429,N37508
2430,N3750D
2431,N37510
2432,N37513
2433,N37514
2434,N37516
2435,N37518
2436,N3751B
2437,N3752
2438,N37521
2439,N37522
2440,N37523
2441,N37525
2442,N37527
2443,N37528
2444,N3753
2445,N37530
2446,N37531
2447,N37532
2448,N37534
2449,N37535
2450,N37536
2451,N37537
2452,N37538
2453,N37540
2454,N37541
2455,N37542
2456,N37545
2457,N37547
2458,N37548
2459,N37549
2460,N3754A
2461,N37551
2462,N37553
2463,N37554
2464,N37555
2465,N37556
2466,N3755D
2467,N3756
2468,N37560
2469,N37561
2470,N37562
2471,N37563
2472,N37567
2473,N37577
2474,N3757D
2475,N3758Y
2476,N3759
2477,N375DA
2478,N375DN
2479,N375FR
2480,N375HA
2481,N375JB
2482,N375NC
2483,N3760C
2484,N3761R
2485,N3762Y
2486,N3763D
2487,N3764D
2488,N3765
2489,N3766
2490,N3767
2491,N3768
2492,N3769L
2493,N376CA
2494,N376DA
2495,N376DN
2496,N376FR
2497,N376NW
2498,N37700
2499,N3771K
2500,N3772H
2501,N3773D
2502,N377DA
2503,N377DE
2504,N377DN
2505,N377FR
2506,N377NW
2507,N378DA
2508,N378DN
2509,N378FR
2510,N378HA
2511,N378NW
2512,N378SC
2513,N379AA
2514,N379DA
2515,N379DN
2516,N379FR
2517,N379HA
2518,N380DA
2519,N380DN
2520,N380FR
2521,N380HA
2522,N381AN
2523,N381DA
2524,N381DN
2525,N381DZ
2526,N381FR
2527,N381HA
2528,N38257
2529,N38268
2530,N382DA
2531,N382DN
2532,N382FR
2533,N382HA
2534,N383DN
2535,N383DZ
2536,N383FR
2537,N383HA
2538,N38403
2539,N38417
2540,N38424
2541,N38443
2542,N38446
2543,N38451
2544,N38454
2545,N38458
2546,N38459
2547,N38467
2548,N38473
2549,N38479
2550,N384AA
2551,N384DA
2552,N384DN
2553,N384FR
2554,N384HA
2555,N385AM
2556,N385DN
2557,N385DZ
2558,N385FR
2559,N385HA
2560,N386DA
2561,N386DN
2562,N386FR
2563,N386HA
2564,N38727
2565,N387DA
2566,N387DN
2567,N387FR
2568,N388AA
2569,N388DA
2570,N388DN
2571,N388FR
2572,N388HA
2573,N38950
2574,N38955
2575,N389AA
2576,N389DA
2577,N389DN
2578,N389FR
2579,N389HA
2580,N390AA
2581,N390CA
2582,N390DA
2583,N390DN
2584,N390FR
2585,N390HA
2586,N391AA
2587,N391CA
2588,N391DA
2589,N391DN
2590,N391FR
2591,N391HA
2592,N39297
2593,N392AN
2594,N392DA
2595,N392DN
2596,N392FR
2597,N392HA
2598,N393AN
2599,N393DA
2600,N393DN
2601,N393FR
2602,N393HA
2603,N39415
2604,N39416
2605,N39418
2606,N39423
2607,N39450
2608,N39461
2609,N39463
2610,N39475
2611,N394AN
2612,N394DA
2613,N394DL
2614,N394DX
2615,N394FR
2616,N395AN
2617,N395DN
2618,N395DZ
2619,N395FR
2620,N395HA
2621,N396AN
2622,N396DA
2623,N396DN
2624,N396FR
2625,N396HA
2626,N39726
2627,N39728
2628,N397AN
2629,N397DA
2630,N397DN
2631,N398AN
2632,N398CA
2633,N398DA
2634,N398DN
2635,N398FR
2636,N399AN
2637,N399DA
2638,N399FR
2639,N399HA
2640,N4005X
2641,N400AN
2642,N400QX
2643,N400SY
2644,N400WN
2645,N401AN
2646,N401DZ
2647,N401QX
2648,N401UA
2649,N401WN
2650,N401YX
2651,N4022J
2652,N402AN
2653,N402AS
2654,N402DX
2655,N402FR
2656,N402QX
2657,N402SY
2658,N402UA
2659,N402WN
2660,N402YX
2661,N4032T
2662,N403AN
2663,N403AS
2664,N403DX
2665,N403QX
2666,N403SY
2667,N403UA
2668,N403WN
2669,N403YX
2670,N4048J
2671,N404AN
2672,N404DX
2673,N404QX
2674,N404SY
2675,N404UA
2676,N404WN
2677,N404YX
2678,N4058J
2679,N405AN
2680,N405DX
2681,N405FR
2682,N405QX
2683,N405SY
2684,N405UA
2685,N405WN
2686,N405YX
2687,N4062J
2688,N4064J
2689,N406AN
2690,N406DX
2691,N406SY
2692,N406UA
2693,N406WN
2694,N406YX
2695,N4073J
2696,N4074J
2697,N4076J
2698,N4077J
2699,N407AN
2700,N407AS
2701,N407DX
2702,N407SW
2703,N407SY
2704,N407UA
2705,N407WN
2706,N407YX
2707,N4080J
2708,N4083J
2709,N408AN
2710,N408AS
2711,N408DX
2712,N408SY
2713,N408UA
2714,N408WN
2715,N408YX
2716,N409AA
2717,N409AS
2718,N409DX
2719,N409FR
2720,N409SY
2721,N409UA
2722,N409WN
2723,N409YX
2724,N410AN
2725,N410DZ
2726,N410SY
2727,N410UA
2728,N410WN
2729,N410YX
2730,N41135
2731,N41140
2732,N411AN
2733,N411DX
2734,N411SY
2735,N411UA
2736,N411WN
2737,N411YX
2738,N412DX
2739,N412QX
2740,N412SY
2741,N412UA
2742,N412UW
2743,N412WN
2744,N412YX
2745,N413AN
2746,N413AS
2747,N413DX
2748,N413FR
2749,N413SY
2750,N413UA
2751,N413WN
2752,N413YX
2753,N414AL
2754,N414DZ
2755,N414SY
2756,N414UA
2757,N414WN
2758,N414YX
2759,N415AN
2760,N415DX
2761,N415UA
2762,N415WN
2763,N415YX
2764,N416AN
2765,N416DX
2766,N416UA
2767,N416WN
2768,N416YX
2769,N417AN
2770,N417DX
2771,N417SW
2772,N417UA
2773,N417WN
2774,N417YX
2775,N418AN
2776,N418DX
2777,N418SW
2778,N418UA
2779,N418WN
2780,N418YX
2781,N419AN
2782,N419AS
2783,N419DX
2784,N419UA
2785,N419WN
2786,N419YX
2787,N420AN
2788,N420DX
2789,N420UA
2790,N420WN
2791,N420YX
2792,N421DX
2793,N421LV
2794,N421QX
2795,N421UA
2796,N421UW
2797,N421YX
2798,N422AN
2799,N422DZ
2800,N422QX
2801,N422UA
2802,N422WN
2803,N422YX
2804,N423AN
2805,N423AS
2806,N423DX
2807,N423SW
2808,N423UA
2809,N423WN
2810,N423YX
2811,N424AN
2812,N424DX
2813,N424UA
2814,N424WN
2815,N424YX
2816,N425AN
2817,N425DX
2818,N425LV
2819,N425UA
2820,N425YX
2821,N426AN
2822,N426DZ
2823,N426QX
2824,N426SW
2825,N426UA
2826,N426WN
2827,N426YX
2828,N427AN
2829,N427DX
2830,N427QX
2831,N427SW
2832,N427UA
2833,N427WN
2834,N427YX
2835,N428AA
2836,N428AS
2837,N428DX
2838,N428NK
2839,N428UA
2840,N428WN
2841,N428YX
2842,N429AN
2843,N429DX
2844,N429SW
2845,N429UA
2846,N429WN
2847,N429YX
2848,N430AN
2849,N430DX
2850,N430QX
2851,N430SW
2852,N430SY
2853,N430UA
2854,N430WN
2855,N430YX
2856,N431AN
2857,N431AS
2858,N431DX
2859,N431NK
2860,N431SW
2861,N431UA
2862,N431WN
2863,N431YX
2864,N432AN
2865,N432DX
2866,N432QX
2867,N432SW
2868,N432UA
2869,N432WN
2870,N432YX
2871,N433AN
2872,N433AS
2873,N433DX
2874,N433LV
2875,N433SW
2876,N433UA
2877,N433YX
2878,N434AN
2879,N434AS
2880,N434DX
2881,N434MK
2882,N434UA
2883,N434WN
2884,N434YX
2885,N435AN
2886,N435AS
2887,N435DX
2888,N435QX
2889,N435SW
2890,N435UA
2891,N435WN
2892,N435YX
2893,N436AN
2894,N436DX
2895,N436QX
2896,N436UA
2897,N436WN
2898,N436YX
2899,N437AN
2900,N437DX
2901,N437QX
2902,N437SW
2903,N437UA
2904,N437WN
2905,N437YX
2906,N438AN
2907,N438QX
2908,N438SW
2909,N438UA
2910,N438WN
2911,N438YX
2912,N439AN
2913,N439DX
2914,N439QX
2915,N439SW
2916,N439UA
2917,N439WN
2918,N439YX
2919,N440AN
2920,N440AS
2921,N440LV
2922,N440QX
2923,N440SW
2924,N440UA
2925,N440YX
2926,N441QX
2927,N441SW
2928,N441UA
2929,N441UW
2930,N441WN
2931,N441YX
2932,N442AN
2933,N442AS
2934,N442QX
2935,N442SW
2936,N442UA
2937,N442WN
2938,N442YX
2939,N443AA
2940,N443QX
2941,N443SW
2942,N443UA
2943,N443WN
2944,N443YX
2945,N444MQ
2946,N444QX
2947,N444UA
2948,N444UW
2949,N444WN
2950,N444YX
2951,N44501
2952,N44522
2953,N44550
2954,N445AA
2955,N445QX
2956,N445SW
2957,N445UA
2958,N445WN
2959,N445YX
2960,N446AN
2961,N446QX
2962,N446SW
2963,N446UA
2964,N446WN
2965,N446YX
2966,N447AN
2967,N447QX
2968,N447SW
2969,N447UA
2970,N447WN
2971,N447YX
2972,N448AN
2973,N448AS
2974,N448QX
2975,N448SW
2976,N448UA
2977,N448WN
2978,N448YX
2979,N449AN
2980,N449SW
2981,N449UA
2982,N449WN
2983,N449YX
2984,N450AN
2985,N450QX
2986,N450WN
2987,N450YX
2988,N451AN
2989,N451QX
2990,N451UA
2991,N451WN
2992,N451YX
2993,N452AN
2994,N452QX
2995,N452SW
2996,N452UA
2997,N452WN
2998,N452YX
2999,N453AA
3000,N453AS
3001,N453QX
3002,N453SW
3003,N453UA
3004,N453WN
3005,N453YX
3006,N45440
3007,N454AL
3008,N454SW
3009,N454UA
3010,N454WN
3011,N455AN
3012,N455CA
3013,N455SW
3014,N455UA
3015,N455WN
3016,N456AN
3017,N456UA
3018,N456WN
3019,N457AM
3020,N457AS
3021,N457SW
3022,N457UA
3023,N457WN
3024,N458AL
3025,N458UA
3026,N458WN
3027,N45905
3028,N45956
3029,N459AN
3030,N459AS
3031,N459SW
3032,N459UA
3033,N459WN
3034,N460AN
3035,N460SW
3036,N460UA
3037,N460WN
3038,N461AN
3039,N461AS
3040,N461SW
3041,N461UA
3042,N461WN
3043,N462AA
3044,N462AS
3045,N462UA
3046,N462WN
3047,N463AA
3048,N463SW
3049,N463UA
3050,N463WN
3051,N464AA
3052,N464AS
3053,N464SW
3054,N464UA
3055,N464WN
3056,N465AN
3057,N465SW
3058,N465UA
3059,N465WN
3060,N466AN
3061,N466SW
3062,N466UA
3063,N466WN
3064,N467AL
3065,N467AS
3066,N467UA
3067,N467WN
3068,N468AN
3069,N468AS
3070,N468CA
3071,N468UA
3072,N468WN
3073,N469AN
3074,N469AS
3075,N469UA
3076,N469WN
3077,N470AN
3078,N470UA
3079,N470WN
3080,N471AN
3081,N471AS
3082,N471CA
3083,N471UA
3084,N47275
3085,N47280
3086,N47281
3087,N47282
3088,N47284
3089,N47288
3090,N47291
3091,N47293
3092,N47298
3093,N472AN
3094,N472AS
3095,N472CA
3096,N472UA
3097,N472WN
3098,N47330
3099,N47332
3100,N47340
3101,N47343
3102,N47345
3103,N47357
3104,N47360
3105,N47369
3106,N47370
3107,N473AN
3108,N473UA
3109,N473WN
3110,N47412
3111,N47414
3112,N474AS
3113,N474UA
3114,N474WN
3115,N47505
3116,N47512
3117,N47517
3118,N47524
3119,N47533
3120,N47569
3121,N47570
3122,N475HA
3123,N475UA
3124,N475WN
3125,N476HA
3126,N476UA
3127,N476WN
3128,N477AS
3129,N477CA
3130,N477HA
3131,N477UA
3132,N477WN
3133,N478AS
3134,N478HA
3135,N478PX
3136,N478UA
3137,N478WN
3138,N479AS
3139,N479CA
3140,N479HA
3141,N479PX
3142,N479UA
3143,N479WN
3144,N480HA
3145,N480PX
3146,N480UA
3147,N480WN
3148,N48127
3149,N481AS
3150,N481HA
3151,N481UA
3152,N481WN
3153,N482PX
3154,N482UA
3155,N482WN
3156,N483AS
3157,N483HA
3158,N483UA
3159,N483WN
3160,N484HA
3161,N484UA
3162,N484WN
3163,N485HA
3164,N485PX
3165,N485UA
3166,N485WN
3167,N486AS
3168,N486HA
3169,N486UA
3170,N486WN
3171,N487AS
3172,N487CA
3173,N487HA
3174,N487UA
3175,N487WN
3176,N4888U
3177,N488HA
3178,N488UA
3179,N488WN
3180,N48901
3181,N489HA
3182,N489UA
3183,N489WN
3184,N4901U
3185,N490HA
3186,N490NK
3187,N490PX
3188,N490UA
3189,N490WN
3190,N491AS
3191,N491HA
3192,N491NK
3193,N491PX
3194,N491UA
3195,N491WN
3196,N492AS
3197,N492HA
3198,N492NK
3199,N492SW
3200,N492UA
3201,N492WN
3202,N493AS
3203,N493HA
3204,N493NK
3205,N493UA
3206,N493WN
3207,N494AS
3208,N494CA
3209,N494HA
3210,N494UA
3211,N494WN
3212,N495AS
3213,N495HA
3214,N495UA
3215,N495WN
3216,N496CA
3217,N496UA
3218,N496WN
3219,N497UA
3220,N497WN
3221,N498CA
3222,N498UA
3223,N498WN
3224,N499WN
3225,N5007E
3226,N500AE
3227,N500WR
3228,N501AA
3229,N501BG
3230,N501DA
3231,N501DN
3232,N501MJ
3233,N501SY
3234,N502AE
3235,N502DN
3236,N502DX
3237,N502MJ
3238,N502NK
3239,N502SY
3240,N502UA
3241,N503AE
3242,N503DN
3243,N503DZ
3244,N503JB
3245,N503MJ
3246,N503NK
3247,N503SY
3248,N504AE
3249,N504DN
3250,N504DZ
3251,N504JB
3252,N504MJ
3253,N504NK
3254,N504SY
3255,N505AE
3256,N505DN
3257,N505DZ
3258,N505JB
3259,N505MJ
3260,N505NK
3261,N505SY
3262,N505UA
3263,N506AE
3264,N506AS
3265,N506CA
3266,N506DA
3267,N506DN
3268,N506JB
3269,N506MJ
3270,N506NK
3271,N506SY
3272,N507AE
3273,N507AY
3274,N507DN
3275,N507DZ
3276,N507JB
3277,N507JT
3278,N507MJ
3279,N507NK
3280,N507SY
3281,N508AE
3282,N508AS
3283,N508AY
3284,N508DA
3285,N508DN
3286,N508JB
3287,N508JL
3288,N508MJ
3289,N508NK
3290,N508SY
3291,N509AE
3292,N509AY
3293,N509DN
3294,N509DT
3295,N509JB
3296,N509MJ
3297,N509NK
3298,N509SY
3299,N510AE
3300,N510DE
3301,N510DN
3302,N510JB
3303,N510MJ
3304,N510NK
3305,N510SY
3306,N510UA
3307,N510UW
3308,N511AE
3309,N511DE
3310,N511DN
3311,N511MJ
3312,N511SY
3313,N512AE
3314,N512AS
3315,N512DE
3316,N512DN
3317,N512MJ
3318,N512NK
3319,N512SY
3320,N512UA
3321,N513AE
3322,N513AS
3323,N513DA
3324,N513DZ
3325,N513MJ
3326,N513SY
3327,N514AE
3328,N514AS
3329,N514DE
3330,N514DN
3331,N514MJ
3332,N514NK
3333,N514SY
3334,N515AE
3335,N515DE
3336,N515DN
3337,N515MJ
3338,N515NK
3339,N515SY
3340,N516AE
3341,N516AS
3342,N516DA
3343,N516DN
3344,N516JB
3345,N516LR
3346,N516NK
3347,N516SY
3348,N517AE
3349,N517AS
3350,N517DN
3351,N517DZ
3352,N517JB
3353,N517NK
3354,N517SY
3355,N518AE
3356,N518AS
3357,N518DQ
3358,N518DZ
3359,N518LR
3360,N518UA
3361,N519AE
3362,N519AS
3363,N519DN
3364,N519DT
3365,N519JB
3366,N519LR
3367,N519NK
3368,N519SY
3369,N519UW
3370,N520AS
3371,N520DC
3372,N520DE
3373,N520DN
3374,N520JB
3375,N520SY
3376,N521AE
3377,N521DN
3378,N521DT
3379,N521JB
3380,N521LR
3381,N521NK
3382,N521SY
3383,N521UW
3384,N521VA
3385,N522AE
3386,N522DA
3387,N522DZ
3388,N522LR
3389,N522NK
3390,N522VA
3391,N523AE
3392,N523AS
3393,N523DE
3394,N523DN
3395,N523JB
3396,N523NK
3397,N523UW
3398,N523VA
3399,N524AE
3400,N524AS
3401,N524DE
3402,N524DN
3403,N524EA
3404,N524JB
3405,N524NK
3406,N524UW
3407,N524VA
3408,N525AE
3409,N525AS
3410,N525DA
3411,N525DN
3412,N525EA
3413,N525NK
3414,N525VA
3415,N526AS
3416,N526DE
3417,N526DN
3418,N526EA
3419,N526JB
3420,N526JL
3421,N526NK
3422,N526VA
3423,N527AS
3424,N527DE
3425,N527DN
3426,N527EA
3427,N527JB
3428,N527JL
3429,N527NK
3430,N527VA
3431,N528AS
3432,N528DE
3433,N528EG
3434,N528NK
3435,N528VA
3436,N529AS
3437,N529DT
3438,N529EA
3439,N529JB
3440,N529NK
3441,N529VA
3442,N530AS
3443,N530DE
3444,N530EA
3445,N530GJ
3446,N530NK
3447,N530VA
3448,N531AS
3449,N531DA
3450,N531EG
3451,N531GJ
3452,N531JB
3453,N531JL
3454,N531NK
3455,N532AS
3456,N532DN
3457,N532EA
3458,N532GJ
3459,N532NK
3460,N533AE
3461,N533AS
3462,N533DT
3463,N533GJ
3464,N533NK
3465,N53441
3466,N53442
3467,N534AE
3468,N534AS
3469,N534DT
3470,N534EA
3471,N534JB
3472,N534NK
3473,N534UW
3474,N535AS
3475,N535DN
3476,N535EA
3477,N535JB
3478,N535NK
3479,N535US
3480,N535UW
3481,N536AS
3482,N536DN
3483,N536EA
3484,N536JB
3485,N536NK
3486,N536US
3487,N536UW
3488,N537AS
3489,N537DT
3490,N537EA
3491,N537JB
3492,N537JT
3493,N537US
3494,N537UW
3495,N538AS
3496,N538CA
3497,N538DN
3498,N538EG
3499,N538US
3500,N538UW
3501,N539DN
3502,N539EA
3503,N539US
3504,N539UW
3505,N540DE
3506,N540EA
3507,N540EG
3508,N540US
3509,N540UW
3510,N541DE
3511,N541EA
3512,N541US
3513,N54241
3514,N542DE
3515,N542EA
3516,N542US
3517,N542UW
3518,N543DE
3519,N543EA
3520,N543US
3521,N543UW
3522,N544AE
3523,N544DN
3524,N544EA
3525,N544US
3526,N544UW
3527,N54525
3528,N54538
3529,N54543
3530,N54552
3531,N545DE
3532,N545PB
3533,N545US
3534,N545UW
3535,N546AS
3536,N546DN
3537,N546FF
3538,N546NK
3539,N546UA
3540,N546US
3541,N546UW
3542,N54711
3543,N547DE
3544,N547JB
3545,N547NN
3546,N547US
3547,N548AS
3548,N548CA
3549,N548DN
3550,N548NN
3551,N548US
3552,N549AS
3553,N549CA
3554,N549DN
3555,N549NK
3556,N549NN
3557,N549US
3558,N549UW
3559,N550DN
3560,N550NK
3561,N550NN
3562,N550NW
3563,N550WN
3564,N551AS
3565,N551NN
3566,N551NW
3567,N551UW
3568,N551WN
3569,N552AS
3570,N552JB
3571,N552NN
3572,N552NW
3573,N552UW
3574,N552WN
3575,N553AS
3576,N553NN
3577,N553NW
3578,N553UW
3579,N553WN
3580,N554CA
3581,N554JB
3582,N554NK
3583,N554NN
3584,N554NW
3585,N554UW
3586,N554WN
3587,N555LV
3588,N555NN
3589,N555NW
3590,N556AS
3591,N556JB
3592,N556NN
3593,N556NW
3594,N556UW
3595,N556WN
3596,N557AS
3597,N557NN
3598,N557NW
3599,N557UW
3600,N557WN
3601,N558AS
3602,N558GJ
3603,N558JB
3604,N558NN
3605,N558UW
3606,N558WN
3607,N559AS
3608,N559JB
3609,N559NN
3610,N559UW
3611,N559WN
3612,N560AS
3613,N560NN
3614,N560UW
3615,N560WN
3616,N561JB
3617,N561NN
3618,N561UW
3619,N561WN
3620,N562AS
3621,N562JB
3622,N562NK
3623,N562NN
3624,N562UW
3625,N562WN
3626,N563AS
3627,N563JB
3628,N563NN
3629,N563UW
3630,N563WN
3631,N564AS
3632,N564JB
3633,N564NN
3634,N564WN
3635,N565AS
3636,N565JB
3637,N565NK
3638,N565NN
3639,N565WN
3640,N566AS
3641,N566JB
3642,N566NK
3643,N566NN
3644,N566WN
3645,N567NK
3646,N567NN
3647,N567UW
3648,N567WN
3649,N56859
3650,N568AS
3651,N568DZ
3652,N568JB
3653,N568NK
3654,N568NN
3655,N568UA
3656,N568UW
3657,N568WN
3658,N569AS
3659,N569DZ
3660,N569JB
3661,N569NN
3662,N569WN
3663,N57016
3664,N570AS
3665,N570DZ
3666,N570GJ
3667,N570JB
3668,N570NN
3669,N570WN
3670,N57111
3671,N571DZ
3672,N571GJ
3673,N571JB
3674,N571NN
3675,N57286
3676,N57299
3677,N572DT
3678,N572DZ
3679,N572GJ
3680,N572NN
3681,N572UW
3682,N573DT
3683,N573DZ
3684,N573GJ
3685,N573NN
3686,N573UW
3687,N57409
3688,N57416
3689,N57439
3690,N574DT
3691,N574DZ
3692,N574GJ
3693,N574NN
3694,N575DN
3695,N575DZ
3696,N575GJ
3697,N575NN
3698,N575UW
3699,N576DN
3700,N576DZ
3701,N576NN
3702,N576UW
3703,N577AS
3704,N577DN
3705,N577NN
3706,N57852
3707,N57855
3708,N57857
3709,N57862
3710,N57863
3711,N57864
3712,N57868
3713,N57869
3714,N57870
3715,N578DN
3716,N578NN
3717,N578UW
3718,N579AS
3719,N579DT
3720,N579JB
3721,N579NN
3722,N579UW
3723,N580DT
3724,N580JB
3725,N580NN
3726,N580UW
3727,N58101
3728,N581AS
3729,N581DA
3730,N581NN
3731,N581NW
3732,N581UW
3733,N582CA
3734,N582DN
3735,N582HA
3736,N582NN
3737,N582NW
3738,N582UW
3739,N583AS
3740,N583DT
3741,N583JB
3742,N583NN
3743,N583NW
3744,N583UW
3745,N584AS
3746,N584DN
3747,N584JB
3748,N584NN
3749,N584NW
3750,N584UW
3751,N585AS
3752,N585DN
3753,N585JB
3754,N585NN
3755,N585NW
3756,N585UW
3757,N586AS
3758,N586DT
3759,N586JB
3760,N586NN
3761,N586NW
3762,N586UW
3763,N587AS
3764,N587DT
3765,N587JB
3766,N587NN
3767,N587NW
3768,N587UA
3769,N587UW
3770,N588AS
3771,N588DT
3772,N588JB
3773,N588NN
3774,N588NW
3775,N588UA
3776,N589AS
3777,N589DT
3778,N589JB
3779,N589NN
3780,N589NW
3781,N589UA
3782,N59053
3783,N590AS
3784,N590DT
3785,N590JB
3786,N590NN
3787,N590NW
3788,N590UA
3789,N591DT
3790,N591JB
3791,N591NN
3792,N591NW
3793,N592AS
3794,N592DT
3795,N592JB
3796,N592NN
3797,N592NW
3798,N593AS
3799,N593DX
3800,N593JB
3801,N593ML
3802,N593NN
3803,N593NW
3804,N594AS
3805,N594DA
3806,N594HA
3807,N594JB
3808,N594NN
3809,N594NW
3810,N594SW
3811,N595DT
3812,N595JB
3813,N595NN
3814,N595NW
3815,N595UA
3816,N596AS
3817,N596DT
3818,N596NN
3819,N596NW
3820,N596UA
3821,N597AS
3822,N597DT
3823,N597JB
3824,N597NN
3825,N597UA
3826,N598DN
3827,N598JB
3828,N598NN
3829,N598UA
3830,N599DA
3831,N599JB
3832,N599NN
3833,N600DZ
3834,N600LR
3835,N600NN
3836,N601AW
3837,N601DT
3838,N601EN
3839,N601LR
3840,N601NK
3841,N601NN
3842,N601UX
3843,N601XJ
3844,N602LR
3845,N602NK
3846,N602NN
3847,N602UX
3848,N602XJ
3849,N603AT
3850,N603CZ
3851,N603FR
3852,N603JB
3853,N603NK
3854,N603NN
3855,N603SK
3856,N603UX
3857,N604AE
3858,N604AW
3859,N604CZ
3860,N604FR
3861,N604LR
3862,N604NK
3863,N604NN
3864,N604SK
3865,N604UX
3866,N605FR
3867,N605JB
3868,N605KS
3869,N605LR
3870,N605NK
3871,N605NN
3872,N605UX
3873,N606AE
3874,N606FR
3875,N606JB
3876,N606LR
3877,N606NK
3878,N606NN
3879,N606SK
3880,N606UX
3881,N607AE
3882,N607AS
3883,N607AT
3884,N607CZ
3885,N607FR
3886,N607JB
3887,N607LR
3888,N607NK
3889,N607NN
3890,N607SK
3891,N607UX
3892,N608AT
3893,N608JB
3894,N608NK
3895,N608NN
3896,N608QX
3897,N608SK
3898,N608UX
3899,N609AS
3900,N609FR
3901,N609NK
3902,N609NN
3903,N609SK
3904,N609UX
3905,N610AE
3906,N610CZ
3907,N610FR
3908,N610NN
3909,N610UX
3910,N611AE
3911,N611AS
3912,N611FR
3913,N611NK
3914,N611NN
3915,N611SK
3916,N611UX
3917,N612AE
3918,N612AS
3919,N612FR
3920,N612JB
3921,N612NK
3922,N612NN
3923,N612QX
3924,N612UX
3925,N613AE
3926,N613AS
3927,N613CZ
3928,N613FR
3929,N613JB
3930,N613NK
3931,N613NN
3932,N613SK
3933,N613UX
3934,N614AS
3935,N614CZ
3936,N614FR
3937,N614NK
3938,N614NN
3939,N614QX
3940,N614SK
3941,N614UX
3942,N615AE
3943,N615AS
3944,N615FR
3945,N615JB
3946,N615NK
3947,N615NN
3948,N615QX
3949,N615UX
3950,N616AE
3951,N616FR
3952,N616NK
3953,N616NN
3954,N616QX
3955,N616UX
3956,N617NK
3957,N617NN
3958,N617QX
3959,N617UX
3960,N61881
3961,N61882
3962,N61886
3963,N61887
3964,N61898
3965,N618AE
3966,N618AS
3967,N618JB
3968,N618NK
3969,N618NN
3970,N618UX
3971,N619AE
3972,N619AS
3973,N619FR
3974,N619NK
3975,N619NN
3976,N619UX
3977,N620FR
3978,N620NK
3979,N620QX
3980,N620UX
3981,N621FR
3982,N621JB
3983,N621NK
3984,N621UX
3985,N621VA
3986,N622AE
3987,N622AS
3988,N622FR
3989,N622NK
3990,N622QX
3991,N622UX
3992,N622VA
3993,N623AE
3994,N623JB
3995,N623NK
3996,N623QX
3997,N623UX
3998,N623VA
3999,N624AG
4000,N624FR
4001,N624JB
4002,N624NK
4003,N624QX
4004,N624UX
4005,N624VA
4006,N625AS
4007,N625CA
4008,N625FR
4009,N625JB
4010,N625NK
4011,N625QX
4012,N625UX
4013,N625VA
4014,N626AS
4015,N626FR
4016,N626NK
4017,N626QX
4018,N626SY
4019,N626VA
4020,N627JB
4021,N627NK
4022,N627QX
4023,N627SY
4024,N627VA
4025,N62849
4026,N62883
4027,N62884
4028,N62889
4029,N62892
4030,N62894
4031,N62895
4032,N62896
4033,N628NK
4034,N628QX
4035,N628SY
4036,N628VA
4037,N629BR
4038,N629FR
4039,N629JB
4040,N629NK
4041,N629NN
4042,N629QX
4043,N629SY
4044,N629VA
4045,N630FR
4046,N630JB
4047,N630NK
4048,N630NN
4049,N630QX
4050,N630SK
4051,N630SY
4052,N630VA
4053,N631FR
4054,N631NK
4055,N631NN
4056,N631QX
4057,N631RW
4058,N631SK
4059,N631SY
4060,N631VA
4061,N632JB
4062,N632NK
4063,N632NN
4064,N632QX
4065,N632RW
4066,N632SK
4067,N632SY
4068,N632VA
4069,N633FR
4070,N633JB
4071,N633NK
4072,N633NN
4073,N633QX
4074,N633RW
4075,N633SK
4076,N633VA
4077,N634FR
4078,N634JB
4079,N634NK
4080,N634NN
4081,N634QX
4082,N634RW
4083,N634SY
4084,N634VA
4085,N635FR
4086,N635JB
4087,N635NK
4088,N635NN
4089,N635QX
4090,N635RW
4091,N635SY
4092,N635VA
4093,N636FR
4094,N636JB
4095,N636NK
4096,N636NN
4097,N636QX
4098,N636RW
4099,N636VA
4100,N637FR
4101,N637JB
4102,N637NK
4103,N637NN
4104,N637QX
4105,N637RW
4106,N637VA
4107,N63820
4108,N63890
4109,N63899
4110,N638FR
4111,N638JB
4112,N638NK
4113,N638NN
4114,N638QX
4115,N638RW
4116,N638VA
4117,N639FR
4118,N639JB
4119,N639NK
4120,N639NN
4121,N639QX
4122,N639RW
4123,N639VA
4124,N640FR
4125,N640JB
4126,N640NK
4127,N640NN
4128,N640RW
4129,N640VA
4130,N641CA
4131,N641FR
4132,N641JB
4133,N641NK
4134,N641NN
4135,N641QX
4136,N641RW
4137,N641UA
4138,N641VA
4139,N642FR
4140,N642NK
4141,N642QX
4142,N642RW
4143,N642UA
4144,N642VA
4145,N643JB
4146,N643NK
4147,N643QX
4148,N643RW
4149,N643UA
4150,N644AS
4151,N644FR
4152,N644JB
4153,N644NK
4154,N644QX
4155,N644RW
4156,N644UA
4157,N645AE
4158,N645FR
4159,N645JB
4160,N645NK
4161,N645QX
4162,N645RW
4163,N646FR
4164,N646JB
4165,N646NK
4166,N646QX
4167,N646RW
4168,N646UA
4169,N647AW
4170,N647NK
4171,N647QX
4172,N647RW
4173,N647UA
4174,N64809
4175,N64844
4176,N648FR
4177,N648JB
4178,N648NK
4179,N648QX
4180,N648RW
4181,N648UA
4182,N649AW
4183,N649FR
4184,N649JB
4185,N649NK
4186,N649QX
4187,N649RW
4188,N649UA
4189,N650AE
4190,N650AW
4191,N650FR
4192,N650NK
4193,N650QX
4194,N650RW
4195,N651AW
4196,N651FR
4197,N651JB
4198,N651NK
4199,N651QX
4200,N651RW
4201,N651UA
4202,N652AW
4203,N652BR
4204,N652FR
4205,N652JB
4206,N652MK
4207,N652NK
4208,N652RW
4209,N652UA
4210,N653AE
4211,N653AW
4212,N653FR
4213,N653JB
4214,N653NK
4215,N653RW
4216,N653UA
4217,N654AW
4218,N654FR
4219,N654NK
4220,N654RW
4221,N654UA
4222,N655AW
4223,N655CA
4224,N655FR
4225,N655JB
4226,N655NK
4227,N655RW
4228,N655UA
4229,N656AE
4230,N656AW
4231,N656CA
4232,N656FR
4233,N656JB
4234,N656NK
4235,N656RW
4236,N656UA
4237,N656YX
4238,N657AW
4239,N657FR
4240,N657JB
4241,N657NK
4242,N657RW
4243,N657UA
4244,N65832
4245,N658AE
4246,N658AW
4247,N658CA
4248,N658DL
4249,N658FR
4250,N658JB
4251,N658NK
4252,N658UA
4253,N659AW
4254,N659BR
4255,N659DL
4256,N659JB
4257,N659NK
4258,N659UA
4259,N66051
4260,N66056
4261,N66057
4262,N660AW
4263,N660DL
4264,N660FR
4265,N660NK
4266,N660UA
4267,N661AW
4268,N661JA
4269,N661JB
4270,N661NK
4271,N661UA
4272,N662AW
4273,N662EH
4274,N662FR
4275,N662JB
4276,N662NK
4277,N662UA
4278,N663AR
4279,N663AW
4280,N663FR
4281,N663JB
4282,N663NK
4283,N663UA
4284,N664AW
4285,N664FR
4286,N664MS
4287,N664NK
4288,N664UA
4289,N665AW
4290,N665DN
4291,N665FR
4292,N665JB
4293,N665NK
4294,N665UA
4295,N666UA
4296,N667AW
4297,N667DN
4298,N667FR
4299,N667GB
4300,N667NK
4301,N667UA
4302,N66803
4303,N66808
4304,N66814
4305,N66825
4306,N66828
4307,N66831
4308,N66837
4309,N66841
4310,N66848
4311,N66893
4312,N66897
4313,N668AW
4314,N668CA
4315,N668DN
4316,N668FR
4317,N668HH
4318,N668NK
4319,N668UA
4320,N669AW
4321,N669CA
4322,N669DN
4323,N669FR
4324,N669NK
4325,N669UA
4326,N6700
4327,N6701
4328,N6702
4329,N6703D
4330,N6704Z
4331,N67052
4332,N67058
4333,N6705Y
4334,N6706Q
4335,N6707A
4336,N6708D
4337,N6709
4338,N670AE
4339,N670DN
4340,N670FR
4341,N670NK
4342,N670UA
4343,N6710E
4344,N6711M
4345,N6712B
4346,N67134
4347,N6713Y
4348,N6714Q
4349,N6715C
4350,N6716C
4351,N67171
4352,N671AE
4353,N671DN
4354,N671FR
4355,N671NK
4356,N671UA
4357,N672DL
4358,N672FR
4359,N672NK
4360,N672UA
4361,N67350
4362,N673AE
4363,N673AW
4364,N673DL
4365,N673FR
4366,N673NK
4367,N673UA
4368,N674DL
4369,N674NK
4370,N674RJ
4371,N674UA
4372,N67501
4373,N675AE
4374,N675BR
4375,N675DL
4376,N675NK
4377,N675UA
4378,N676AE
4379,N676CA
4380,N676DL
4381,N676NK
4382,N676UA
4383,N677AE
4384,N677NK
4385,N677UA
4386,N67812
4387,N67815
4388,N67827
4389,N67845
4390,N67846
4391,N678AE
4392,N678CA
4393,N678DL
4394,N678NK
4395,N679AE
4396,N679AW
4397,N679CA
4398,N679DA
4399,N679NK
4400,N679SA
4401,N68061
4402,N680AE
4403,N680AW
4404,N680DA
4405,N680NK
4406,N681AE
4407,N681DA
4408,N681NK
4409,N682DA
4410,N682NK
4411,N682SK
4412,N683DA
4413,N683NK
4414,N68452
4415,N68453
4416,N684DA
4417,N684JW
4418,N684NK
4419,N684RW
4420,N684UA
4421,N685AE
4422,N685BR
4423,N685DA
4424,N685NK
4425,N685UA
4426,N686BR
4427,N686DA
4428,N686NK
4429,N686UA
4430,N687DL
4431,N687JS
4432,N687NK
4433,N68801
4434,N68802
4435,N68805
4436,N68807
4437,N68811
4438,N68817
4439,N68821
4440,N68822
4441,N68823
4442,N68834
4443,N68836
4444,N68842
4445,N68843
4446,N68880
4447,N68891
4448,N688AE
4449,N688DL
4450,N689CA
4451,N689DL
4452,N689EC
4453,N69020
4454,N69059
4455,N69063
4456,N690DL
4457,N690NK
4458,N691AA
4459,N691CA
4460,N691NK
4461,N692AA
4462,N692CA
4463,N692DL
4464,N692NK
4465,N693AE
4466,N693BR
4467,N693CA
4468,N693DL
4469,N693NK
4470,N694AE
4471,N694DL
4472,N694NK
4473,N695CA
4474,N695DL
4475,N695NK
4476,N696AE
4477,N696DL
4478,N696NK
4479,N697AB
4480,N697DL
4481,N697NK
4482,N69804
4483,N69806
4484,N69810
4485,N69813
4486,N69816
4487,N69818
4488,N69819
4489,N69824
4490,N69826
4491,N69829
4492,N69830
4493,N69833
4494,N69835
4495,N69838
4496,N69839
4497,N69840
4498,N69847
4499,N69885
4500,N69888
4501,N698CB
4502,N698DL
4503,N698NK
4504,N699BR
4505,N699DL
4506,N70020
4507,N700GS
4508,N700UW
4509,N701BR
4510,N701DN
4511,N701FR
4512,N701GS
4513,N701SK
4514,N701UW
4515,N702BR
4516,N702DN
4517,N702FR
4518,N702NK
4519,N702PS
4520,N702SK
4521,N702TW
4522,N702UW
4523,N703AL
4524,N703DN
4525,N703JB
4526,N703NK
4527,N703PS
4528,N703SK
4529,N703SW
4530,N703TW
4531,N703UW
4532,N704AL
4533,N704DK
4534,N704FR
4535,N704SW
4536,N704US
4537,N704X
4538,N705AL
4539,N705DN
4540,N705FR
4541,N705JB
4542,N705NK
4543,N705PS
4544,N705SK
4545,N705SW
4546,N705TW
4547,N705UW
4548,N706AL
4549,N706DN
4550,N706FR
4551,N706JB
4552,N706NK
4553,N706PS
4554,N706SK
4555,N706SW
4556,N706TW
4557,N707AL
4558,N707DN
4559,N707EV
4560,N707SA
4561,N707SK
4562,N707TW
4563,N708AL
4564,N708DN
4565,N708EV
4566,N708FR
4567,N708JB
4568,N708NK
4569,N708PS
4570,N708SK
4571,N708SW
4572,N708UW
4573,N709AL
4574,N709BR
4575,N709DN
4576,N709EV
4577,N709FR
4578,N709JB
4579,N709NK
4580,N709PS
4581,N709SK
4582,N709SW
4583,N709TW
4584,N709UW
4585,N710AL
4586,N710DN
4587,N710EV
4588,N710FR
4589,N710NK
4590,N710PS
4591,N710SK
4592,N710SW
4593,N710TW
4594,N710UW
4595,N711FR
4596,N711HK
4597,N711UW
4598,N711ZX
4599,N712AL
4600,N712EV
4601,N712FR
4602,N712JB
4603,N712NK
4604,N712PS
4605,N712SK
4606,N712SW
4607,N712TW
4608,N712US
4609,N713AL
4610,N713EV
4611,N713FR
4612,N713NK
4613,N713SK
4614,N713SW
4615,N713TW
4616,N713UW
4617,N71411
4618,N714CB
4619,N714FR
4620,N714US
4621,N715FR
4622,N715JB
4623,N715NK
4624,N715SK
4625,N715SW
4626,N715UW
4627,N716AL
4628,N716EV
4629,N716FR
4630,N716NK
4631,N716PS
4632,N716SK
4633,N716SW
4634,N716UW
4635,N717AN
4636,N717EV
4637,N717FR
4638,N717JL
4639,N717NK
4640,N717SA
4641,N717TW
4642,N717UW
4643,N718AN
4644,N718EV
4645,N718FR
4646,N718NK
4647,N718PS
4648,N718SK
4649,N718SW
4650,N718TW
4651,N719AL
4652,N719AN
4653,N719EV
4654,N719FR
4655,N719PS
4656,N719SK
4657,N719SW
4658,N720AL
4659,N720AN
4660,N720EV
4661,N720FR
4662,N720NK
4663,N720PS
4664,N720WN
4665,N721AN
4666,N721FR
4667,N721NK
4668,N721TW
4669,N721UW
4670,N721YX
4671,N722AL
4672,N722AN
4673,N722EV
4674,N722FR
4675,N722TW
4676,N722US
4677,N722YX
4678,N723AL
4679,N723AN
4680,N723EV
4681,N723FR
4682,N723NK
4683,N723PS
4684,N723SW
4685,N723TW
4686,N723UW
4687,N723YX
4688,N72405
4689,N724AL
4690,N724AN
4691,N724EV
4692,N724NK
4693,N724SK
4694,N724SW
4695,N724UW
4696,N724YX
4697,N725AL
4698,N725AN
4699,N725FR
4700,N725NK
4701,N725PS
4702,N725SW
4703,N725UW
4704,N725YX
4705,N726AN
4706,N726NK
4707,N726SK
4708,N726SW
4709,N726YX
4710,N727AN
4711,N727SK
4712,N727SW
4713,N727TW
4714,N727YX
4715,N728AN
4716,N728NK
4717,N728SK
4718,N728SW
4719,N728YX
4720,N729AL
4721,N729AN
4722,N729JB
4723,N729NK
4724,N729SW
4725,N729YX
4726,N730AN
4727,N730EV
4728,N730NK
4729,N730SK
4730,N730SW
4731,N730US
4732,N730YX
4733,N731AL
4734,N731AN
4735,N731NK
4736,N731SA
4737,N731YX
4738,N73251
4739,N73256
4740,N73259
4741,N73270
4742,N73275
4743,N73276
4744,N73278
4745,N73283
4746,N73291
4747,N73299
4748,N732AL
4749,N732AN
4750,N732NK
4751,N732SK
4752,N732SW
4753,N732US
4754,N732YX
4755,N733AL
4756,N733AR
4757,N733SA
4758,N733UW
4759,N733YX
4760,N73406
4761,N73445
4762,N734AL
4763,N734AR
4764,N734SA
4765,N735AT
4766,N735SA
4767,N736AT
4768,N736SA
4769,N736YX
4770,N737JW
4771,N737NK
4772,N737US
4773,N73860
4774,N738AL
4775,N738CB
4776,N738EV
4777,N738SK
4778,N738US
4779,N739AE
4780,N739GB
4781,N739NK
4782,N739YX
4783,N74007
4784,N740EV
4785,N740MR
4786,N740NK
4787,N740SK
4788,N740SW
4789,N740UW
4790,N740YX
4791,N741AK
4792,N741EV
4793,N741NK
4794,N741SA
4795,N741UW
4796,N741YX
4797,N742GR
4798,N742NK
4799,N742PS
4800,N742SK
4801,N742SW
4802,N742YX
4803,N743MB
4804,N743SK
4805,N743SW
4806,N743YX
4807,N744DB
4808,N744EV
4809,N744NK
4810,N744P
4811,N744SK
4812,N744SW
4813,N744YX
4814,N74532
4815,N745JB
4816,N745NK
4817,N745SK
4818,N745SW
4819,N745VJ
4820,N745YX
4821,N746CC
4822,N746JB
4823,N746NK
4824,N746SK
4825,N746SW
4826,N746UW
4827,N746YX
4828,N747SA
4829,N747UW
4830,N747YX
4831,N74856
4832,N748EV
4833,N748RR
4834,N748SK
4835,N748SW
4836,N748UW
4837,N748YX
4838,N749BM
4839,N749SW
4840,N749US
4841,N749YX
4842,N750AN
4843,N750BD
4844,N750EV
4845,N750SA
4846,N750SK
4847,N750UW
4848,N750YX
4849,N751AB
4850,N751AN
4851,N751EV
4852,N751SK
4853,N751SW
4854,N751UW
4855,N751YX
4856,N752AN
4857,N752EV
4858,N752SK
4859,N752SW
4860,N752US
4861,N752YX
4862,N753AN
4863,N753EV
4864,N753SK
4865,N753US
4866,N753YX
4867,N75410
4868,N7541A
4869,N75425
4870,N75426
4871,N75428
4872,N75429
4873,N75432
4874,N75433
4875,N75435
4876,N75436
4877,N754AN
4878,N754EV
4879,N754SK
4880,N754SW
4881,N754UW
4882,N754YX
4883,N755AN
4884,N755EV
4885,N755SA
4886,N755SK
4887,N755US
4888,N755YX
4889,N756AM
4890,N756SA
4891,N756SK
4892,N756US
4893,N756YX
4894,N757AN
4895,N757LV
4896,N757UW
4897,N757YX
4898,N75851
4899,N75853
4900,N75854
4901,N75858
4902,N75861
4903,N758AN
4904,N758EV
4905,N758SK
4906,N758SW
4907,N758US
4908,N758YX
4909,N759AN
4910,N759EV
4911,N759GS
4912,N76010
4913,N76021
4914,N76054
4915,N76055
4916,N76062
4917,N76064
4918,N76065
4919,N760AN
4920,N760EV
4921,N760JB
4922,N760MQ
4923,N760SK
4924,N760SW
4925,N760US
4926,N760YX
4927,N761AJ
4928,N761ND
4929,N761RR
4930,N761RW
4931,N761YX
4932,N76254
4933,N76265
4934,N76269
4935,N76288
4936,N762AN
4937,N762DT
4938,N762SK
4939,N762SW
4940,N762US
4941,N762YX
4942,N763CC
4943,N763JB
4944,N763SK
4945,N763SW
4946,N763US
4947,N763YX
4948,N764JD
4949,N764SK
4950,N764SW
4951,N764US
4952,N764YX
4953,N76502
4954,N76503
4955,N76504
4956,N76505
4957,N76508
4958,N76514
4959,N76515
4960,N76516
4961,N76517
4962,N76519
4963,N76522
4964,N76523
4965,N76526
4966,N76528
4967,N76529
4968,N76532
4969,N76533
4970,N765AN
4971,N765SK
4972,N765ST
4973,N765SW
4974,N765US
4975,N765YX
4976,N766AN
4977,N766JB
4978,N766JM
4979,N766SK
4980,N766SW
4981,N766US
4982,N766YX
4983,N767AJ
4984,N767SK
4985,N767SW
4986,N767UW
4987,N767YX
4988,N768AA
4989,N768JB
4990,N768RD
4991,N768SK
4992,N768SW
4993,N768UA
4994,N768US
4995,N768YX
4996,N769KW
4997,N769SW
4998,N769UA
4999,N769US
5000,N769YX
5001,N77006
5002,N77012
5003,N77014
5004,N77019
5005,N7701B
5006,N77022
5007,N7702A
5008,N7703A
5009,N7704B
5010,N7705A
5011,N77066
5012,N7706A
5013,N7707C
5014,N7708E
5015,N7709A
5016,N770AN
5017,N770JM
5018,N770SA
5019,N770SK
5020,N770UW
5021,N770YX
5022,N7710A
5023,N7711N
5024,N7712G
5025,N7713A
5026,N7714B
5027,N7715E
5028,N7716A
5029,N7717D
5030,N7718B
5031,N7719A
5032,N771AN
5033,N771JV
5034,N771SA
5035,N771SK
5036,N771UA
5037,N771XF
5038,N771YX
5039,N7720F
5040,N7721E
5041,N7722B
5042,N7723E
5043,N7724A
5044,N77258
5045,N77259
5046,N7725A
5047,N77261
5048,N7726A
5049,N7727A
5050,N7728D
5051,N77295
5052,N77296
5053,N7729A
5054,N772AN
5055,N772MR
5056,N772SK
5057,N772UA
5058,N772XF
5059,N772YX
5060,N7730A
5061,N7731A
5062,N7732A
5063,N7733B
5064,N7734H
5065,N7735A
5066,N7736A
5067,N7737E
5068,N7738A
5069,N7739A
5070,N773AN
5071,N773SA
5072,N773SK
5073,N773UA
5074,N773XF
5075,N773YX
5076,N7740A
5077,N7741C
5078,N7742B
5079,N77430
5080,N77431
5081,N7743B
5082,N7744A
5083,N7745A
5084,N7746C
5085,N7747C
5086,N7748A
5087,N7749B
5088,N774AN
5089,N774DE
5090,N774JG
5091,N774SK
5092,N774SW
5093,N774UA
5094,N774XF
5095,N774YX
5096,N7750A
5097,N77510
5098,N77518
5099,N7751A
5100,N77520
5101,N77525
5102,N7752B
5103,N77530
5104,N77535
5105,N77536
5106,N77537
5107,N77538
5108,N77539
5109,N77542
5110,N77543
5111,N77544
5112,N77552
5113,N77558
5114,N77559
5115,N77571
5116,N77572
5117,N77573
5118,N77575
5119,N77576
5120,N77578
5121,N77579
5122,N77580
5123,N77581
5124,N77582
5125,N77584
5126,N77585
5127,N77587
5128,N77588
5129,N77590
5130,N77592
5131,N77598
5132,N775AN
5133,N775DE
5134,N775JB
5135,N775SW
5136,N775UA
5137,N775XF
5138,N775YX
5139,N776AN
5140,N776DE
5141,N776MS
5142,N776SK
5143,N776UA
5144,N776WN
5145,N776XF
5146,N776YX
5147,N777AN
5148,N777QC
5149,N777UA
5150,N77865
5151,N77867
5152,N77871
5153,N778AN
5154,N778RH
5155,N778SK
5156,N778SW
5157,N778UA
5158,N778XF
5159,N778YX
5160,N779AN
5161,N779CA
5162,N779JB
5163,N779RN
5164,N779SK
5165,N779SW
5166,N779UA
5167,N779YX
5168,N78001
5169,N78002
5170,N78003
5171,N78004
5172,N78005
5173,N78008
5174,N78009
5175,N78013
5176,N78017
5177,N78060
5178,N780AH
5179,N780AN
5180,N780HA
5181,N780SK
5182,N780SW
5183,N780UA
5184,N780YX
5185,N7811F
5186,N7812G
5187,N7813P
5188,N7814B
5189,N7815L
5190,N7816B
5191,N7817J
5192,N7818L
5193,N7819A
5194,N781AN
5195,N781CA
5196,N781EJ
5197,N781HA
5198,N781UA
5199,N781WN
5200,N781YX
5201,N7820L
5202,N7821L
5203,N7822A
5204,N7823A
5205,N7824A
5206,N7825A
5207,N7826B
5208,N7827A
5209,N78285
5210,N7828A
5211,N7829B
5212,N782AN
5213,N782HA
5214,N782SA
5215,N782SK
5216,N782SM
5217,N782UA
5218,N782YX
5219,N7830A
5220,N7831B
5221,N7832A
5222,N7833A
5223,N7834A
5224,N7835A
5225,N78361
5226,N7836A
5227,N7837A
5228,N7838A
5229,N7839A
5230,N783AN
5231,N783CA
5232,N783HA
5233,N783LC
5234,N783SK
5235,N783SW
5236,N783UA
5237,N783YX
5238,N7840A
5239,N7841A
5240,N7842A
5241,N78438
5242,N7843A
5243,N78448
5244,N7844A
5245,N7845A
5246,N7846A
5247,N7847A
5248,N7848A
5249,N7849A
5250,N784AN
5251,N784DP
5252,N784JB
5253,N784SK
5254,N784SW
5255,N784UA
5256,N784YX
5257,N78501
5258,N78506
5259,N78509
5260,N7850B
5261,N78511
5262,N7851A
5263,N78524
5264,N7852A
5265,N7853B
5266,N78540
5267,N7854B
5268,N7855A
5269,N7856A
5270,N7857B
5271,N7858A
5272,N7859B
5273,N785AN
5274,N785BR
5275,N785SK
5276,N785SW
5277,N785UA
5278,N785YX
5279,N7860A
5280,N7861J
5281,N7862A
5282,N7863A
5283,N7864B
5284,N7865A
5285,N7866A
5286,N7867A
5287,N7868K
5288,N7869A
5289,N786AN
5290,N786SK
5291,N786SM
5292,N786SW
5293,N786UA
5294,N786YX
5295,N7873A
5296,N7874B
5297,N7875A
5298,N7876A
5299,N7877H
5300,N7878A
5301,N7879A
5302,N787AL
5303,N787BP
5304,N787SA
5305,N787SK
5306,N787UA
5307,N787YX
5308,N7880D
5309,N7881A
5310,N7882B
5311,N7883A
5312,N7884G
5313,N7885A
5314,N78866
5315,N7886A
5316,N7887A
5317,N7888A
5318,N7889A
5319,N788AN
5320,N788CJ
5321,N788SA
5322,N788SK
5323,N788UA
5324,N789AN
5325,N789JB
5326,N789SK
5327,N789SS
5328,N789SW
5329,N789YX
5330,N79011
5331,N790AN
5332,N790MK
5333,N790SK
5334,N790SW
5335,N791AN
5336,N791DK
5337,N791SK
5338,N791SW
5339,N791UA
5340,N79279
5341,N792AN
5342,N792JB
5343,N792SK
5344,N792SW
5345,N792UA
5346,N793AN
5347,N793JB
5348,N793SA
5349,N793SK
5350,N793UA
5351,N79402
5352,N794AN
5353,N794JB
5354,N794JH
5355,N794SK
5356,N794SW
5357,N794UA
5358,N79521
5359,N79541
5360,N795AN
5361,N795SK
5362,N795SW
5363,N795UA
5364,N796AN
5365,N796JB
5366,N796SK
5367,N796SW
5368,N796UA
5369,N797AN
5370,N797MX
5371,N797SK
5372,N797UA
5373,N798AN
5374,N798CC
5375,N798SW
5376,N798UA
5377,N799AN
5378,N799SW
5379,N799UA
5380,N8001N
5381,N8009T
5382,N800AE
5383,N800AN
5384,N800AY
5385,N800NN
5386,N800SK
5387,N801AC
5388,N801AE
5389,N801AK
5390,N801AW
5391,N801AY
5392,N801DZ
5393,N801NN
5394,N801NW
5395,N801UA
5396,N8027D
5397,N802AE
5398,N802AN
5399,N802AW
5400,N802DN
5401,N802NN
5402,N802NW
5403,N802SK
5404,N802UA
5405,N8030F
5406,N8031M
5407,N80343
5408,N80348
5409,N803AE
5410,N803AK
5411,N803AL
5412,N803AW
5413,N803DN
5414,N803NN
5415,N803NW
5416,N803SK
5417,N803UA
5418,N804AE
5419,N804AK
5420,N804AN
5421,N804AW
5422,N804DN
5423,N804JB
5424,N804NN
5425,N804NW
5426,N804SK
5427,N804UA
5428,N805AE
5429,N805AK
5430,N805AN
5431,N805AW
5432,N805DN
5433,N805JB
5434,N805NN
5435,N805NW
5436,N805SK
5437,N805UA
5438,N806AA
5439,N806AE
5440,N806AK
5441,N806AW
5442,N806DN
5443,N806JB
5444,N806MD
5445,N806NN
5446,N806NW
5447,N806SK
5448,N806UA
5449,N807AA
5450,N807AE
5451,N807AW
5452,N807DN
5453,N807JB
5454,N807NN
5455,N807NW
5456,N807SK
5457,N807UA
5458,N808AE
5459,N808AN
5460,N808AW
5461,N808DN
5462,N808NN
5463,N808NW
5464,N808UA
5465,N809AA
5466,N809AE
5467,N809AK
5468,N809AW
5469,N809CA
5470,N809DN
5471,N809JB
5472,N809MD
5473,N809NN
5474,N809NW
5475,N809SK
5476,N809UA
5477,N810AE
5478,N810AN
5479,N810AW
5480,N810DN
5481,N810MD
5482,N810NN
5483,N810NW
5484,N810SK
5485,N810UA
5486,N811AB
5487,N811DZ
5488,N811NN
5489,N811NW
5490,N811UA
5491,N812AA
5492,N812AE
5493,N812AK
5494,N812AW
5495,N812DN
5496,N812NN
5497,N812NW
5498,N812SK
5499,N812UA
5500,N812UP
5501,N813AE
5502,N813AK
5503,N813AN
5504,N813AW
5505,N813DN
5506,N813NN
5507,N813NW
5508,N813SK
5509,N813UA
5510,N81449
5511,N814AA
5512,N814AK
5513,N814AW
5514,N814DN
5515,N814NN
5516,N814NW
5517,N814SK
5518,N814UA
5519,N815AA
5520,N815AE
5521,N815AK
5522,N815AW
5523,N815DN
5524,N815MD
5525,N815NN
5526,N815NW
5527,N815SK
5528,N815UA
5529,N816AA
5530,N816AE
5531,N816AK
5532,N816AW
5533,N816DN
5534,N816NN
5535,N816NW
5536,N816SK
5537,N816UA
5538,N817AE
5539,N817AN
5540,N817AW
5541,N817DN
5542,N817NN
5543,N817NW
5544,N817SK
5545,N817UA
5546,N818AE
5547,N818AL
5548,N818AW
5549,N818DA
5550,N818MD
5551,N818NN
5552,N818NW
5553,N818UA
5554,N819AE
5555,N819AN
5556,N819AW
5557,N819AY
5558,N819DN
5559,N819DX
5560,N819NN
5561,N819NW
5562,N819UA
5563,N820AE
5564,N820AL
5565,N820AW
5566,N820AY
5567,N820DN
5568,N820DX
5569,N820NN
5570,N820NW
5571,N820SK
5572,N820UA
5573,N821AE
5574,N821AK
5575,N821AN
5576,N821AW
5577,N821DN
5578,N821DX
5579,N821JB
5580,N821MD
5581,N821NN
5582,N821NW
5583,N821SK
5584,N821UA
5585,N822AE
5586,N822AN
5587,N822AW
5588,N822DN
5589,N822DX
5590,N822NN
5591,N822NW
5592,N822SK
5593,N822UA
5594,N82314
5595,N82333
5596,N82338
5597,N82366
5598,N823AE
5599,N823AK
5600,N823AN
5601,N823AW
5602,N823DN
5603,N823DX
5604,N823MD
5605,N823NN
5606,N823NW
5607,N823SK
5608,N823UA
5609,N824AE
5610,N824AN
5611,N824AW
5612,N824DN
5613,N824MD
5614,N824NN
5615,N824NW
5616,N824SK
5617,N824UA
5618,N825AA
5619,N825AE
5620,N825AW
5621,N825DN
5622,N825MH
5623,N825NN
5624,N825NW
5625,N825SK
5626,N825UA
5627,N826AE
5628,N826AN
5629,N826AW
5630,N826DN
5631,N826MD
5632,N826MH
5633,N826NN
5634,N826NW
5635,N826SK
5636,N826UA
5637,N827AE
5638,N827AN
5639,N827AW
5640,N827DN
5641,N827JB
5642,N827MH
5643,N827NN
5644,N827NW
5645,N827SK
5646,N827UA
5647,N828AA
5648,N828AW
5649,N828DN
5650,N828JB
5651,N828MH
5652,N828NW
5653,N828UA
5654,N829AN
5655,N829AW
5656,N829DN
5657,N829MH
5658,N829NN
5659,N829NW
5660,N829SK
5661,N829UA
5662,N8301J
5663,N8302F
5664,N8303R
5665,N8305E
5666,N8306H
5667,N8307K
5668,N8308K
5669,N8309C
5670,N830AE
5671,N830AN
5672,N830AW
5673,N830DN
5674,N830MH
5675,N830NN
5676,N830NW
5677,N830SK
5678,N830UA
5679,N8310C
5680,N8311Q
5681,N8312C
5682,N8313F
5683,N8314L
5684,N8315C
5685,N8316H
5686,N8317M
5687,N8318F
5688,N8319F
5689,N831AA
5690,N831AE
5691,N831AW
5692,N831DN
5693,N831MH
5694,N831NN
5695,N831NW
5696,N831SK
5697,N831UA
5698,N8320J
5699,N8321D
5700,N8322X
5701,N8323C
5702,N8324A
5703,N8325D
5704,N8326F
5705,N8327A
5706,N8328A
5707,N8329B
5708,N832AA
5709,N832AW
5710,N832AY
5711,N832DN
5712,N832MH
5713,N832NN
5714,N832SK
5715,N832UA
5716,N83329
5717,N833AA
5718,N833AE
5719,N833AW
5720,N833AY
5721,N833DN
5722,N833MH
5723,N833NN
5724,N833SK
5725,N833UA
5726,N834AA
5727,N834AE
5728,N834AW
5729,N834AY
5730,N834DN
5731,N834JB
5732,N834MH
5733,N834NN
5734,N834SK
5735,N834UA
5736,N835AE
5737,N835AN
5738,N835AW
5739,N835AY
5740,N835DN
5741,N835MH
5742,N835NN
5743,N835UA
5744,N835VA
5745,N836AA
5746,N836AE
5747,N836AW
5748,N836AY
5749,N836DN
5750,N836MH
5751,N836NN
5752,N836SK
5753,N836UA
5754,N836VA
5755,N837AE
5756,N837AN
5757,N837AW
5758,N837DN
5759,N837MH
5760,N837NN
5761,N837SK
5762,N837UA
5763,N837VA
5764,N838AA
5765,N838AE
5766,N838AW
5767,N838DN
5768,N838MH
5769,N838NN
5770,N838SK
5771,N838UA
5772,N838VA
5773,N839AA
5774,N839AW
5775,N839DN
5776,N839MH
5777,N839NN
5778,N839SK
5779,N839UA
5780,N839VA
5781,N840AE
5782,N840AN
5783,N840AW
5784,N840AY
5785,N840DN
5786,N840MH
5787,N840NN
5788,N840SK
5789,N840UA
5790,N840VA
5791,N841AE
5792,N841AN
5793,N841DN
5794,N841MH
5795,N841NN
5796,N841UA
5797,N841VA
5798,N842AA
5799,N842AE
5800,N842DN
5801,N842MH
5802,N842NN
5803,N842UA
5804,N842VA
5805,N84307
5806,N84378
5807,N843AE
5808,N843AN
5809,N843DN
5810,N843MH
5811,N843NN
5812,N843UA
5813,N843VA
5814,N844AE
5815,N844DN
5816,N844MC
5817,N844MH
5818,N844NN
5819,N844UA
5820,N844VA
5821,N845AE
5822,N845DN
5823,N845MD
5824,N845MH
5825,N845NN
5826,N845UA
5827,N845VA
5828,N846AE
5829,N846AN
5830,N846DN
5831,N846NN
5832,N846UA
5833,N846VA
5834,N847DN
5835,N847MF
5836,N847NN
5837,N847UA
5838,N847VA
5839,N848AE
5840,N848AN
5841,N848DN
5842,N848NN
5843,N848UA
5844,N848VA
5845,N849AE
5846,N849AN
5847,N849DN
5848,N849NN
5849,N849UA
5850,N849VA
5851,N8501V
5852,N8502Z
5853,N8503A
5854,N8504G
5855,N8507C
5856,N8508W
5857,N8509U
5858,N850AE
5859,N850AN
5860,N850DN
5861,N850NN
5862,N850UA
5863,N8510E
5864,N8511K
5865,N8512U
5866,N8513F
5867,N8514F
5868,N8515X
5869,N8517F
5870,N8518R
5871,N8519R
5872,N851AE
5873,N851DN
5874,N851MK
5875,N851NN
5876,N851NW
5877,N851UA
5878,N851VA
5879,N8520Q
5880,N8522P
5881,N8523W
5882,N8524Z
5883,N8525S
5884,N8526W
5885,N8527Q
5886,N8528Q
5887,N8529Z
5888,N852AE
5889,N852DN
5890,N852ML
5891,N852NN
5892,N852NW
5893,N852UA
5894,N852VA
5895,N8530W
5896,N8531Q
5897,N85320
5898,N85323
5899,N8532S
5900,N8533S
5901,N85340
5902,N8534Z
5903,N85351
5904,N85352
5905,N85354
5906,N85355
5907,N85356
5908,N85358
5909,N8535S
5910,N85363
5911,N85369
5912,N8536Z
5913,N85370
5914,N85373
5915,N85374
5916,N85376
5917,N85377
5918,N85379
5919,N8537Z
5920,N8538V
5921,N8539V
5922,N853AE
5923,N853DN
5924,N853NN
5925,N853NW
5926,N853UA
5927,N853VA
5928,N8540V
5929,N8541W
5930,N8542Z
5931,N8543Z
5932,N8544Z
5933,N8545V
5934,N8546V
5935,N8547V
5936,N8548P
5937,N8549Z
5938,N854AE
5939,N854AS
5940,N854DN
5941,N854NN
5942,N854NW
5943,N854UA
5944,N854VA
5945,N8550Q
5946,N8551Q
5947,N8552Z
5948,N8553W
5949,N8554X
5950,N8555Z
5951,N8556Z
5952,N8557Q
5953,N8558Z
5954,N8559Q
5955,N855AE
5956,N855DN
5957,N855NN
5958,N855NW
5959,N855RW
5960,N855UA
5961,N855VA
5962,N8560Z
5963,N8561Z
5964,N8562Z
5965,N8563Z
5966,N8564Z
5967,N8565Z
5968,N8566Z
5969,N8567Z
5970,N8568Z
5971,N8569Z
5972,N856AE
5973,N856AS
5974,N856DN
5975,N856NN
5976,N856NW
5977,N856RW
5978,N8570W
5979,N8571Z
5980,N8572X
5981,N8573Z
5982,N8574Z
5983,N8575Z
5984,N8576Z
5985,N8577Z
5986,N8578Q
5987,N8579Z
5988,N857AE
5989,N857AS
5990,N857DZ
5991,N857NN
5992,N857NW
5993,N857RW
5994,N8580Z
5995,N8581Z
5996,N8582Z
5997,N8583Z
5998,N8584Z
5999,N858AE
6000,N858DZ
6001,N858NN
6002,N858NW
6003,N858RW
6004,N859DN
6005,N859NN
6006,N859NW
6007,N859RW
6008,N8600F
6009,N8601C
6010,N8602F
6011,N8603F
6012,N8604K
6013,N8605E
6014,N8606C
6015,N8607M
6016,N8608N
6017,N8609A
6018,N860AS
6019,N860DA
6020,N860DN
6021,N860NN
6022,N860NW
6023,N860RW
6024,N8610A
6025,N8611F
6026,N8612K
6027,N8613K
6028,N8614M
6029,N8615E
6030,N8616C
6031,N8617E
6032,N8618N
6033,N8619F
6034,N861AS
6035,N861DA
6036,N861DN
6037,N861NN
6038,N861NW
6039,N861RW
6040,N8620H
6041,N8621A
6042,N8622A
6043,N8623F
6044,N8624J
6045,N8625A
6046,N8626B
6047,N8627B
6048,N8628A
6049,N8629A
6050,N862AS
6051,N862DA
6052,N862DN
6053,N862NN
6054,N862RW
6055,N86309
6056,N8630B
6057,N86311
6058,N86312
6059,N86316
6060,N8631A
6061,N86322
6062,N86324
6063,N8632A
6064,N86334
6065,N86336
6066,N8633A
6067,N86344
6068,N86347
6069,N8634A
6070,N86350
6071,N8635F
6072,N86371
6073,N86372
6074,N86375
6075,N8637A
6076,N8638A
6077,N8639B
6078,N863AS
6079,N863DA
6080,N863DN
6081,N863NN
6082,N863RW
6083,N8640D
6084,N8641B
6085,N8642E
6086,N8643A
6087,N8644C
6088,N8645A
6089,N8646B
6090,N8647A
6091,N8648A
6092,N8649A
6093,N864AS
6094,N864DA
6095,N864DN
6096,N864NN
6097,N864RW
6098,N8650F
6099,N8651A
6100,N8652B
6101,N86534
6102,N8653A
6103,N8654B
6104,N8655D
6105,N8656B
6106,N8657B
6107,N8658A
6108,N8659D
6109,N865DA
6110,N865DN
6111,N865NN
6112,N865RW
6113,N8660A
6114,N8661A
6115,N8662F
6116,N8663A
6117,N8664J
6118,N8665D
6119,N8667D
6120,N8668A
6121,N8669B
6122,N866AS
6123,N866DA
6124,N866DN
6125,N866NN
6126,N8670A
6127,N8671D
6128,N8672F
6129,N8673F
6130,N8674B
6131,N8675A
6132,N8676A
6133,N8677A
6134,N8678E
6135,N8679A
6136,N867AS
6137,N867DA
6138,N867DN
6139,N867NN
6140,N867RW
6141,N8680C
6142,N8681M
6143,N8682B
6144,N8683B
6145,N8683D
6146,N8684F
6147,N8685B
6148,N8686A
6149,N8687A
6150,N8688C
6151,N8688J
6152,N8689C
6153,N868AS
6154,N868CA
6155,N868DN
6156,N868NN
6157,N868RW
6158,N8690A
6159,N8691A
6160,N8692F
6161,N8693A
6162,N8694A
6163,N8694E
6164,N8695D
6165,N8696E
6166,N8697C
6167,N8698B
6168,N8699A
6169,N869AS
6170,N869DN
6171,N869NN
6172,N869RW
6173,N8701Q
6174,N8702L
6175,N8704Q
6176,N8705Q
6177,N8706W
6178,N8707P
6179,N8708Q
6180,N8709Q
6181,N870AS
6182,N870AX
6183,N870DC
6184,N870DN
6185,N870NN
6186,N870RW
6187,N8710M
6188,N8711Q
6189,N8712L
6190,N8713M
6191,N8714Q
6192,N8715Q
6193,N8716B
6194,N8717M
6195,N8718Q
6196,N8719Q
6197,N871AS
6198,N871AY
6199,N871DN
6200,N871HK
6201,N871NN
6202,N871RW
6203,N871UA
6204,N8720L
6205,N8721J
6206,N8722L
6207,N8723Q
6208,N8724J
6209,N8725L
6210,N8726H
6211,N8727M
6212,N8728Q
6213,N8729H
6214,N872AN
6215,N872CB
6216,N872DC
6217,N872DN
6218,N872NN
6219,N872RW
6220,N872UA
6221,N87302
6222,N87303
6223,N87306
6224,N8730Q
6225,N87318
6226,N87319
6227,N8731J
6228,N8732S
6229,N87337
6230,N87339
6231,N8733M
6232,N87345
6233,N8734Q
6234,N87353
6235,N8735L
6236,N87360
6237,N87364
6238,N87365
6239,N87367
6240,N87368
6241,N8736J
6242,N8737L
6243,N87380
6244,N8738K
6245,N8739L
6246,N873AS
6247,N873BB
6248,N873DN
6249,N873NN
6250,N873RW
6251,N873UA
6252,N8740A
6253,N8741L
6254,N8742M
6255,N8743K
6256,N8744B
6257,N8745K
6258,N8746Q
6259,N8747Q
6260,N8748Q
6261,N8749Q
6262,N874AN
6263,N874AS
6264,N874DN
6265,N874NN
6266,N874RW
6267,N874UA
6268,N87507
6269,N8750Q
6270,N87512
6271,N87513
6272,N8751R
6273,N87527
6274,N8752Q
6275,N87531
6276,N8753Q
6277,N8754S
6278,N8755L
6279,N8756S
6280,N8757L
6281,N8758L
6282,N8759Q
6283,N875AS
6284,N875BD
6285,N875DN
6286,N875NN
6287,N875RW
6288,N875UA
6289,N8760L
6290,N8761L
6291,N8762Q
6292,N8763L
6293,N8764Q
6294,N8765Q
6295,N8766T
6296,N8767M
6297,N8768Q
6298,N8769Q
6299,N876AL
6300,N876AS
6301,N876DN
6302,N876NN
6303,N876UA
6304,N8770Q
6305,N8771D
6306,N8772M
6307,N8773Q
6308,N8774Q
6309,N8775A
6310,N8775Q
6311,N8776L
6312,N8777Q
6313,N8778Q
6314,N8779Q
6315,N877AS
6316,N877BF
6317,N877DN
6318,N877NN
6319,N877UA
6320,N8780Q
6321,N8781Q
6322,N8782Q
6323,N8783E
6324,N8783L
6325,N8784Q
6326,N8785L
6327,N8786Q
6328,N8787K
6329,N8788L
6330,N8789Q
6331,N878AS
6332,N878BG
6333,N878DN
6334,N878NN
6335,N878RW
6336,N878UA
6337,N8790Q
6338,N8791D
6339,N8792Q
6340,N8793Q
6341,N8794Q
6342,N8795L
6343,N8796L
6344,N8797Q
6345,N8798Q
6346,N879AS
6347,N879BH
6348,N879DN
6349,N879NN
6350,N879RW
6351,N879UA
6352,N8800L
6353,N8801Q
6354,N8802Q
6355,N8803L
6356,N8804L
6357,N8805L
6358,N8806Q
6359,N8807L
6360,N8808Q
6361,N8809L
6362,N880AS
6363,N880BJ
6364,N880DN
6365,N880NN
6366,N880RW
6367,N880UA
6368,N8810L
6369,N8811L
6370,N8812Q
6371,N8813Q
6372,N8814K
6373,N8815L
6374,N8816Q
6375,N8817L
6376,N8818Q
6377,N8819L
6378,N881AS
6379,N881BK
6380,N881DN
6381,N881NN
6382,N881UA
6383,N8820L
6384,N8821S
6385,N8822Q
6386,N8823Q
6387,N8824Q
6388,N8825Q
6389,N8826Q
6390,N8827Q
6391,N8828D
6392,N8828L
6393,N8829Q
6394,N882AS
6395,N882BL
6396,N882DN
6397,N882NN
6398,N882RW
6399,N882UA
6400,N88301
6401,N8830Q
6402,N88310
6403,N8831L
6404,N88325
6405,N88326
6406,N88327
6407,N88328
6408,N8832H
6409,N88330
6410,N88331
6411,N88332
6412,N88335
6413,N8833L
6414,N88341
6415,N88346
6416,N8834L
6417,N88359
6418,N8835Q
6419,N8836A
6420,N8836Q
6421,N8837B
6422,N8837Q
6423,N8838Q
6424,N8839E
6425,N8839Q
6426,N883BM
6427,N883DN
6428,N883NN
6429,N883UA
6430,N8840Q
6431,N8841L
6432,N8842L
6433,N8843S
6434,N8844Q
6435,N8845L
6436,N8846Q
6437,N8847A
6438,N8847Q
6439,N8848Q
6440,N8849Q
6441,N884AA
6442,N884AS
6443,N884DN
6444,N884NN
6445,N884UA
6446,N8850Q
6447,N8851Q
6448,N8852Q
6449,N8853Q
6450,N8854Q
6451,N8855Q
6452,N8856S
6453,N8857Q
6454,N8858K
6455,N8859Q
6456,N885AS
6457,N885BP
6458,N885DN
6459,N885NN
6460,N8860S
6461,N8861Q
6462,N8862Q
6463,N8863Q
6464,N8864H
6465,N8865L
6466,N8866H
6467,N8867Q
6468,N8868L
6469,N8869B
6470,N8869L
6471,N886AS
6472,N886BR
6473,N886DN
6474,N886NN
6475,N8870K
6476,N8871Q
6477,N8872Q
6478,N8873S
6479,N8874Q
6480,N8875B
6481,N8876Q
6482,N8877A
6483,N8877Q
6484,N8878L
6485,N8879Q
6486,N887DN
6487,N887NN
6488,N8880G
6489,N8881L
6490,N8882Q
6491,N8883Q
6492,N8884E
6493,N8884Q
6494,N8885
6495,N8885Q
6496,N8886A
6497,N8886C
6498,N8887Q
6499,N8888M
6500,N8889Q
6501,N888DU
6502,N8890Q
6503,N8891A
6504,N8891Q
6505,N8892S
6506,N8893L
6507,N8894A
6508,N8894Q
6509,N8895Q
6510,N8896A
6511,N8896L
6512,N8897K
6513,N8898L
6514,N8899H
6515,N889AS
6516,N889DN
6517,N889NN
6518,N889UA
6519,N8900L
6520,N8901Q
6521,N8902Q
6522,N8903A
6523,N8903H
6524,N8904L
6525,N8905Q
6526,N8906K
6527,N8907L
6528,N8908D
6529,N8908Q
6530,N8909L
6531,N890DN
6532,N890NN
6533,N890UA
6534,N8910Q
6535,N8911Q
6536,N8912Q
6537,N8913S
6538,N8914Q
6539,N8915Q
6540,N8916Q
6541,N8917Q
6542,N8918B
6543,N8918Q
6544,N8919K
6545,N891AT
6546,N891DN
6547,N891NN
6548,N891UA
6549,N8920Q
6550,N8921Q
6551,N8922Q
6552,N8923A
6553,N8923Q
6554,N8924Q
6555,N8925Q
6556,N8926Q
6557,N8927Q
6558,N8928A
6559,N8928Q
6560,N8929S
6561,N892AT
6562,N892DN
6563,N892NN
6564,N892UA
6565,N89304
6566,N89308
6567,N8930S
6568,N89313
6569,N89315
6570,N89317
6571,N8931L
6572,N89321
6573,N8932C
6574,N8932Q
6575,N8933B
6576,N8933Q
6577,N89342
6578,N89349
6579,N8934Q
6580,N89357
6581,N8935Q
6582,N89362
6583,N8936A
6584,N8936Q
6585,N8937Q
6586,N8938Q
6587,N8939Q
6588,N893AT
6589,N893DN
6590,N893NN
6591,N893UA
6592,N8940Q
6593,N8941Q
6594,N8942A
6595,N8942L
6596,N8943A
6597,N8943Q
6598,N8944Q
6599,N8945Q
6600,N8946A
6601,N8946L
6602,N8947Q
6603,N8948Q
6604,N8949Q
6605,N894AT
6606,N894DN
6607,N894NN
6608,N894UA
6609,N8950L
6610,N8951S
6611,N8952Q
6612,N8953Q
6613,N8954Q
6614,N8955Q
6615,N8956Q
6616,N8957Q
6617,N8958Q
6618,N8959Q
6619,N895AT
6620,N895DN
6621,N895NN
6622,N895UA
6623,N8960L
6624,N8961K
6625,N8962L
6626,N8963Q
6627,N8964L
6628,N8965E
6629,N8965Q
6630,N8966S
6631,N8967Q
6632,N8968E
6633,N8969A
6634,N8969S
6635,N896AT
6636,N896DN
6637,N896NN
6638,N896SK
6639,N896UA
6640,N8970D
6641,N8970Q
6642,N8971L
6643,N8972S
6644,N8973S
6645,N8974C
6646,N8974K
6647,N8975K
6648,N8976E
6649,N8976K
6650,N8977G
6651,N8978G
6652,N8979L
6653,N897AK
6654,N897DN
6655,N897NN
6656,N897SK
6657,N897UA
6658,N8980A
6659,N8980Q
6660,N8981Q
6661,N8982A
6662,N8982S
6663,N8983Q
6664,N8984L
6665,N8985Q
6666,N8986B
6667,N8986Q
6668,N8987Q
6669,N8988S
6670,N8989L
6671,N898DN
6672,N898NN
6673,N898SK
6674,N898UA
6675,N8992L
6676,N899AT
6677,N899DN
6678,N899NN
6679,N899SK
6680,N899UA
6681,N90024
6682,N9002U
6683,N9004F
6684,N9006
6685,N9008U
6686,N900AE
6687,N900DE
6688,N900DU
6689,N900EV
6690,N900PC
6691,N900UW
6692,N900WN
6693,N9010R
6694,N9011P
6695,N9012
6696,N9013A
6697,N9015D
6698,N9016
6699,N9017P
6700,N9018E
6701,N9019F
6702,N901AA
6703,N901AN
6704,N901DE
6705,N901DN
6706,N901EV
6707,N901NK
6708,N901NN
6709,N901WN
6710,N901XJ
6711,N9021H
6712,N9022G
6713,N9023N
6714,N9025B
6715,N9026C
6716,N9029F
6717,N902AA
6718,N902AN
6719,N902BC
6720,N902DE
6721,N902DN
6722,N902EV
6723,N902FJ
6724,N902NK
6725,N902NN
6726,N902WN
6727,N902XJ
6728,N903AA
6729,N903AK
6730,N903AN
6731,N903DE
6732,N903DN
6733,N903EV
6734,N903FJ
6735,N903JB
6736,N903NK
6737,N903NN
6738,N903SW
6739,N903WN
6740,N903XJ
6741,N904AA
6742,N904AN
6743,N904DE
6744,N904DL
6745,N904DN
6746,N904EV
6747,N904FJ
6748,N904NK
6749,N904NN
6750,N904WN
6751,N904XJ
6752,N905AN
6753,N905AU
6754,N905DA
6755,N905DE
6756,N905DL
6757,N905DN
6758,N905EV
6759,N905J
6760,N905JB
6761,N905JH
6762,N905NK
6763,N905NN
6764,N905SW
6765,N905WN
6766,N905XJ
6767,N906AA
6768,N906AN
6769,N906AT
6770,N906DA
6771,N906DE
6772,N906DL
6773,N906DN
6774,N906EV
6775,N906FJ
6776,N906NK
6777,N906NN
6778,N906SW
6779,N906WN
6780,N906XJ
6781,N907AA
6782,N907AN
6783,N907DA
6784,N907DE
6785,N907DL
6786,N907DN
6787,N907EV
6788,N907FJ
6789,N907JB
6790,N907NK
6791,N907NN
6792,N907SW
6793,N907WN
6794,N907XJ
6795,N908AA
6796,N908AE
6797,N908AN
6798,N908DA
6799,N908DE
6800,N908DL
6801,N908DN
6802,N908EV
6803,N908FJ
6804,N908NK
6805,N908NN
6806,N908SW
6807,N908WN
6808,N908XJ
6809,N909AE
6810,N909AM
6811,N909AN
6812,N909DA
6813,N909DE
6814,N909DN
6815,N909EV
6816,N909FJ
6817,N909NN
6818,N909SW
6819,N909WN
6820,N909XJ
6821,N91007
6822,N910AN
6823,N910AT
6824,N910AU
6825,N910DE
6826,N910DL
6827,N910DN
6828,N910DU
6829,N910EV
6830,N910FJ
6831,N910FR
6832,N910NK
6833,N910NN
6834,N910SW
6835,N910WN
6836,N910XJ
6837,N911DA
6838,N911DE
6839,N911DL
6840,N911DQ
6841,N911FJ
6842,N912AK
6843,N912AN
6844,N912DE
6845,N912DL
6846,N912DN
6847,N912DU
6848,N912EV
6849,N912FJ
6850,N912NK
6851,N912NN
6852,N912SW
6853,N912UY
6854,N912WN
6855,N912XJ
6856,N913AK
6857,N913AN
6858,N913DE
6859,N913DL
6860,N913DN
6861,N913DU
6862,N913EV
6863,N913FJ
6864,N913JB
6865,N913NK
6866,N913NN
6867,N913SW
6868,N913US
6869,N913WN
6870,N913XJ
6871,N914AN
6872,N914DN
6873,N914DU
6874,N914EV
6875,N914FJ
6876,N914NN
6877,N914UY
6878,N914WN
6879,N914XJ
6880,N915AK
6881,N915AN
6882,N915AT
6883,N915DE
6884,N915DL
6885,N915DN
6886,N915DU
6887,N915EV
6888,N915FJ
6889,N915NK
6890,N915NN
6891,N915SW
6892,N915US
6893,N915WN
6894,N915XJ
6895,N916AN
6896,N916DE
6897,N916DL
6898,N916DN
6899,N916DU
6900,N916EV
6901,N916FJ
6902,N916NK
6903,N916NN
6904,N916SW
6905,N916US
6906,N916WN
6907,N916XJ
6908,N917AK
6909,N917AN
6910,N917DL
6911,N917DN
6912,N917DU
6913,N917EV
6914,N917FJ
6915,N917NK
6916,N917NN
6917,N917SW
6918,N917UY
6919,N917WN
6920,N917XJ
6921,N918AE
6922,N918AK
6923,N918AN
6924,N918DE
6925,N918DH
6926,N918DU
6927,N918FJ
6928,N918NK
6929,N918NN
6930,N918SW
6931,N918US
6932,N918WN
6933,N918XJ
6934,N919AK
6935,N919AN
6936,N919AT
6937,N919DN
6938,N919DU
6939,N919EV
6940,N919FJ
6941,N919NK
6942,N919NN
6943,N919SW
6944,N919US
6945,N919WN
6946,N919XJ
6947,N920AK
6948,N920AN
6949,N920AT
6950,N920DE
6951,N920DN
6952,N920DU
6953,N920EV
6954,N920FJ
6955,N920NK
6956,N920NN
6957,N920SW
6958,N920US
6959,N920WN
6960,N920XJ
6961,N921AK
6962,N921AN
6963,N921AT
6964,N921DN
6965,N921DU
6966,N921EV
6967,N921FJ
6968,N921NK
6969,N921NN
6970,N921SW
6971,N921US
6972,N921VA
6973,N921WN
6974,N921XJ
6975,N922AE
6976,N922AN
6977,N922AT
6978,N922DL
6979,N922DX
6980,N922DZ
6981,N922EV
6982,N922FJ
6983,N922NK
6984,N922NN
6985,N922US
6986,N922VA
6987,N922WN
6988,N922XJ
6989,N923AE
6990,N923AN
6991,N923AT
6992,N923DN
6993,N923DZ
6994,N923EV
6995,N923FJ
6996,N923JB
6997,N923NK
6998,N923NN
6999,N923SW
7000,N923US
7001,N923VA
7002,N923WN
7003,N923XJ
7004,N924AK
7005,N924AN
7006,N924AT
7007,N924DN
7008,N924DZ
7009,N924EV
7010,N924FJ
7011,N924NK
7012,N924NN
7013,N924SW
7014,N924US
7015,N924VA
7016,N924WN
7017,N924XJ
7018,N925AE
7019,N925AN
7020,N925AT
7021,N925DN
7022,N925DZ
7023,N925EV
7024,N925FJ
7025,N925NK
7026,N925NN
7027,N925SW
7028,N925UY
7029,N925VA
7030,N925WN
7031,N925XJ
7032,N926AK
7033,N926AN
7034,N926AT
7035,N926DH
7036,N926DZ
7037,N926EV
7038,N926FR
7039,N926LR
7040,N926NK
7041,N926NN
7042,N926SW
7043,N926UW
7044,N926VA
7045,N926WN
7046,N926XJ
7047,N927AN
7048,N927AT
7049,N927DN
7050,N927DZ
7051,N927EV
7052,N927FR
7053,N927LR
7054,N927NK
7055,N927NN
7056,N927SW
7057,N927UW
7058,N927VA
7059,N927WN
7060,N927XJ
7061,N928AE
7062,N928AK
7063,N928AM
7064,N928AN
7065,N928AT
7066,N928DN
7067,N928DU
7068,N928EV
7069,N928LR
7070,N928NK
7071,N928NN
7072,N928SW
7073,N928VA
7074,N928WN
7075,N928XJ
7076,N929AA
7077,N929AK
7078,N929AN
7079,N929AT
7080,N929DN
7081,N929DZ
7082,N929EV
7083,N929JB
7084,N929LR
7085,N929NK
7086,N929NN
7087,N929SW
7088,N929VA
7089,N929WN
7090,N929XJ
7091,N93003
7092,N930AN
7093,N930AT
7094,N930AU
7095,N930DN
7096,N930DZ
7097,N930EV
7098,N930LR
7099,N930NK
7100,N930NN
7101,N930SW
7102,N930VA
7103,N930WN
7104,N930XJ
7105,N931AE
7106,N931AK
7107,N931AM
7108,N931AN
7109,N931DN
7110,N931DQ
7111,N931EV
7112,N931LR
7113,N931NK
7114,N931NN
7115,N931WN
7116,N931XJ
7117,N932AE
7118,N932AK
7119,N932AM
7120,N932AN
7121,N932AT
7122,N932DZ
7123,N932EV
7124,N932LR
7125,N932NK
7126,N932NN
7127,N932SW
7128,N932WN
7129,N932XJ
7130,N93305
7131,N933AK
7132,N933AM
7133,N933AN
7134,N933AT
7135,N933DZ
7136,N933EV
7137,N933JN
7138,N933LR
7139,N933NK
7140,N933NN
7141,N933WN
7142,N933XJ
7143,N934AA
7144,N934AK
7145,N934AN
7146,N934AT
7147,N934DN
7148,N934DZ
7149,N934FJ
7150,N934JB
7151,N934NK
7152,N934NN
7153,N934SW
7154,N934WN
7155,N934XJ
7156,N935AE
7157,N935AK
7158,N935AN
7159,N935AT
7160,N935DN
7161,N935DZ
7162,N935JB
7163,N935LR
7164,N935NK
7165,N935NN
7166,N935SW
7167,N935WN
7168,N935XJ
7169,N936AK
7170,N936AN
7171,N936AT
7172,N936DN
7173,N936DZ
7174,N936EV
7175,N936NK
7176,N936NN
7177,N936SW
7178,N936WN
7179,N936XJ
7180,N937AK
7181,N937AN
7182,N937AT
7183,N937DZ
7184,N937EV
7185,N937JB
7186,N937NK
7187,N937NN
7188,N937SW
7189,N937WN
7190,N937XJ
7191,N938AK
7192,N938AN
7193,N938AT
7194,N938DZ
7195,N938FR
7196,N938LR
7197,N938NK
7198,N938NN
7199,N938SW
7200,N938UW
7201,N938WN
7202,N939AE
7203,N939AN
7204,N939AT
7205,N939DZ
7206,N939FR
7207,N939LR
7208,N939NK
7209,N939NN
7210,N939SW
7211,N939UW
7212,N939WN
7213,N940AN
7214,N940AT
7215,N940DN
7216,N940DU
7217,N940NK
7218,N940NN
7219,N940WN
7220,N941AK
7221,N941AN
7222,N941DN
7223,N941DZ
7224,N941FR
7225,N941LT
7226,N941NK
7227,N941NN
7228,N941SW
7229,N941WN
7230,N942AK
7231,N942AN
7232,N942AT
7233,N942DN
7234,N942DZ
7235,N942JB
7236,N942LL
7237,N942LR
7238,N942NK
7239,N942NN
7240,N942WN
7241,N943AK
7242,N943AN
7243,N943AT
7244,N943DN
7245,N943DZ
7246,N943FR
7247,N943JB
7248,N943JT
7249,N943LR
7250,N943NK
7251,N943NN
7252,N943SW
7253,N943WN
7254,N944AN
7255,N944AT
7256,N944DZ
7257,N944JB
7258,N944JT
7259,N944LR
7260,N944NK
7261,N944NN
7262,N944SW
7263,N944UW
7264,N944WN
7265,N94556
7266,N945AN
7267,N945AT
7268,N945DN
7269,N945DZ
7270,N945JB
7271,N945JT
7272,N945LR
7273,N945NK
7274,N945NN
7275,N945SW
7276,N945UW
7277,N945WN
7278,N946AK
7279,N946AN
7280,N946AT
7281,N946DN
7282,N946DZ
7283,N946JB
7284,N946JL
7285,N946LR
7286,N946NK
7287,N946NN
7288,N946SW
7289,N946UW
7290,N946WN
7291,N947AK
7292,N947AN
7293,N947AT
7294,N947DL
7295,N947DN
7296,N947DZ
7297,N947JB
7298,N947LR
7299,N947NK
7300,N947NN
7301,N947SW
7302,N947UW
7303,N947WN
7304,N948AK
7305,N948AN
7306,N948AT
7307,N948DL
7308,N948DZ
7309,N948JB
7310,N948LR
7311,N948NK
7312,N948NN
7313,N948UW
7314,N948WN
7315,N949AK
7316,N949AN
7317,N949AT
7318,N949DL
7319,N949DZ
7320,N949FR
7321,N949JB
7322,N949JT
7323,N949NK
7324,N949NN
7325,N949UW
7326,N949WN
7327,N950AN
7328,N950AT
7329,N950DL
7330,N950DN
7331,N950DZ
7332,N950JB
7333,N950JT
7334,N950LR
7335,N950NK
7336,N950NN
7337,N950UW
7338,N950WN
7339,N950XV
7340,N951AA
7341,N951AT
7342,N951DL
7343,N951DN
7344,N951DX
7345,N951LR
7346,N951NK
7347,N951NN
7348,N951SW
7349,N951UW
7350,N951WN
7351,N951XV
7352,N952AA
7353,N952AK
7354,N952AT
7355,N952DL
7356,N952DN
7357,N952DZ
7358,N952JB
7359,N952LR
7360,N952NK
7361,N952NN
7362,N952SW
7363,N952UW
7364,N952WN
7365,N952XV
7366,N953AK
7367,N953AN
7368,N953AT
7369,N953DL
7370,N953DZ
7371,N953LR
7372,N953NK
7373,N953NN
7374,N953SW
7375,N953UW
7376,N953WN
7377,N953XV
7378,N954AK
7379,N954AN
7380,N954AT
7381,N954DL
7382,N954DZ
7383,N954JB
7384,N954LR
7385,N954NK
7386,N954NN
7387,N954SW
7388,N954UW
7389,N954WN
7390,N954XV
7391,N955AK
7392,N955AN
7393,N955AT
7394,N955DL
7395,N955DZ
7396,N955JB
7397,N955LR
7398,N955NK
7399,N955NN
7400,N955SW
7401,N955UW
7402,N955WN
7403,N955XV
7404,N956AK
7405,N956AN
7406,N956AT
7407,N956DL
7408,N956DZ
7409,N956JB
7410,N956JT
7411,N956LR
7412,N956NK
7413,N956NN
7414,N956SW
7415,N956UW
7416,N956WN
7417,N956XV
7418,N957AN
7419,N957AT
7420,N957DL
7421,N957DZ
7422,N957JB
7423,N957LR
7424,N957NK
7425,N957NN
7426,N957SW
7427,N957UW
7428,N957WN
7429,N957XV
7430,N958AK
7431,N958AN
7432,N958AT
7433,N958DL
7434,N958DZ
7435,N958JB
7436,N958LR
7437,N958NK
7438,N958NN
7439,N958SW
7440,N958UW
7441,N958WN
7442,N958XV
7443,N959AN
7444,N959AT
7445,N959DL
7446,N959DZ
7447,N959JB
7448,N959LR
7449,N959NK
7450,N959NN
7451,N959SW
7452,N959UW
7453,N959WN
7454,N959XV
7455,N960AK
7456,N960AN
7457,N960AT
7458,N960DL
7459,N960DN
7460,N960DZ
7461,N960NK
7462,N960NN
7463,N960SW
7464,N960WN
7465,N9615W
7466,N9616G
7467,N9617R
7468,N9618A
7469,N9619V
7470,N961AK
7471,N961AN
7472,N961AT
7473,N961DL
7474,N961DZ
7475,N961JB
7476,N961JT
7477,N961NK
7478,N961NN
7479,N961SW
7480,N961TW
7481,N961UW
7482,N961WN
7483,N9620D
7484,N9621A
7485,N9624T
7486,N9626F
7487,N9628W
7488,N9629H
7489,N962AK
7490,N962AN
7491,N962DL
7492,N962DN
7493,N962DZ
7494,N962JB
7495,N962JT
7496,N962NK
7497,N962NN
7498,N962SW
7499,N962WN
7500,N9630A
7501,N963AK
7502,N963AN
7503,N963AT
7504,N963DL
7505,N963DN
7506,N963DZ
7507,N963NK
7508,N963NN
7509,N963SW
7510,N963TW
7511,N963UW
7512,N963WN
7513,N964AK
7514,N964AN
7515,N964AT
7516,N964DL
7517,N964JB
7518,N964JT
7519,N964NK
7520,N964NN
7521,N964SW
7522,N964TW
7523,N964WN
7524,N965AN
7525,N965AT
7526,N965DL
7527,N965JB
7528,N965JT
7529,N965NK
7530,N965NN
7531,N965SW
7532,N965TW
7533,N965UW
7534,N965WN
7535,N966AK
7536,N966AN
7537,N966AT
7538,N966DL
7539,N966JB
7540,N966JT
7541,N966NK
7542,N966NN
7543,N966TW
7544,N966WN
7545,N9677W
7546,N967AK
7547,N967AN
7548,N967AT
7549,N967DL
7550,N967JB
7551,N967JT
7552,N967NK
7553,N967NN
7554,N967SW
7555,N967UW
7556,N967WN
7557,N9681B
7558,N968AK
7559,N968AN
7560,N968AT
7561,N968DL
7562,N968JB
7563,N968JT
7564,N968NK
7565,N968NN
7566,N968TW
7567,N968WN
7568,N969AK
7569,N969AN
7570,N969DL
7571,N969JB
7572,N969JT
7573,N969NK
7574,N969NN
7575,N969SW
7576,N969TW
7577,N969WN
7578,N970AN
7579,N970AT
7580,N970DL
7581,N970JB
7582,N970NK
7583,N970NN
7584,N970SW
7585,N970TW
7586,N970UY
7587,N971AK
7588,N971AN
7589,N971AT
7590,N971DL
7591,N971JB
7592,N971JT
7593,N971NK
7594,N971NN
7595,N971SW
7596,N971TW
7597,N971UY
7598,N972AK
7599,N972AN
7600,N972AT
7601,N972DL
7602,N972JB
7603,N972JT
7604,N972NK
7605,N972NN
7606,N972UY
7607,N973AK
7608,N973AN
7609,N973DL
7610,N973JB
7611,N973JT
7612,N973NK
7613,N973NN
7614,N973SW
7615,N973UY
7616,N974AK
7617,N974AN
7618,N974AT
7619,N974DL
7620,N974JB
7621,N974JT
7622,N974NK
7623,N974UY
7624,N975AK
7625,N975AN
7626,N975DL
7627,N975JB
7628,N975JT
7629,N975NK
7630,N975SW
7631,N975UY
7632,N976AK
7633,N976AN
7634,N976DL
7635,N976JB
7636,N976JT
7637,N976NK
7638,N976NN
7639,N976SW
7640,N976UY
7641,N977AK
7642,N977AT
7643,N977DL
7644,N977JB
7645,N977JE
7646,N977NK
7647,N977NN
7648,N977UY
7649,N978AK
7650,N978AN
7651,N978AT
7652,N978DL
7653,N978JB
7654,N978NK
7655,N978NN
7656,N978SW
7657,N978UY
7658,N979AK
7659,N979AN
7660,N979AT
7661,N979DL
7662,N979EV
7663,N979JB
7664,N979JT
7665,N979NK
7666,N979NN
7667,N979RP
7668,N979SW
7669,N979TW
7670,N979UY
7671,N980AN
7672,N980AT
7673,N980DL
7674,N980EV
7675,N980JB
7676,N980JT
7677,N980NK
7678,N980NN
7679,N980SW
7680,N980TW
7681,N980UY
7682,N981AN
7683,N981AT
7684,N981DL
7685,N981EV
7686,N981JB
7687,N981JT
7688,N981NK
7689,N981NN
7690,N981UY
7691,N982AK
7692,N982AN
7693,N982AT
7694,N982DL
7695,N982JB
7696,N982NK
7697,N982NN
7698,N982SW
7699,N982TW
7700,N982VJ
7701,N983AK
7702,N983AN
7703,N983AT
7704,N983DL
7705,N983JB
7706,N983JT
7707,N983NK
7708,N983NN
7709,N983SW
7710,N983TW
7711,N984AK
7712,N984DL
7713,N984JB
7714,N984NK
7715,N984NN
7716,N984TW
7717,N985AK
7718,N985AT
7719,N985DL
7720,N985JB
7721,N985JT
7722,N985NK
7723,N985NN
7724,N986AN
7725,N986AT
7726,N986DL
7727,N986JB
7728,N986NK
7729,N986NN
7730,N986SW
7731,N987AM
7732,N987AN
7733,N987DL
7734,N987DN
7735,N987JB
7736,N987JT
7737,N987NK
7738,N987NN
7739,N987SW
7740,N988AL
7741,N988AT
7742,N988DL
7743,N988DN
7744,N988JB
7745,N988JT
7746,N988NK
7747,N988NN
7748,N989AN
7749,N989AT
7750,N989AU
7751,N989DL
7752,N989DN
7753,N989JB
7754,N989JT
7755,N989NK
7756,N989NN
7757,N990AK
7758,N990AN
7759,N990AT
7760,N990AU
7761,N990DL
7762,N990JB
7763,N990JL
7764,N990NK
7765,N990NN
7766,N991AN
7767,N991AT
7768,N991AU
7769,N991DL
7770,N991JB
7771,N991JT
7772,N991NK
7773,N991NN
7774,N992AN
7775,N992AT
7776,N992AU
7777,N992DL
7778,N992JB
7779,N992NK
7780,N992NN
7781,N993AN
7782,N993AT
7783,N993DL
7784,N993JB
7785,N993JE
7786,N993NK
7787,N993NN
7788,N994AN
7789,N994AT
7790,N994DL
7791,N994JB
7792,N994JL
7793,N994NK
7794,N994NN
7795,N995AN
7796,N995AT
7797,N995DL
7798,N995JB
7799,N995JL
7800,N995NN
7801,N996AN
7802,N996AT
7803,N996DL
7804,N996JB
7805,N996JL
7806,N996NN
7807,N997AA
7808,N997AT
7809,N997DL
7810,N997JB
7811,N997JL
7812,N997NN
7813,N998AN
7814,N998AT
7815,N998DL
7816,N998JB
7817,N998JE
7818,N998NN
7819,N999DN
7820,N999FR
7821,N999JB
7822,N999JQ
7823,NBU5OO
7824,NE175S
7825,NN621K
7826,NNK
7827,NT200
7828,NTCR2
7829,NTE7L
7830,NTE7R
7831,Q38143
7832,SS1
7833,SS2
7834,SS3
7835,n714FR
