checkpointId,airportId,airportCode,checkpointName,checkpointSlug,totalRecords,totalThroughput,firstSeen,lastSeen
0,0,UNKNOWN,Unresolved Checkpoint,UNKNOWN - Unresolved Checkpoint,22190,9719091,20190120,20260103
203,24,ATL,A1,ATL - A1,70,1087,20190102,20260509
204,24,ATL,A2,ATL - A2,4,15,20190102,20190108
205,24,ATL,ATL-,ATL - ATL-,87,42556,20220403,20251114
206,24,ATL,ATL-GA,ATL - ATL-GA,771,278127,20260111,20260328
207,24,ATL,AUS01,ATL - AUS01,83,18090,20190101,20260508
208,24,ATL,AUS02,ATL - AUS02,22,4144,20190102,20190703
209,24,ATL,AUS02E,ATL - AUS02E,7,337,20220503,20220703
210,24,ATL,AUS03,ATL - AUS03,20,1241,20190102,20190119
211,24,ATL,Arrival Checkpoint,ATL - Arrival Checkpoint,47649,12771748,20190102,20260611
212,24,ATL,B5,ATL - B5,2,11,20190113,20200222
213,24,ATL,C2,ATL - C2,5,122,20190112,20220515
214,24,ATL,Checkpoint,ATL - Checkpoint,97,392,20190112,20220129
215,24,ATL,Concourse A,ATL - Concourse A,175,134,20211110,20221203
216,24,ATL,Concourse Checkpoint,ATL - Concourse Checkpoint,17181,9547128,20190102,20260612
217,24,ATL,Departure Checkpoint,ATL - Departure Checkpoint,42552,18740309,20190101,20260611
218,24,ATL,E2,ATL - E2,3,309,20190112,20190116
219,24,ATL,Employee Checkpoint,ATL - Employee Checkpoint,1,76,20190314,20190314
220,24,ATL,F Departure Checkpoint,ATL - F Departure Checkpoint,3,274,20190102,20190118
221,24,ATL,Lower North Checkpoint,ATL - Lower North Checkpoint,19568,8778934,20221118,20260611
222,24,ATL,Main Checkpoint,ATL - Main Checkpoint,57431,58075590,20190101,20260613
223,24,ATL,New T North Checkpoint,ATL - New T North Checkpoint,40423,22140806,20190101,20260611
224,24,ATL,North Checkpoint,ATL - North Checkpoint,1,6,20220730,20220730
225,24,ATL,Private Terminal,ATL - Private Terminal,6749,18310,20230827,20260613
226,24,ATL,South Checkpoint,ATL - South Checkpoint,38635,30815358,20190101,20260611
227,24,ATL,T South Checkpoint,ATL - T South Checkpoint,7,2245,20190105,20190115
228,24,ATL,Terminal 2 - South - Main Checkpoint,ATL - Terminal 2 - South - Main Checkpoint,4,134,20190112,20190118
229,24,ATL,US01,ATL - US01,1,4,20190105,20190105
230,24,ATL,ain Checkpoint,ATL - ain Checkpoint,1,243,20190105,20190105
231,24,ATL,erminal 2 - South - Main Checkpoint,ATL - erminal 2 - South - Main Checkpoint,1,17,20190105,20190105
255,27,AUS,10,AUS - 10,2,775,20220711,20240102
256,27,AUS,2,AUS - 2,2,776,20190401,20200731
257,27,AUS,5,AUS - 5,1,372,20240727,20240727
258,27,AUS,6,AUS - 6,3,625,20220918,20241030
259,27,AUS,7,AUS - 7,1,268,20200726,20200726
260,27,AUS,8,AUS - 8,1,240,20230423,20230423
261,27,AUS,A1,AUS - A1,1023,153242,20190101,20260508
262,27,AUS,A2,AUS - A2,1,3,20190101,20190101
263,27,AUS,AUS-,AUS - AUS-,82,40256,20220403,20251113
264,27,AUS,AUS-TX,AUS - AUS-TX,650,342893,20260111,20260328
265,27,AUS,AUS01,AUS - AUS01,49293,28497472,20190101,20260613
266,27,AUS,AUS02,AUS - AUS02,17119,5523480,20190101,20260613
267,27,AUS,AUS02E,AUS - AUS02E,20853,4813550,20211212,20260201
268,27,AUS,AUS02W,AUS - AUS02W,27709,14134499,20210912,20260201
269,27,AUS,AUS03,AUS - AUS03,22283,4676012,20190101,20260613
270,27,AUS,AUS04,AUS - AUS04,1325,441000,20260223,20260613
271,27,AUS,AUSST,AUS - AUSST,16281,1346545,20210912,20260331
272,27,AUS,B1,AUS - B1,2,1,20251103,20260503
273,27,AUS,B5,AUS - B5,11,328,20190113,20220703
274,27,AUS,C2,AUS - C2,12,105,20190105,20251108
275,27,AUS,Central,AUS - Central,1,210,20220915,20220915
276,27,AUS,Checkpoint,AUS - Checkpoint,16,1175,20190107,20240916
277,27,AUS,Checkpoint B,AUS - Checkpoint B,2,453,20191106,20231217
278,27,AUS,Checkpoint F,AUS - Checkpoint F,1,663,20190418,20190418
279,27,AUS,Concourse A,AUS - Concourse A,19,592,20211109,20230326
280,27,AUS,E2,AUS - E2,6,713,20190105,20190117
281,27,AUS,Employee Checkpoint,AUS - Employee Checkpoint,1,148,20230715,20230715
282,27,AUS,International,AUS - International,1,16,20230429,20230429
283,27,AUS,North,AUS - North,1,318,20230623,20230623
284,27,AUS,Terminal 1 Checkpoint,AUS - Terminal 1 Checkpoint,1,27,20211111,20211111
285,27,AUS,Terminal 2,AUS - Terminal 2,1,503,20210824,20210824
286,27,AUS,Terminal 2 - South - Main Checkpoint,AUS - Terminal 2 - South - Main Checkpoint,10612,782036,20190102,20210911
287,27,AUS,Terminal A,AUS - Terminal A,2,783,20230312,20240323
595,50,BOS,(1),BOS - (1),2284,267868,20190217,20191015
596,50,BOS,(Framingham),BOS - (Framingham),117,1948,20260601,20260613
597,50,BOS,1,BOS - 1,1,886,20230720,20230720
598,50,BOS,10,BOS - 10,4,1068,20221005,20250409
599,50,BOS,2,BOS - 2,6,1489,20200318,20230404
600,50,BOS,5,BOS - 5,7,2674,20191027,20240412
601,50,BOS,6,BOS - 6,3,1033,20230916,20250316
602,50,BOS,7,BOS - 7,3,768,20200711,20221105
603,50,BOS,A1,BOS - A1,7499,5149641,20190103,20260611
604,50,BOS,B1,BOS - B1,45775,20524249,20190103,20260612
605,50,BOS,B3,BOS - B3,1695,89063,20190101,20190518
606,50,BOS,B5,BOS - B5,48508,22527415,20190101,20260611
607,50,BOS,BOS-,BOS - BOS-,77,39646,20220403,20251115
608,50,BOS,BOS-MA,BOS - BOS-MA,687,428492,20260111,20260328
609,50,BOS,BUR01,BOS - BUR01,7,83,20190109,20220103
610,50,BOS,BUR02,BOS - BUR02,4,17,20190109,20190113
611,50,BOS,C1,BOS - C1,1020,118423,20190101,20190518
612,50,BOS,C1 (1),BOS - C1 (1),56,6729,20190604,20190822
613,50,BOS,C2,BOS - C2,52021,34710393,20190101,20260612
614,50,BOS,Central,BOS - Central,3,458,20210403,20250404
615,50,BOS,Checkpoint,BOS - Checkpoint,1039,45056,20190119,20240909
616,50,BOS,Checkpoint 2,BOS - Checkpoint 2,1,820,20250429,20250429
617,50,BOS,Checkpoint A,BOS - Checkpoint A,3,1027,20210113,20250514
618,50,BOS,Checkpoint Alpha,BOS - Checkpoint Alpha,1,62,20220118,20220118
619,50,BOS,Checkpoint B,BOS - Checkpoint B,6,1645,20190225,20241003
620,50,BOS,Checkpoint C,BOS - Checkpoint C,3,903,20200726,20241204
621,50,BOS,Concourse A,BOS - Concourse A,59,910,20211115,20250331
622,50,BOS,E1,BOS - E1,3084,297079,20190101,20230816
623,50,BOS,E2,BOS - E2,34548,9725409,20190101,20260609
624,50,BOS,E3,BOS - E3,15205,7672028,20230929,20260611
625,50,BOS,Employee Checkpoint,BOS - Employee Checkpoint,2,143,20210303,20230115
626,50,BOS,Main Checkpoint,BOS - Main Checkpoint,1,717,20240928,20240928
627,50,BOS,North,BOS - North,190,4053,20190902,20240131
628,50,BOS,North Checkpoint,BOS - North Checkpoint,4,1112,20211214,20240730
629,50,BOS,Pier C,BOS - Pier C,1,35,20190604,20190604
630,50,BOS,Terminal 2,BOS - Terminal 2,1,171,20211005,20211005
631,50,BOS,Terminal A,BOS - Terminal A,1,843,20240912,20240912
982,79,CLT,A,CLT - A,837,190708,20190101,20260509
983,79,CLT,A Checkpoint,CLT - A Checkpoint,5,1316,20190101,20190116
984,79,CLT,B,CLT - B,29,1811,20190101,20251108
985,79,CLT,B Checkpoint,CLT - B Checkpoint,4,942,20190104,20190117
986,79,CLT,C,CLT - C,1,1,20190119,20190119
987,79,CLT,C Checkpoint,CLT - C Checkpoint,154,24709,20190101,20190119
988,79,CLT,CLT-,CLT - CLT-,81,36622,20190104,20251115
989,79,CLT,CLT-NC,CLT - CLT-NC,647,323586,20260111,20260328
990,79,CLT,Center Pier,CLT - Center Pier,1,3,20190822,20190822
991,79,CLT,Checkpoint,CLT - Checkpoint,83475,24422525,20190101,20250316
992,79,CLT,Checkpoint 1,CLT - Checkpoint 1,15317,10100933,20231103,20260613
993,79,CLT,Checkpoint 2,CLT - Checkpoint 2,7948,5944727,20250324,20260613
994,79,CLT,Checkpoint 3,CLT - Checkpoint 3,9665,4122680,20241006,20260613
995,79,CLT,Concourse A,CLT - Concourse A,123,553,20211109,20250219
996,79,CLT,D Checkpoint,CLT - D Checkpoint,3,556,20190102,20190119
997,79,CLT,FIS,CLT - FIS,173,21217,20200123,20250531
998,79,CLT,North,CLT - North,13,1171,20200523,20210224
999,79,CLT,North Checkpoint,CLT - North Checkpoint,5,68,20211214,20220911
1000,79,CLT,South,CLT - South,4,394,20240605,20240804
1335,98,DCA,0,DCA - 0,1,324,20190103,20190103
1336,98,DCA,1,DCA - 1,1,184,20190103,20190103
1337,98,DCA,10,DCA - 10,1,43,20200605,20200605
1338,98,DCA,2,DCA - 2,2,377,20190103,20200317
1339,98,DCA,5,DCA - 5,4,777,20190103,20200929
1340,98,DCA,6,DCA - 6,1,42,20190103,20190103
1341,98,DCA,7,DCA - 7,3,221,20190407,20210517
1342,98,DCA,8,DCA - 8,1,219,20190103,20190103
1343,98,DCA,A Bridge,DCA - A Bridge,306,102860,20190308,20220703
1344,98,DCA,A12,DCA - A12,13,661,20190101,20190117
1345,98,DCA,A21,DCA - A21,13,1276,20190102,20190119
1346,98,DCA,A35,DCA - A35,12,455,20190102,20190119
1347,98,DCA,Airside-AC,DCA - Airside-AC,23,0,20210804,20210901
1348,98,DCA,Airside-B,DCA - Airside-B,10,138,20210518,20210626
1349,98,DCA,B30,DCA - B30,12,635,20190102,20190119
1350,98,DCA,B9,DCA - B9,12,384,20190102,20190119
1351,98,DCA,Blue-1,DCA - Blue-1,2,194,20190115,20190119
1352,98,DCA,Blue-2,DCA - Blue-2,2,108,20190115,20190119
1353,98,DCA,Bridge,DCA - Bridge,5,1951,20190103,20190113
1354,98,DCA,C10,DCA - C10,12,656,20190102,20190119
1355,98,DCA,C21,DCA - C21,5,287,20190102,20190119
1356,98,DCA,C30,DCA - C30,4,207,20190102,20190119
1357,98,DCA,Center Pier,DCA - Center Pier,16702,4363631,20190101,20211108
1358,98,DCA,Central,DCA - Central,1,25,20190321,20190321
1359,98,DCA,Checkpoint,DCA - Checkpoint,4,289,20201108,20210327
1360,98,DCA,Checkpoint B,DCA - Checkpoint B,1,22,20210803,20210803
1361,98,DCA,Concourse A,DCA - Concourse A,9035,2387714,20190103,20260613
1362,98,DCA,D18,DCA - D18,3,275,20190102,20190119
1363,98,DCA,D22,DCA - D22,3,503,20190105,20190119
1364,98,DCA,D30,DCA - D30,4,699,20190102,20190119
1365,98,DCA,DCA-,DCA - DCA-,58,27497,20190103,20251113
1366,98,DCA,DCA-VA,DCA - DCA-VA,625,165616,20260111,20260328
1367,98,DCA,E18,DCA - E18,3,154,20190102,20190119
1368,98,DCA,E8,DCA - E8,3,46,20190102,20190119
1369,98,DCA,East,DCA - East,275,368305,20251102,20260509
1370,98,DCA,North,DCA - North,4511,2121661,20190101,20240205
1371,98,DCA,North Checkpoint,DCA - North Checkpoint,32309,21024129,20211109,20260611
1372,98,DCA,North Pier,DCA - North Pier,16850,5325914,20190102,20211108
1373,98,DCA,Red 1,DCA - Red 1,1,168,20190119,20190119
1374,98,DCA,Red 2,DCA - Red 2,1,166,20190119,20190119
1375,98,DCA,Red 3,DCA - Red 3,1,66,20190119,20190119
1376,98,DCA,Red 5,DCA - Red 5,1,439,20190119,20190119
1377,98,DCA,South,DCA - South,2511,3727779,20190101,20250531
1378,98,DCA,South Checkpoint,DCA - South Checkpoint,29236,16689644,20211109,20260612
1379,98,DCA,South Pier,DCA - South Pier,16072,4911995,20190102,20211108
1380,98,DCA,Terminal 2,DCA - Terminal 2,1,50,20190511,20190511
1381,98,DCA,Terminal A/1,DCA - Terminal A/1,1,49,20190119,20190119
1382,98,DCA,Terminal A/2,DCA - Terminal A/2,1,42,20190119,20190119
1383,98,DCA,Terminal A/3,DCA - Terminal A/3,1,7,20190119,20190119
1384,98,DCA,ncourse A,DCA - ncourse A,2,564,20190103,20190107
1385,98,DCA,oncourse A,DCA - oncourse A,1,3,20190104,20190104
1386,98,DCA,orth Pier,DCA - orth Pier,2,30,20190104,20190105
1387,98,DCA,outh Pier,DCA - outh Pier,1,319,20190113,20190113
1388,98,DCA,rth,DCA - rth,1,1105,20190103,20190103
1389,98,DCA,rth Pier,DCA - rth Pier,2,650,20190103,20190107
1390,98,DCA,uth,DCA - uth,1,1627,20190103,20190103
1391,98,DCA,uth Pier,DCA - uth Pier,6,2034,20190103,20190108
1424,101,DEN,0,DEN - 0,18,5628,20190102,20190109
1425,101,DEN,1,DEN - 1,21,7082,20190102,20240427
1426,101,DEN,10,DEN - 10,29,4760,20190110,20210326
1427,101,DEN,12,DEN - 12,24,2624,20190110,20190119
1428,101,DEN,16,DEN - 16,23,3965,20190110,20190119
1429,101,DEN,18,DEN - 18,26,7183,20190104,20190119
1430,101,DEN,2,DEN - 2,21,6255,20190102,20201122
1431,101,DEN,21,DEN - 21,28,10973,20190104,20190119
1432,101,DEN,22,DEN - 22,20,8440,20190110,20190119
1433,101,DEN,3,DEN - 3,2,250,20190104,20190108
1434,101,DEN,30,DEN - 30,28,9518,20190104,20190119
1435,101,DEN,33,DEN - 33,3,420,20190110,20190117
1436,101,DEN,35,DEN - 35,25,3559,20190110,20190119
1437,101,DEN,5,DEN - 5,29,3577,20190102,20240920
1438,101,DEN,6,DEN - 6,29,3484,20190102,20240314
1439,101,DEN,7,DEN - 7,3,985,20210331,20230106
1440,101,DEN,8,DEN - 8,41,9061,20190102,20220122
1441,101,DEN,9,DEN - 9,28,2436,20190104,20190119
1442,101,DEN,A Bridge,DEN - A Bridge,11,5147,20190108,20220522
1443,101,DEN,A1,DEN - A1,2,670,20200717,20221130
1444,101,DEN,A12,DEN - A12,824,99062,20190101,20260509
1445,101,DEN,A20,DEN - A20,161,38373,20251102,20260509
1446,101,DEN,A21,DEN - A21,911,267808,20190101,20260509
1447,101,DEN,A35,DEN - A35,741,108832,20190101,20260509
1448,101,DEN,Airside-AC,DEN - Airside-AC,1,0,20210819,20210819
1449,101,DEN,Airside-B,DEN - Airside-B,564,6043,20210505,20210902
1450,101,DEN,B30,DEN - B30,809,118485,20190101,20260509
1451,101,DEN,B9,DEN - B9,781,126124,20190101,20260509
1452,101,DEN,Blue-1,DEN - Blue-1,9,142,20251102,20251108
1453,101,DEN,Blue-2,DEN - Blue-2,84,1305,20190101,20220703
1454,101,DEN,Bridge,DEN - Bridge,29520,9882520,20190120,20241221
1455,101,DEN,C10,DEN - C10,628,93124,20190101,20260509
1456,101,DEN,C11,DEN - C11,139,21599,20251102,20260509
1457,101,DEN,C21,DEN - C21,641,197796,20190101,20260509
1458,101,DEN,C30,DEN - C30,163,25293,20190101,20220703
1459,101,DEN,Central,DEN - Central,2,298,20211112,20250325
1460,101,DEN,Checkpoint,DEN - Checkpoint,9,1718,20191206,20230705
1461,101,DEN,Checkpoint A,DEN - Checkpoint A,2,179,20200711,20210717
1462,101,DEN,Checkpoint Alpha,DEN - Checkpoint Alpha,1,70,20210104,20210104
1463,101,DEN,Checkpoint B,DEN - Checkpoint B,8,1563,20210401,20230103
1464,101,DEN,Checkpoint C,DEN - Checkpoint C,8,835,20200523,20240810
1465,101,DEN,Concourse A,DEN - Concourse A,4,627,20190212,20220902
1466,101,DEN,D18,DEN - D18,155,34167,20190101,20251103
1467,101,DEN,D22,DEN - D22,137,55819,20190101,20190119
1468,101,DEN,D30,DEN - D30,171,59131,20190101,20251103
1469,101,DEN,DEN-,DEN - DEN-,65,23010,20190102,20251113
1470,101,DEN,DEN-CO,DEN - DEN-CO,713,825016,20260111,20260328
1471,101,DEN,E16,DEN - E16,148,25641,20190101,20190119
1472,101,DEN,E18,DEN - E18,152,45884,20190101,20190119
1473,101,DEN,E33,DEN - E33,16,2071,20190101,20190119
1474,101,DEN,E8,DEN - E8,147,25520,20190101,20190119
1475,101,DEN,East,DEN - East,5294,7753154,20250805,20260613
1476,101,DEN,Employee Checkpoint,DEN - Employee Checkpoint,3,199,20210122,20250111
1477,101,DEN,FIS,DEN - FIS,1,142,20230708,20230708
1478,101,DEN,International,DEN - International,4,54,20230826,20240820
1479,101,DEN,Main Checkpoint,DEN - Main Checkpoint,2,554,20210204,20211109
1480,101,DEN,North,DEN - North,25049,28010030,20190101,20240205
1481,101,DEN,North Checkpoint,DEN - North Checkpoint,1,18,20200323,20200323
1482,101,DEN,Red 3,DEN - Red 3,43,677,20190101,20190119
1483,101,DEN,South,DEN - South,50112,64049446,20190101,20250804
1484,101,DEN,Terminal 1 Checkpoint,DEN - Terminal 1 Checkpoint,3,506,20210505,20210903
1485,101,DEN,Terminal 2,DEN - Terminal 2,9,518,20200220,20230105
1486,101,DEN,Terminal A,DEN - Terminal A,5,472,20201005,20210928
1487,101,DEN,Terminal A/1,DEN - Terminal A/1,2,12,20190102,20190113
1488,101,DEN,Terminal B/2,DEN - Terminal B/2,43,1106,20190101,20190119
1489,101,DEN,Terminal B/3,DEN - Terminal B/3,2,197,20190102,20190113
1490,101,DEN,Terminal C/1,DEN - Terminal C/1,43,1117,20190101,20190119
1491,101,DEN,West,DEN - West,15620,27300897,20240127,20260613
1492,101,DEN,lue-2,DEN - lue-2,2,75,20190104,20190105
1493,101,DEN,orth,DEN - orth,18,20436,20190110,20190119
1494,101,DEN,outh,DEN - outh,21,33015,20190104,20190119
1495,101,DEN,rth,DEN - rth,13,18014,20190103,20190109
1496,101,DEN,uth,DEN - uth,15,28824,20190103,20190109
1497,102,DFW,0,DFW - 0,6,2668,20190104,20190109
1498,102,DFW,1,DFW - 1,5,1446,20190106,20190404
1499,102,DFW,10,DFW - 10,12,2726,20190110,20250509
1500,102,DFW,16,DFW - 16,6,1522,20190110,20190118
1501,102,DFW,18,DFW - 18,6,2286,20190110,20190118
1502,102,DFW,2,DFW - 2,17,5761,20190104,20250417
1503,102,DFW,21,DFW - 21,3,1101,20190110,20190117
1504,102,DFW,22,DFW - 22,6,1022,20190110,20190118
1505,102,DFW,3,DFW - 3,3,351,20190104,20190109
1506,102,DFW,30,DFW - 30,6,2139,20190110,20190118
1507,102,DFW,33,DFW - 33,4,540,20190111,20190118
1508,102,DFW,35,DFW - 35,3,368,20190110,20190117
1509,102,DFW,5,DFW - 5,21,4680,20190106,20240518
1510,102,DFW,6,DFW - 6,25,3826,20190104,20241021
1511,102,DFW,7,DFW - 7,8,3081,20190519,20250117
1512,102,DFW,8,DFW - 8,17,4513,20190104,20241210
1513,102,DFW,9,DFW - 9,3,264,20190110,20190117
1514,102,DFW,A1,DFW - A1,1,260,20241102,20241102
1515,102,DFW,A12,DFW - A12,40537,4836844,20190106,20260613
1516,102,DFW,A20,DFW - A20,8907,2062055,20241119,20260612
1517,102,DFW,A21,DFW - A21,49661,13977583,20190101,20260613
1518,102,DFW,A35,DFW - A35,38249,5425112,20190101,20260613
1519,102,DFW,B30,DFW - B30,47476,6950300,20190101,20260612
1520,102,DFW,B9,DFW - B9,43318,8028490,20190101,20260612
1521,102,DFW,Blue-1,DFW - Blue-1,57,5079,20190103,20260509
1522,102,DFW,Blue-2,DFW - Blue-2,136,6370,20190101,20251105
1523,102,DFW,C10,DFW - C10,37784,5349096,20190101,20260613
1524,102,DFW,C11,DFW - C11,9260,1533775,20241029,20260612
1525,102,DFW,C21,DFW - C21,52974,16067309,20190101,20260612
1526,102,DFW,C30,DFW - C30,29933,3721669,20190101,20240830
1527,102,DFW,Central,DFW - Central,4,1342,20190714,20240730
1528,102,DFW,Central Checkpoint,DFW - Central Checkpoint,1,216,20200202,20200202
1529,102,DFW,Checkpoint,DFW - Checkpoint,28,7004,20190311,20240713
1530,102,DFW,Checkpoint A,DFW - Checkpoint A,2,1141,20220530,20230420
1531,102,DFW,Checkpoint Alpha,DFW - Checkpoint Alpha,4,709,20190808,20240719
1532,102,DFW,Checkpoint B,DFW - Checkpoint B,10,2037,20191007,20241119
1533,102,DFW,Checkpoint C,DFW - Checkpoint C,9,2452,20190724,20240620
1534,102,DFW,Concourse A,DFW - Concourse A,7,1195,20190911,20241218
1535,102,DFW,D18,DFW - D18,44287,10603194,20190101,20260612
1536,102,DFW,D22,DFW - D22,42365,16543882,20190101,20260613
1537,102,DFW,D30,DFW - D30,51439,16959080,20190101,20260612
1538,102,DFW,DFW-,DFW - DFW-,212,104182,20190104,20251115
1539,102,DFW,DFW-TX,DFW - DFW-TX,657,84203,20260111,20260328
1540,102,DFW,E16,DFW - E16,28903,5516812,20190101,20260613
1541,102,DFW,E18,DFW - E18,55545,15926750,20190101,20260612
1542,102,DFW,E33,DFW - E33,41165,7719083,20190101,20260613
1543,102,DFW,E8,DFW - E8,45326,8874279,20190101,20260613
1544,102,DFW,Employee Checkpoint,DFW - Employee Checkpoint,7,931,20200229,20240510
1545,102,DFW,International,DFW - International,1,184,20230226,20230226
1546,102,DFW,North,DFW - North,6,1295,20191103,20240507
1547,102,DFW,PS1,DFW - PS1,70,172,20260527,20260612
1548,102,DFW,Red 1,DFW - Red 1,25,3525,20190105,20260509
1549,102,DFW,Red 2,DFW - Red 2,5,1070,20190105,20190116
1550,102,DFW,Red 3,DFW - Red 3,35,1006,20190101,20190119
1551,102,DFW,Red 5,DFW - Red 5,5,1058,20190105,20190116
1552,102,DFW,Terminal 1 Checkpoint,DFW - Terminal 1 Checkpoint,3,633,20191211,20240225
1553,102,DFW,Terminal 2,DFW - Terminal 2,5,1093,20190127,20220725
1554,102,DFW,Terminal A,DFW - Terminal A,11,2503,20190520,20241027
1555,102,DFW,Terminal A/1,DFW - Terminal A/1,12,186,20190101,20190118
1556,102,DFW,Terminal A/2,DFW - Terminal A/2,2,27,20190108,20190110
1557,102,DFW,Terminal B/2,DFW - Terminal B/2,27,5379,20190101,20190119
1558,102,DFW,Terminal B/3,DFW - Terminal B/3,10,1222,20190101,20190119
1559,102,DFW,Terminal C/1,DFW - Terminal C/1,14,837,20190101,20190118
1650,110,DTW,10,DTW - 10,1,75,20250104,20250104
1651,110,DTW,2,DTW - 2,5,842,20200709,20241015
1652,110,DTW,5,DTW - 5,11,3537,20190726,20240516
1653,110,DTW,6,DTW - 6,14,1714,20190131,20250510
1654,110,DTW,7,DTW - 7,1,348,20221220,20221220
1655,110,DTW,8,DTW - 8,3,625,20200803,20251231
1656,110,DTW,9,DTW - 9,1,392,20250429,20250429
1657,110,DTW,A1,DTW - A1,2,1012,20200130,20250501
1658,110,DTW,Blue-1,DTW - Blue-1,45725,14457148,20190103,20260613
1659,110,DTW,Blue-2,DTW - Blue-2,58414,15539603,20190103,20260613
1660,110,DTW,Central,DTW - Central,2,370,20190725,20220305
1661,110,DTW,Checkpoint,DTW - Checkpoint,15,3474,20190320,20241227
1662,110,DTW,Checkpoint Alpha,DTW - Checkpoint Alpha,2,502,20240322,20240714
1663,110,DTW,Checkpoint B,DTW - Checkpoint B,6,1484,20210915,20240308
1664,110,DTW,Checkpoint C,DTW - Checkpoint C,7,1492,20200105,20250408
1665,110,DTW,Concourse A,DTW - Concourse A,2,154,20210807,20231006
1666,110,DTW,DTW-,DTW - DTW-,100,49455,20220403,20251114
1667,110,DTW,DTW-MI,DTW - DTW-MI,770,218531,20260111,20260328
1668,110,DTW,Employee Checkpoint,DTW - Employee Checkpoint,4,361,20190213,20250503
1669,110,DTW,International,DTW - International,2,217,20210101,20250310
1670,110,DTW,North,DTW - North,2,593,20191126,20210315
1671,110,DTW,North Checkpoint,DTW - North Checkpoint,1,13,20220123,20220123
1672,110,DTW,Red 1,DTW - Red 1,45152,15840271,20190101,20260613
1673,110,DTW,Red 2,DTW - Red 2,46054,15941487,20190101,20260613
1674,110,DTW,Red 3,DTW - Red 3,62709,12438693,20190101,20260613
1675,110,DTW,Red 5,DTW - Red 5,20251,3393501,20190101,20260613
1676,110,DTW,Red 6,DTW - Red 6,27491,1802116,20190101,20260613
1677,110,DTW,Terminal 2,DTW - Terminal 2,7,1441,20210706,20230101
1678,110,DTW,Terminal A,DTW - Terminal A,5,844,20211002,20250208
1679,110,DTW,Terminal A/1,DTW - Terminal A/1,25,1202,20190103,20210519
1680,110,DTW,Terminal A/2,DTW - Terminal A/2,17,495,20190103,20220209
1681,110,DTW,Terminal A/3,DTW - Terminal A/3,6,45,20190105,20220115
1682,110,DTW,Terminal B/1,DTW - Terminal B/1,14,489,20190106,20220209
1683,110,DTW,Terminal B/2,DTW - Terminal B/2,45,4378,20190104,20220209
1684,110,DTW,Terminal B/3,DTW - Terminal B/3,21,2367,20190110,20220209
1685,110,DTW,Terminal C/1,DTW - Terminal C/1,5,1402,20190110,20190119
1686,110,DTW,d 1,DTW - d 1,4,972,20190104,20190109
1687,110,DTW,d 2,DTW - d 2,21,8553,20190103,20190109
1688,110,DTW,d 3,DTW - d 3,21,3174,20190103,20190109
1689,110,DTW,d 5,DTW - d 5,17,3078,20190103,20190109
1690,110,DTW,d 6,DTW - d 6,17,928,20190103,20190109
1691,110,DTW,ed 1,DTW - ed 1,7,1696,20190110,20190118
1692,110,DTW,ed 2,DTW - ed 2,24,9461,20190104,20190119
1693,110,DTW,ed 3,DTW - ed 3,24,3613,20190104,20190119
1694,110,DTW,ed 5,DTW - ed 5,15,2775,20190110,20190119
1695,110,DTW,ed 6,DTW - ed 6,15,656,20190110,20190119
1696,110,DTW,erminal A/1,DTW - erminal A/1,2,96,20190104,20190105
1697,110,DTW,erminal B/1,DTW - erminal B/1,1,2,20190105,20190105
1698,110,DTW,erminal B/2,DTW - erminal B/2,1,164,20190104,20190104
1699,110,DTW,erminal B/3,DTW - erminal B/3,1,330,20190104,20190104
1700,110,DTW,erminal C/1,DTW - erminal C/1,1,544,20190104,20190104
1901,125,EWR,10,EWR - 10,4,342,20200129,20240603
1902,125,EWR,2,EWR - 2,5,1377,20200408,20250306
1903,125,EWR,5,EWR - 5,3,497,20210525,20250120
1904,125,EWR,6,EWR - 6,2,253,20230407,20250305
1905,125,EWR,8,EWR - 8,2,478,20191014,20200228
1906,125,EWR,CKPT-A1,EWR - CKPT-A1,28438,27541603,20230107,20260611
1907,125,EWR,CKPT-A2,EWR - CKPT-A2,5650,1340376,20220314,20230111
1908,125,EWR,CKPT-A3,EWR - CKPT-A3,5392,1566981,20220313,20230111
1909,125,EWR,CKPT-B1,EWR - CKPT-B1,29294,10196139,20220314,20260611
1910,125,EWR,CKPT-B2,EWR - CKPT-B2,29546,4035309,20220313,20260611
1911,125,EWR,CKPT-B3,EWR - CKPT-B3,35831,7246876,20220313,20260611
1912,125,EWR,CKPT-C1,EWR - CKPT-C1,35400,46414631,20220313,20260611
1913,125,EWR,Central,EWR - Central,1,315,20190408,20190408
1914,125,EWR,Checkpoint,EWR - Checkpoint,5,728,20210102,20250520
1915,125,EWR,Checkpoint A,EWR - Checkpoint A,1,1,20201028,20201028
1916,125,EWR,Checkpoint Alpha,EWR - Checkpoint Alpha,3,373,20231118,20250127
1917,125,EWR,Checkpoint B,EWR - Checkpoint B,1,319,20191010,20191010
1918,125,EWR,Checkpoint C,EWR - Checkpoint C,2,430,20200111,20230806
1919,125,EWR,Checkpoint D,EWR - Checkpoint D,6,63,20190302,20190719
1920,125,EWR,Checkpoint F,EWR - Checkpoint F,4,0,20190421,20190721
1921,125,EWR,Concourse A,EWR - Concourse A,2,126,20230420,20240829
1922,125,EWR,EWR-,EWR - EWR-,127,63695,20220403,20251115
1923,125,EWR,EWR-NJ,EWR - EWR-NJ,772,721058,20260111,20260328
1924,125,EWR,Employee Checkpoint,EWR - Employee Checkpoint,1,104,20240226,20240226
1925,125,EWR,FIS,EWR - FIS,1,173,20230204,20230204
1926,125,EWR,Terminal 1 Checkpoint,EWR - Terminal 1 Checkpoint,2,479,20210328,20240207
1927,125,EWR,Terminal 2,EWR - Terminal 2,1,377,20190812,20190812
1928,125,EWR,Terminal A,EWR - Terminal A,1,190,20231018,20231018
1929,125,EWR,Terminal A/1,EWR - Terminal A/1,17221,3793257,20190101,20210930
1930,125,EWR,Terminal A/2,EWR - Terminal A/2,14413,2419923,20190101,20220312
1931,125,EWR,Terminal A/3,EWR - Terminal A/3,18408,4164477,20190101,20220312
1932,125,EWR,Terminal B/1,EWR - Terminal B/1,18800,4667046,20190101,20220312
1933,125,EWR,Terminal B/2,EWR - Terminal B/2,16634,2093269,20190101,20220312
1934,125,EWR,Terminal B/3,EWR - Terminal B/3,21404,3005975,20190101,20220312
1935,125,EWR,Terminal C/1,EWR - Terminal C/1,26067,26439292,20190101,20220312
1936,125,EWR,erminal B/1,EWR - erminal B/1,22,5518,20190110,20190119
1937,125,EWR,erminal B/2,EWR - erminal B/2,23,3615,20190105,20190119
1938,125,EWR,erminal B/3,EWR - erminal B/3,23,5325,20190105,20190119
1939,125,EWR,erminal C/1,EWR - erminal C/1,23,35842,20190105,20190119
1940,125,EWR,rminal B/1,EWR - rminal B/1,18,4522,20190102,20190109
1941,125,EWR,rminal B/2,EWR - rminal B/2,18,3470,20190102,20190109
1942,125,EWR,rminal B/3,EWR - rminal B/3,18,4233,20190102,20190109
1943,125,EWR,rminal C/1,EWR - rminal C/1,18,33648,20190102,20190109
2773,176,IAD,0/B Terminal,IAD - 0/B Terminal,1,7,20190104,20190104
2774,176,IAD,0/CN Terminal,IAD - 0/CN Terminal,1,176,20190105,20190105
2775,176,IAD,0/D Terminal,IAD - 0/D Terminal,1,260,20190105,20190105
2776,176,IAD,0/E Terminal,IAD - 0/E Terminal,1,199,20190105,20190105
2777,176,IAD,1,IAD - 1,1,94,20190313,20190313
2778,176,IAD,10,IAD - 10,4,265,20190129,20221001
2779,176,IAD,10/AN Terminal,IAD - 10/AN Terminal,636,223321,20190101,20260509
2780,176,IAD,12/AS Terminal,IAD - 12/AS Terminal,752,220391,20190101,20260509
2781,176,IAD,2,IAD - 2,1,247,20210922,20210922
2782,176,IAD,2/AS Terminal,IAD - 2/AS Terminal,2,109,20190104,20190105
2783,176,IAD,20/B Terminal,IAD - 20/B Terminal,411,92363,20190101,20220703
2784,176,IAD,21/B-Employee,IAD - 21/B-Employee,147,17140,20191203,20220703
2785,176,IAD,30/CN Terminal,IAD - 30/CN Terminal,287,106825,20190101,20260509
2786,176,IAD,31/CS Terminal,IAD - 31/CS Terminal,54,12497,20190101,20190115
2787,176,IAD,40/D Terminal,IAD - 40/D Terminal,83,14912,20190101,20190417
2788,176,IAD,5,IAD - 5,3,257,20190906,20220204
2789,176,IAD,70/E Terminal,IAD - 70/E Terminal,79,21555,20190101,20190119
2790,176,IAD,71/FIS Checkpoint,IAD - 71/FIS Checkpoint,48,27388,20190101,20190119
2791,176,IAD,8,IAD - 8,1,166,20240810,20240810
2792,176,IAD,Central,IAD - Central,2,475,20190321,20190904
2793,176,IAD,Central-FA-Upper,IAD - Central-FA-Upper,3,100,20190101,20190116
2794,176,IAD,Checkpoint,IAD - Checkpoint,17211,4279561,20190101,20260613
2795,176,IAD,Checkpoint A,IAD - Checkpoint A,4,16,20220723,20250507
2796,176,IAD,Checkpoint B,IAD - Checkpoint B,2,560,20190324,20250528
2797,176,IAD,East Mezzanine,IAD - East Mezzanine,50482,26435012,20190104,20260613
2798,176,IAD,Employee Checkpoint,IAD - Employee Checkpoint,13630,1451146,20190103,20260613
2799,176,IAD,FIS,IAD - FIS,1,132,20231022,20231022
2800,176,IAD,IAD-,IAD - IAD-,85,38248,20220403,20251114
2801,176,IAD,IAD-VA,IAD - IAD-VA,774,356252,20260111,20260328
2802,176,IAD,Passenger Screening Area:  PreCheck,IAD - Passenger Screening Area:  PreCheck,43231,11682186,20190120,20240706
2803,176,IAD,Passenger Screening Area: PreCheck,IAD - Passenger Screening Area: PreCheck,17244,7014979,20190101,20260613
2804,176,IAD,Term 1 - D,IAD - Term 1 - D,15,744,20190101,20190119
2805,176,IAD,Terminal 1,IAD - Terminal 1,44,554,20190101,20220703
2806,176,IAD,Terminal 2,IAD - Terminal 2,1232,3318,20190101,20230126
2807,176,IAD,Terminal 3 - E Upper,IAD - Terminal 3 - E Upper,15,327,20190101,20190119
2808,176,IAD,Terminal 4 Main,IAD - Terminal 4 Main,42,5671,20190101,20220703
2809,176,IAD,Terminal 5,IAD - Terminal 5,15,1416,20190101,20190119
2810,176,IAD,Terminal 7,IAD - Terminal 7,15,29,20190101,20190119
2811,176,IAD,Terminal 8,IAD - Terminal 8,15,104,20190101,20190119
2812,176,IAD,Terminal A,IAD - Terminal A,1,391,20250430,20250430
2813,176,IAD,West Mezzanine,IAD - West Mezzanine,36754,10173103,20190101,20260613
2814,176,IAD,assenger Screening Area: PreCheck,IAD - assenger Screening Area: PreCheck,2,323,20190104,20190105
2853,178,IAH,0/CN Terminal,IAH - 0/CN Terminal,1,108,20190104,20190104
2854,178,IAH,0/D Terminal,IAH - 0/D Terminal,1,227,20190104,20190104
2855,178,IAH,0/E Terminal,IAH - 0/E Terminal,1,91,20190104,20190104
2856,178,IAH,1,IAH - 1,1,20,20200214,20200214
2857,178,IAH,10,IAH - 10,1,100,20230120,20230120
2858,178,IAH,10/AN Terminal,IAH - 10/AN Terminal,40145,14648290,20190106,20260612
2859,178,IAH,12/AS Terminal,IAH - 12/AS Terminal,52931,15759010,20190106,20260609
2860,178,IAH,2,IAH - 2,3,944,20200223,20231028
2861,178,IAH,20/B Terminal,IAH - 20/B Terminal,32317,7388436,20190105,20250120
2862,178,IAH,21/B-Employee,IAH - 21/B-Employee,14399,1759834,20191007,20240624
2863,178,IAH,30/CN Terminal,IAH - 30/CN Terminal,48035,19618882,20190101,20260608
2864,178,IAH,31/CS Terminal,IAH - 31/CS Terminal,38828,15051376,20190101,20260612
2865,178,IAH,40/D Terminal,IAH - 40/D Terminal,47367,11784657,20190101,20260608
2866,178,IAH,5,IAH - 5,3,664,20190127,20220322
2867,178,IAH,6,IAH - 6,2,25,20210115,20250430
2868,178,IAH,7,IAH - 7,6,2401,20210710,20241228
2869,178,IAH,70/E Terminal,IAH - 70/E Terminal,27458,12974412,20190101,20260611
2870,178,IAH,71/FIS Checkpoint,IAH - 71/FIS Checkpoint,28719,10446868,20190101,20240806
2871,178,IAH,8,IAH - 8,2,396,20200104,20211013
2872,178,IAH,A1,IAH - A1,1,503,20230228,20230228
2873,178,IAH,Checkpoint,IAH - Checkpoint,7,2073,20190302,20230829
2874,178,IAH,Checkpoint 1,IAH - Checkpoint 1,1,695,20250208,20250208
2875,178,IAH,Checkpoint A,IAH - Checkpoint A,494,25730,20190202,20251231
2876,178,IAH,Checkpoint Alpha,IAH - Checkpoint Alpha,1,286,20240303,20240303
2877,178,IAH,Checkpoint B,IAH - Checkpoint B,1,138,20210223,20210223
2878,178,IAH,Checkpoint C,IAH - Checkpoint C,1,250,20221231,20221231
2879,178,IAH,Checkpoint F,IAH - Checkpoint F,1,239,20190524,20190524
2880,178,IAH,Concourse A,IAH - Concourse A,2,13,20230122,20230513
2881,178,IAH,IAH-,IAH - IAH-,124,64235,20220403,20251115
2882,178,IAH,IAH-TX,IAH - IAH-TX,682,229253,20260111,20260328
2883,178,IAH,North Checkpoint,IAH - North Checkpoint,1,198,20240722,20240722
2884,178,IAH,Terminal 2,IAH - Terminal 2,159,334,20190625,20220712
2885,178,IAH,Terminal A,IAH - Terminal A,1,329,20240328,20240328
3160,195,JFK,10,JFK - 10,2,2,20201027,20230315
3161,195,JFK,5,JFK - 5,3,794,20190825,20250123
3162,195,JFK,6,JFK - 6,1,78,20210423,20210423
3163,195,JFK,7,JFK - 7,1,97,20200923,20200923
3164,195,JFK,A1,JFK - A1,1,2,20240919,20240919
3165,195,JFK,Central,JFK - Central,1,116,20210129,20210129
3166,195,JFK,Central-FA-Upper,JFK - Central-FA-Upper,1,33,20190113,20190113
3167,195,JFK,Checkpoint,JFK - Checkpoint,1,236,20201224,20201224
3168,195,JFK,Checkpoint B,JFK - Checkpoint B,2,578,20210207,20210401
3169,195,JFK,Checkpoint C,JFK - Checkpoint C,1,5,20200604,20200604
3170,195,JFK,Concourse A,JFK - Concourse A,4,542,20200706,20221027
3171,195,JFK,JFK-,JFK - JFK-,125,67864,20220403,20251115
3172,195,JFK,JFK-NY,JFK - JFK-NY,774,309724,20260111,20260328
3173,195,JFK,KOA01,JFK - KOA01,10,1317,20190101,20200307
3174,195,JFK,KOA02,JFK - KOA02,4,1174,20190101,20190116
3175,195,JFK,Main Checkpoint,JFK - Main Checkpoint,2,24,20200530,20210318
3176,195,JFK,North,JFK - North,1,107,20201224,20201224
3177,195,JFK,North Checkpoint,JFK - North Checkpoint,1,451,20220208,20220208
3178,195,JFK,Term 1 - AB,JFK - Term 1 - AB,79,10110,20190308,20260509
3179,195,JFK,Term 1 - C,JFK - Term 1 - C,31,1831,20190330,20260509
3180,195,JFK,Term 1 - CX,JFK - Term 1 - CX,3,911,20251103,20260507
3181,195,JFK,Term 1 - D,JFK - Term 1 - D,41,1404,20190103,20260509
3182,195,JFK,Terminal 1,JFK - Terminal 1,60830,20860182,20190105,20260613
3183,195,JFK,Terminal 2,JFK - Terminal 2,2489,625043,20190103,20230209
3184,195,JFK,Terminal 3 - E Upper,JFK - Terminal 3 - E Upper,2,43,20190103,20190113
3185,195,JFK,Terminal 4 Delta 1,JFK - Terminal 4 Delta 1,9098,539401,20241018,20260610
3186,195,JFK,Terminal 4 FIS CP,JFK - Terminal 4 FIS CP,18867,5862661,20190104,20260611
3187,195,JFK,Terminal 4 Main,JFK - Terminal 4 Main,60069,61424247,20190101,20260608
3188,195,JFK,Terminal 5,JFK - Terminal 5,61348,48472878,20190101,20260613
3189,195,JFK,Terminal 7,JFK - Terminal 7,60099,13178646,20190101,20260613
3190,195,JFK,Terminal 8,JFK - Terminal 8,61484,32783097,20190101,20260613
3370,205,LAS,1,LAS - 1,3,712,20220302,20250515
3371,205,LAS,10,LAS - 10,8,1031,20190813,20220912
3372,205,LAS,2,LAS - 2,7,1879,20190130,20250503
3373,205,LAS,5,LAS - 5,15,4109,20190301,20250524
3374,205,LAS,6,LAS - 6,5,536,20190220,20240202
3375,205,LAS,7,LAS - 7,9,4020,20190702,20250102
3376,205,LAS,8,LAS - 8,2,269,20211005,20220106
3377,205,LAS,A1,LAS - A1,4,2273,20190716,20241212
3378,205,LAS,CHK,LAS - CHK,5,305,20190104,20260503
3379,205,LAS,CHK A,LAS - CHK A,4,339,20190104,20190119
3380,205,LAS,CHK B,LAS - CHK B,2,83,20190101,20190112
3381,205,LAS,CHK C,LAS - CHK C,3,249,20190101,20190115
3382,205,LAS,CHK D,LAS - CHK D,3,256,20190101,20190115
3383,205,LAS,CHK West,LAS - CHK West,5,710,20190101,20190115
3384,205,LAS,Central-FA-Upper,LAS - Central-FA-Upper,1,19,20190308,20190308
3385,205,LAS,Checkpoint,LAS - Checkpoint,15,3942,20190105,20241115
3386,205,LAS,Checkpoint 1,LAS - Checkpoint 1,1,592,20240921,20240921
3387,205,LAS,Checkpoint A,LAS - Checkpoint A,2,869,20191130,20210205
3388,205,LAS,Checkpoint Alpha,LAS - Checkpoint Alpha,1,138,20240917,20240917
3389,205,LAS,Checkpoint B,LAS - Checkpoint B,11,3091,20190805,20250105
3390,205,LAS,Checkpoint C,LAS - Checkpoint C,1,39,20230621,20230621
3391,205,LAS,Employee Checkpoint,LAS - Employee Checkpoint,2,145,20200323,20220916
3392,205,LAS,FIS,LAS - FIS,1,84,20190105,20190105
3393,205,LAS,LAS-,LAS - LAS-,94,50200,20220403,20251115
3394,205,LAS,LAS-NV,LAS - LAS-NV,774,263965,20260111,20260328
3395,205,LAS,LIH01,LAS - LIH01,1,134,20190107,20190107
3396,205,LAS,LIH02 South,LAS - LIH02 South,1,2,20190107,20190107
3397,205,LAS,MSC - Passenger,LAS - MSC - Passenger,27,2896,20251103,20260509
3398,205,LAS,Main Checkpoint,LAS - Main Checkpoint,252,290614,20190101,20260509
3399,205,LAS,North,LAS - North,2,455,20200206,20240529
3400,205,LAS,South,LAS - South,1,39,20241126,20241126
3401,205,LAS,Suites,LAS - Suites,363,1612,20190101,20260509
3402,205,LAS,TB-CHK,LAS - TB-CHK,5,93,20220605,20251103
3403,205,LAS,TBIT MSC - Passenger,LAS - TBIT MSC - Passenger,23,2783,20251102,20251108
3404,205,LAS,Term 1 - AB,LAS - Term 1 - AB,56402,29181675,20190110,20260613
3405,205,LAS,Term 1 - C,LAS - Term 1 - C,49432,11331172,20190102,20260613
3406,205,LAS,Term 1 - CX,LAS - Term 1 - CX,44041,34448508,20190101,20260613
3407,205,LAS,Term 1 - D,LAS - Term 1 - D,62363,29270067,20190101,20260613
3408,205,LAS,Terminal 1 - Passenger,LAS - Terminal 1 - Passenger,756,368927,20190101,20260509
3409,205,LAS,Terminal 1 Checkpoint,LAS - Terminal 1 Checkpoint,2,533,20210306,20240720
3410,205,LAS,Terminal 1.5 – Passenger,LAS - Terminal 1.5 – Passenger,392,86565,20210518,20260509
3411,205,LAS,Terminal 2,LAS - Terminal 2,1,535,20190515,20190515
3412,205,LAS,Terminal 2 - Passenger,LAS - Terminal 2 - Passenger,526,258922,20190101,20220313
3413,205,LAS,Terminal 3 - Delta One,LAS - Terminal 3 - Delta One,49,1209,20260503,20260509
3414,205,LAS,Terminal 3 - E Lower (1),LAS - Terminal 3 - E Lower (1),16309,2333228,20190528,20260613
3415,205,LAS,Terminal 3 - E Upper,LAS - Terminal 3 - E Upper,60166,48840383,20190101,20260613
3416,205,LAS,Terminal 3 - Passenger,LAS - Terminal 3 - Passenger,443,193934,20190101,20260507
3417,205,LAS,Terminal 4 - FIS,LAS - Terminal 4 - FIS,223,39363,20190101,20200307
3418,205,LAS,Terminal 4 - Passenger,LAS - Terminal 4 - Passenger,180,27291,20190101,20251103
3419,205,LAS,Terminal 4A - Passenger,LAS - Terminal 4A - Passenger,149,74452,20190101,20220209
3420,205,LAS,Terminal 5 - Passenger,LAS - Terminal 5 - Passenger,123,50958,20190101,20190119
3421,205,LAS,Terminal 5A - Passenger,LAS - Terminal 5A - Passenger,108,26961,20190101,20190119
3422,205,LAS,Terminal 6 - Passenger,LAS - Terminal 6 - Passenger,121,63558,20190101,20190119
3423,205,LAS,Terminal 7 - Passenger,LAS - Terminal 7 - Passenger,120,72818,20190101,20190119
3424,205,LAS,Terminal A,LAS - Terminal A,2,601,20230812,20230902
3425,205,LAS,erm 1 - CX,LAS - erm 1 - CX,3,711,20190103,20190109
3426,205,LAS,erm 1 - D,LAS - erm 1 - D,3,1820,20190103,20190109
3427,205,LAS,erminal 1 - Passenger,LAS - erminal 1 - Passenger,3,1126,20190103,20190109
3428,205,LAS,erminal 2 - Passenger,LAS - erminal 2 - Passenger,3,673,20190103,20190109
3429,205,LAS,erminal 3 - E Upper,LAS - erminal 3 - E Upper,3,1856,20190103,20190109
3430,205,LAS,erminal 3 - Passenger,LAS - erminal 3 - Passenger,3,694,20190103,20190109
3431,205,LAS,erminal 4 - Passenger,LAS - erminal 4 - Passenger,2,180,20190103,20190105
3432,205,LAS,erminal 4A - Passenger,LAS - erminal 4A - Passenger,1,412,20190109,20190109
3433,205,LAS,erminal 5 - Passenger,LAS - erminal 5 - Passenger,1,386,20190109,20190109
3434,205,LAS,erminal 5A - Passenger,LAS - erminal 5A - Passenger,1,93,20190109,20190109
3435,205,LAS,erminal 6 - Passenger,LAS - erminal 6 - Passenger,1,246,20190109,20190109
3436,205,LAS,erminal 7 - Passenger,LAS - erminal 7 - Passenger,1,369,20190109,20190109
3469,207,LAX,- Delta 1,LAX - - Delta 1,480,6942,20230601,20230624
3470,207,LAX,1,LAX - 1,1,547,20200308,20200308
3471,207,LAX,10,LAX - 10,3,505,20220223,20230925
3472,207,LAX,2,LAX - 2,11,3733,20190817,20250206
3473,207,LAX,37-45,LAX - 37-45,2,1,20190104,20190110
3474,207,LAX,5,LAX - 5,10,3289,20190329,20250406
3475,207,LAX,56-60,LAX - 56-60,1,22,20190110,20190110
3476,207,LAX,6,LAX - 6,5,1209,20190315,20251230
3477,207,LAX,7,LAX - 7,4,1293,20190723,20241001
3478,207,LAX,76-85,LAX - 76-85,1,29,20190104,20190104
3479,207,LAX,A1,LAX - A1,4,1010,20201120,20240308
3480,207,LAX,CHK,LAX - CHK,21,688,20190104,20260503
3481,207,LAX,CHK A,LAX - CHK A,21,839,20190103,20190119
3482,207,LAX,CHK C,LAX - CHK C,10,194,20190103,20190117
3483,207,LAX,CHK D,LAX - CHK D,8,388,20190104,20190115
3484,207,LAX,CHK West,LAX - CHK West,31,2358,20190104,20190119
3485,207,LAX,Central,LAX - Central,1,172,20200227,20200227
3486,207,LAX,Central Checkpoint,LAX - Central Checkpoint,1,969,20190614,20190614
3487,207,LAX,Checkpoint,LAX - Checkpoint,23,5626,20190104,20240126
3488,207,LAX,Checkpoint Alpha,LAX - Checkpoint Alpha,1,87,20230919,20230919
3489,207,LAX,Checkpoint B,LAX - Checkpoint B,5,1554,20210511,20250104
3490,207,LAX,Checkpoint C,LAX - Checkpoint C,3,760,20190407,20250212
3491,207,LAX,Concourse A,LAX - Concourse A,5,1760,20190124,20250525
3492,207,LAX,Employee Checkpoint,LAX - Employee Checkpoint,2,192,20200123,20211224
3493,207,LAX,FIS,LAX - FIS,2,8,20190119,20190119
3494,207,LAX,International,LAX - International,1,288,20240228,20240228
3495,207,LAX,LAX-,LAX - LAX-,170,89768,20220403,20251115
3496,207,LAX,LAX-CA,LAX - LAX-CA,747,194690,20260111,20260328
3497,207,LAX,LIH01,LAX - LIH01,12,3661,20190101,20200222
3498,207,LAX,LIH02 South,LAX - LIH02 South,11,630,20190101,20190119
3499,207,LAX,MSC - Passenger,LAX - MSC - Passenger,5969,562813,20220707,20260613
3500,207,LAX,Main Checkpoint,LAX - Main Checkpoint,53811,43733037,20190102,20260613
3501,207,LAX,North,LAX - North,1,160,20230307,20230307
3502,207,LAX,North 2,LAX - North 2,1,6,20190308,20190308
3503,207,LAX,North Checkpoint,LAX - North Checkpoint,1,739,20200306,20200306
3504,207,LAX,Suites,LAX - Suites,30980,156319,20190114,20260613
3505,207,LAX,TA CHK,LAX - TA CHK,34,1888,20190308,20251108
3506,207,LAX,TB CHK A,LAX - TB CHK A,17,899,20190308,20200307
3507,207,LAX,TB CHK B,LAX - TB CHK B,5,215,20190703,20200102
3508,207,LAX,TB CHK C,LAX - TB CHK C,13,646,20190308,20200307
3509,207,LAX,TB-CHK,LAX - TB-CHK,51,2481,20201102,20260504
3510,207,LAX,TBIT MSC - Passenger,LAX - TBIT MSC - Passenger,2,152,20251102,20251105
3511,207,LAX,Terminal 1 - Passenger,LAX - Terminal 1 - Passenger,46372,17433600,20190102,20260613
3512,207,LAX,Terminal 1 Checkpoint,LAX - Terminal 1 Checkpoint,2,603,20231214,20240817
3513,207,LAX,Terminal 1.5 – Passenger,LAX - Terminal 1.5 – Passenger,37310,10338058,20210502,20260613
3514,207,LAX,Terminal 2,LAX - Terminal 2,1,470,20220727,20220727
3515,207,LAX,Terminal 2 - Passenger,LAX - Terminal 2 - Passenger,23551,10840726,20190102,20220419
3516,207,LAX,Terminal 3 - Delta One,LAX - Terminal 3 - Delta One,19551,354074,20230625,20260613
3517,207,LAX,Terminal 3 - Passenger,LAX - Terminal 3 - Passenger,39497,28521490,20190101,20260613
3518,207,LAX,Terminal 4 - Checkpoint,LAX - Terminal 4 - Checkpoint,113,38558,20250103,20250111
3519,207,LAX,Terminal 4 - FIS,LAX - Terminal 4 - FIS,13514,1601670,20190101,20260613
3520,207,LAX,Terminal 4 - Passenger,LAX - Terminal 4 - Passenger,49905,16259860,20190101,20260613
3521,207,LAX,Terminal 4 - Passenger Temp,LAX - Terminal 4 - Passenger Temp,87,27507,20250119,20250122
3522,207,LAX,Terminal 4A - Passenger,LAX - Terminal 4A - Passenger,24612,8148500,20190101,20260613
3523,207,LAX,Terminal 5 - Passenger,LAX - Terminal 5 - Passenger,53074,19997029,20190101,20251103
3524,207,LAX,Terminal 5A - Passenger,LAX - Terminal 5A - Passenger,38507,10098298,20190101,20251020
3525,207,LAX,Terminal 6 - Passenger,LAX - Terminal 6 - Passenger,51433,20998312,20190101,20260613
3526,207,LAX,Terminal 7 - Passenger,LAX - Terminal 7 - Passenger,56561,31444992,20190101,20260613
3527,207,LAX,Terminal A,LAX - Terminal A,2,364,20220908,20240904
3528,207,LAX,erminal 4A - Passenger,LAX - erminal 4A - Passenger,2,949,20190103,20190105
3529,207,LAX,erminal 5 - Passenger,LAX - erminal 5 - Passenger,2,879,20190103,20190105
3530,207,LAX,erminal 5A - Passenger,LAX - erminal 5A - Passenger,2,315,20190103,20190105
3531,207,LAX,erminal 6 - Passenger,LAX - erminal 6 - Passenger,2,910,20190103,20190105
3532,207,LAX,erminal 7 - Passenger,LAX - erminal 7 - Passenger,2,1305,20190103,20190105
3669,216,LGA,1,LGA - 1,1,114,20200908,20200908
3670,216,LGA,10,LGA - 10,6,76,20200915,20211231
3671,216,LGA,2,LGA - 2,2,596,20210809,20211028
3672,216,LGA,37-45,LGA - 37-45,1,33,20190117,20190117
3673,216,LGA,5,LGA - 5,3,332,20190202,20210118
3674,216,LGA,6,LGA - 6,1,92,20210211,20210211
3675,216,LGA,7,LGA - 7,1,175,20230529,20230529
3676,216,LGA,76-85,LGA - 76-85,1,10,20190117,20190117
3677,216,LGA,8,LGA - 8,1,101,20201108,20201108
3678,216,LGA,A1,LGA - A1,1,133,20210422,20210422
3679,216,LGA,CHK,LGA - CHK,41886,6493255,20190101,20260507
3680,216,LGA,CHK A,LGA - CHK A,8512,2550765,20190101,20200612
3681,216,LGA,CHK B,LGA - CHK B,6469,1678150,20190101,20200512
3682,216,LGA,CHK C,LGA - CHK C,7809,1824912,20190101,20200406
3683,216,LGA,CHK D,LGA - CHK D,8438,2825252,20190101,20200612
3684,216,LGA,CHK East,LGA - CHK East,7169,1736211,20190101,20200730
3685,216,LGA,CHK West,LGA - CHK West,62946,29009508,20190101,20250605
3686,216,LGA,Checkpoint,LGA - Checkpoint,8,1816,20190105,20220118
3687,216,LGA,Checkpoint B,LGA - Checkpoint B,2,635,20210416,20230214
3688,216,LGA,Checkpoint C,LGA - Checkpoint C,1,28,20200618,20200618
3689,216,LGA,FIS,LGA - FIS,2,31,20190117,20190117
3690,216,LGA,LGA-,LGA - LGA-,63,30951,20220404,20251115
3691,216,LGA,LGA-NY,LGA - LGA-NY,768,118859,20260111,20260328
3692,216,LGA,LIH01,LGA - LIH01,15,4540,20190103,20220115
3693,216,LGA,LIH02 South,LGA - LIH02 South,4,306,20190103,20190119
3694,216,LGA,MCI 31-35,LGA - MCI 31-35,1,0,20210313,20210313
3695,216,LGA,MCI 37-45,LGA - MCI 37-45,2,1,20190822,20210313
3696,216,LGA,MCI 56-60,LGA - MCI 56-60,1,8,20210518,20210518
3697,216,LGA,Main Checkpoint,LGA - Main Checkpoint,1,50,20200605,20200605
3698,216,LGA,North Checkpoint,LGA - North Checkpoint,1,28,20220328,20220328
3699,216,LGA,TA CHK,LGA - TA CHK,32,4631,20190308,20251108
3700,216,LGA,TB CHK A,LGA - TB CHK A,8,2178,20190417,20200307
3701,216,LGA,TB CHK B,LGA - TB CHK B,13,4045,20190308,20200307
3702,216,LGA,TB CHK C,LGA - TB CHK C,21,4494,20190308,20200307
3703,216,LGA,TB CHK D,LGA - TB CHK D,196,68737,20190308,20200307
3704,216,LGA,TB-CHK,LGA - TB-CHK,45025,37348502,20200613,20260610
3705,216,LGA,TC CHK East,LGA - TC CHK East,165,39312,20190308,20200720
3706,216,LGA,TC CHK West,LGA - TC CHK West,564,185164,20190308,20220703
3707,216,LGA,TC-CHK,LGA - TC-CHK,6145,5038149,20250606,20260610
3708,216,LGA,TD CHK West,LGA - TD CHK West,533,184990,20190308,20220522
3709,216,LGA,Terminal A,LGA - Terminal A,1,277,20210711,20210711
3920,229,MCO,1,MCO - 1,1,26,20190218,20190218
3921,229,MCO,2,MCO - 2,3,113,20250206,20250309
3922,229,MCO,Central-FA-Upper,MCO - Central-FA-Upper,4,68,20190105,20190330
3923,229,MCO,Central-G,MCO - Central-G,1,0,20190330,20190330
3924,229,MCO,Checkpoint,MCO - Checkpoint,114327,149978615,20190101,20260613
3925,229,MCO,EAST FIS,MCO - EAST FIS,74,888,20190105,20251107
3926,229,MCO,FIS,MCO - FIS,34119,1050121,20190101,20260613
3927,229,MCO,MCO-,MCO - MCO-,69,32978,20220403,20251115
3928,229,MCO,MCO-FL,MCO - MCO-FL,772,996142,20260111,20260328
3929,229,MCO,North 2,MCO - North 2,8,248,20190112,20210430
3930,229,MCO,North 3,MCO - North 3,1,3,20200720,20200720
3931,229,MCO,North-E,MCO - North-E,2,105,20190112,20190113
3932,229,MCO,SOUTH Checkpoint,MCO - SOUTH Checkpoint,26324,14812216,20220920,20260608
3933,229,MCO,South-J1,MCO - South-J1,5,756,20190112,20190119
3934,229,MCO,WEST FIS,MCO - WEST FIS,291,10443,20190308,20220703
4244,241,MIA,1,MIA - 1,4961,2146221,20190103,20260613
4245,241,MIA,10,MIA - 10,4959,1409138,20190103,20260608
4246,241,MIA,2,MIA - 2,5591,1721387,20201031,20260610
4247,241,MIA,3,MIA - 3,8737,4449582,20241215,20260611
4248,241,MIA,3A,MIA - 3A,1,12,20190104,20190104
4249,241,MIA,4,MIA - 4,7753,1591344,20241215,20260610
4250,241,MIA,4B,MIA - 4B,4,391,20190103,20190110
4251,241,MIA,5,MIA - 5,8366,3229294,20190103,20260610
4252,241,MIA,6,MIA - 6,9056,2758481,20200111,20260610
4253,241,MIA,7,MIA - 7,9011,1508062,20210317,20260608
4254,241,MIA,8,MIA - 8,7469,3440870,20240408,20260608
4255,241,MIA,9,MIA - 9,11270,3792540,20241215,20260611
4256,241,MIA,A1,MIA - A1,2,598,20241207,20250124
4257,241,MIA,C,MIA - C,198,61381,20190101,20260509
4258,241,MIA,CONC C,MIA - CONC C,584,147943,20190308,20251108
4259,241,MIA,CP1,MIA - CP1,16,1052,20190101,20190119
4260,241,MIA,Central,MIA - Central,6,2079,20191112,20250509
4261,241,MIA,Central-E,MIA - Central-E,27747,9419507,20201027,20241214
4262,241,MIA,Central-FA-Upper,MIA - Central-FA-Upper,30389,5550721,20190101,20241214
4263,241,MIA,Central-FB-Lower,MIA - Central-FB-Lower,1,35,20190118,20190118
4264,241,MIA,Central-G,MIA - Central-G,34924,7869714,20190101,20241214
4265,241,MIA,Checkpoint,MIA - Checkpoint,19,5415,20190917,20250423
4266,241,MIA,Checkpoint A,MIA - Checkpoint A,2,936,20220331,20241030
4267,241,MIA,Checkpoint Alpha,MIA - Checkpoint Alpha,4,974,20190913,20240613
4268,241,MIA,Checkpoint B,MIA - Checkpoint B,12,3635,20190302,20230201
4269,241,MIA,Checkpoint C,MIA - Checkpoint C,5,1103,20190919,20250425
4270,241,MIA,Checkpoint F,MIA - Checkpoint F,2,1028,20190422,20190528
4271,241,MIA,Concourse A,MIA - Concourse A,2,904,20190608,20250425
4272,241,MIA,D,MIA - D,156,47157,20190101,20190119
4273,241,MIA,Employee Checkpoint,MIA - Employee Checkpoint,3,429,20221111,20241204
4274,241,MIA,International,MIA - International,2,268,20221203,20250401
4275,241,MIA,MIA-,MIA - MIA-,148,76110,20220403,20251115
4276,241,MIA,MIA-FL,MIA - MIA-FL,774,280060,20260111,20260328
4277,241,MIA,Main Checkpoint,MIA - Main Checkpoint,2,679,20190914,20250222
4278,241,MIA,North,MIA - North,1,304,20250415,20250415
4279,241,MIA,North 1,MIA - North 1,33317,9205938,20190101,20241214
4280,241,MIA,North 2,MIA - North 2,47270,15696701,20190101,20241214
4281,241,MIA,North 3,MIA - North 3,38717,17602658,20190101,20241214
4282,241,MIA,North 4,MIA - North 4,26089,4609632,20190101,20241214
4283,241,MIA,North CP,MIA - North CP,24,4597,20190101,20260506
4284,241,MIA,North Checkpoint,MIA - North Checkpoint,3,898,20211130,20231231
4285,241,MIA,North FIS,MIA - North FIS,38563,17282658,20190101,20260609
4286,241,MIA,North-E,MIA - North-E,8133,2272068,20190101,20201024
4287,241,MIA,South CP,MIA - South CP,5,348,20210313,20251103
4288,241,MIA,South-H,MIA - South-H,32867,12357822,20190101,20241214
4289,241,MIA,South-J1,MIA - South-J1,48420,12872609,20190101,20241214
4290,241,MIA,South-J2,MIA - South-J2,18278,5278977,20190101,20241214
4291,241,MIA,T2,MIA - T2,4,148,20190103,20190110
4292,241,MIA,T4,MIA - T4,4,27,20190103,20190110
4293,241,MIA,TERM1,MIA - TERM1,12,351,20190101,20190119
4294,241,MIA,TERM2,MIA - TERM2,12,345,20190101,20190119
4295,241,MIA,Terminal 1 Checkpoint,MIA - Terminal 1 Checkpoint,2,696,20210603,20241013
4296,241,MIA,Terminal 2,MIA - Terminal 2,4,700,20191204,20220312
4297,241,MIA,Terminal A,MIA - Terminal A,10,2557,20190731,20250416
4476,254,MSP,1,MSP - 1,12,452,20190120,20240715
4477,254,MSP,10,MSP - 10,4401,213436,20190101,20260509
4478,254,MSP,2,MSP - 2,4,782,20200325,20250209
4479,254,MSP,4B,MSP - 4B,4,206,20190104,20190111
4480,254,MSP,5,MSP - 5,4,2804,20190423,20250323
4481,254,MSP,6,MSP - 6,3,340,20190321,20240124
4482,254,MSP,7,MSP - 7,3,1533,20220304,20250106
4483,254,MSP,CP1,MSP - CP1,47515,15954581,20190101,20260613
4484,254,MSP,CP2,MSP - CP2,13099,2387910,20190127,20260613
4485,254,MSP,Checkpoint,MSP - Checkpoint,4,1865,20201022,20250315
4486,254,MSP,Checkpoint A,MSP - Checkpoint A,2,215,20200324,20250307
4487,254,MSP,Checkpoint C,MSP - Checkpoint C,1,223,20201012,20201012
4488,254,MSP,Concourse A,MSP - Concourse A,1,189,20190825,20190825
4489,254,MSP,Employee Checkpoint,MSP - Employee Checkpoint,1,74,20190226,20190226
4490,254,MSP,Hotel CP,MSP - Hotel CP,3220,43730,20190128,20260613
4491,254,MSP,MSP-,MSP - MSP-,59,28878,20220403,20251115
4492,254,MSP,MSP-MN,MSP - MSP-MN,774,244627,20260111,20260328
4493,254,MSP,MSYB,MSP - MSYB,212,74748,20190101,20190822
4494,254,MSP,MSYC,MSP - MSYC,6,1277,20190104,20190119
4495,254,MSP,MSYD,MSP - MSYD,2,11,20190119,20190119
4496,254,MSP,North CP,MSP - North CP,51332,28116973,20190101,20260613
4497,254,MSP,North Checkpoint,MSP - North Checkpoint,1,376,20191003,20191003
4498,254,MSP,P-10,MSP - P-10,3628,171963,20190102,20260520
4499,254,MSP,P-7,MSP - P-7,16749,1835443,20190102,20260613
4500,254,MSP,South CP,MSP - South CP,51553,32847175,20190101,20260613
4501,254,MSP,T2,MSP - T2,5,279,20190104,20251103
4502,254,MSP,T2 CP1,MSP - T2 CP1,648,203623,20190308,20251108
4503,254,MSP,T2 CP2,MSP - T2 CP2,124,24725,20190330,20251108
4504,254,MSP,T4,MSP - T4,3,131,20190104,20190114
4505,254,MSP,TERM1,MSP - TERM1,23,1360,20190115,20260509
4506,254,MSP,TERM2,MSP - TERM2,2,31,20190115,20190119
4507,254,MSP,Terminal 1 Checkpoint,MSP - Terminal 1 Checkpoint,4,1039,20190726,20250206
4508,254,MSP,Terminal 2,MSP - Terminal 2,2,429,20190422,20221208
4509,254,MSP,Terminal A,MSP - Terminal A,1,71,20211025,20211025
4876,268,ORD,-2,ORD - -2,1,28,20190102,20190102
4877,268,ORD,-3 North,ORD - -3 North,1,146,20190102,20190102
4878,268,ORD,-4 A,ORD - -4 A,1,332,20190102,20190102
4879,268,ORD,-4 B,ORD - -4 B,1,171,20190102,20190102
4880,268,ORD,-4 C,ORD - -4 C,1,262,20190102,20190102
4881,268,ORD,-4 D,ORD - -4 D,1,152,20190102,20190102
4882,268,ORD,1,ORD - 1,7961,4603669,20190103,20260613
4883,268,ORD,10,ORD - 10,11173,6559610,20190103,20260613
4884,268,ORD,10A,ORD - 10A,39508,337566,20190101,20260517
4885,268,ORD,11,ORD - 11,16141,1463558,20190606,20260613
4886,268,ORD,2,ORD - 2,10761,7288331,20190101,20260613
4887,268,ORD,3A,ORD - 3A,35894,7182923,20190101,20260613
4888,268,ORD,4B,ORD - 4B,59765,3339280,20190101,20260613
4889,268,ORD,5,ORD - 5,43085,15663269,20190101,20260613
4890,268,ORD,6,ORD - 6,37672,5638422,20190101,20260613
4891,268,ORD,6A,ORD - 6A,58295,3734699,20190101,20260613
4892,268,ORD,7,ORD - 7,42060,19379584,20190101,20260613
4893,268,ORD,7A,ORD - 7A,52605,19039936,20190101,20260613
4894,268,ORD,8,ORD - 8,42997,8018285,20190101,20260613
4895,268,ORD,9,ORD - 9,41380,9981107,20190101,20260106
4896,268,ORD,A,ORD - A,2,645,20190105,20190108
4897,268,ORD,A/B,ORD - A/B,46,13256,20190101,20260505
4898,268,ORD,A/B/C,ORD - A/B/C,55,32773,20190101,20190119
4899,268,ORD,A1,ORD - A1,2,939,20200522,20240214
4900,268,ORD,C,ORD - C,45,16938,20190101,20190119
4901,268,ORD,Central,ORD - Central,4,893,20211008,20250127
4902,268,ORD,Checkpoint,ORD - Checkpoint,31,5238,20190121,20260509
4903,268,ORD,Checkpoint 1,ORD - Checkpoint 1,1,238,20240609,20240609
4904,268,ORD,Checkpoint A,ORD - Checkpoint A,4,792,20191123,20230429
4905,268,ORD,Checkpoint Alpha,ORD - Checkpoint Alpha,8,1334,20190915,20250208
4906,268,ORD,Checkpoint B,ORD - Checkpoint B,6,870,20190102,20240218
4907,268,ORD,Checkpoint C,ORD - Checkpoint C,11,2939,20190115,20250217
4908,268,ORD,Checkpoint D\E,ORD - Checkpoint D\E,1,153,20190115,20190115
4909,268,ORD,Checkpoint F,ORD - Checkpoint F,1,43,20190115,20190115
4910,268,ORD,Conc. A Checkpoint,ORD - Conc. A Checkpoint,256,46949,20190101,20260509
4911,268,ORD,Conc. B Checkpoint,ORD - Conc. B Checkpoint,190,31732,20190101,20190119
4912,268,ORD,Concourse A,ORD - Concourse A,5,197,20210101,20230830
4913,268,ORD,D/E,ORD - D/E,45,17307,20190101,20190119
4914,268,ORD,East,ORD - East,1,114,20190115,20190115
4915,268,ORD,Employee Checkpoint,ORD - Employee Checkpoint,8,791,20200907,20250107
4916,268,ORD,FIS,ORD - FIS,1,77,20250331,20250331
4917,268,ORD,International,ORD - International,3,161,20240315,20260102
4918,268,ORD,North,ORD - North,4,761,20191005,20250503
4919,268,ORD,ORD-,ORD - ORD-,226,115297,20190105,20251115
4920,268,ORD,ORD-IL,ORD - ORD-IL,773,328815,20260111,20260328
4921,268,ORD,PBI A/B,ORD - PBI A/B,7,111,20190807,20251108
4922,268,ORD,PDX A/B/C,ORD - PDX A/B/C,82,3380,20191203,20220703
4923,268,ORD,T-2,ORD - T-2,1,96,20190115,20190115
4924,268,ORD,Terminal 1 Checkpoint,ORD - Terminal 1 Checkpoint,3,544,20220128,20241106
4925,268,ORD,Terminal 2,ORD - Terminal 2,9,1855,20191227,20221216
4926,268,ORD,Terminal A,ORD - Terminal A,5,1218,20211020,20231226
4927,268,ORD,West Sec 7,ORD - West Sec 7,2,235,20190102,20190115
4928,268,ORD,heckpoint D\E,ORD - heckpoint D\E,1,14,20190102,20190102
4929,268,ORD,heckpoint F,ORD - heckpoint F,1,22,20190102,20190102
4930,268,ORD,onc. A Checkpoint,ORD - onc. A Checkpoint,2,233,20190105,20190108
4931,268,ORD,onc. B Checkpoint,ORD - onc. B Checkpoint,2,254,20190105,20190108
5193,282,PHL,A East,PHL - A East,12,3699,20190604,20251107
5194,282,PHL,A West Sec 7,PHL - A West Sec 7,16,1970,20190703,20251102
5195,282,PHL,Alternate Checkpoint,PHL - Alternate Checkpoint,18,780,20190101,20190119
5196,282,PHL,Checkpoint B,PHL - Checkpoint B,13738,4062440,20190101,20260612
5197,282,PHL,Checkpoint C,PHL - Checkpoint C,37517,9030589,20190101,20260611
5198,282,PHL,Checkpoint D\E,PHL - Checkpoint D\E,50981,31948074,20190101,20260612
5199,282,PHL,Checkpoint F,PHL - Checkpoint F,40017,4486468,20190101,20260608
5200,282,PHL,East,PHL - East,36998,11387472,20190104,20260613
5201,282,PHL,Main Checkpoint,PHL - Main Checkpoint,18,2584,20190101,20190119
5202,282,PHL,PHL-,PHL - PHL-,80,42846,20220404,20251115
5203,282,PHL,PHL-PA,PHL - PHL-PA,640,223084,20260111,20260328
5204,282,PHL,T-2,PHL - T-2,283,61574,20190101,20200102
5205,282,PHL,T-3 North,PHL - T-3 North,762,374353,20190101,20260509
5206,282,PHL,T-4 A,PHL - T-4 A,668,364187,20190101,20260509
5207,282,PHL,T-4 B,PHL - T-4 B,51,10923,20190101,20251106
5208,282,PHL,T-4 C,PHL - T-4 C,114,19776,20190101,20190119
5209,282,PHL,T-4 D,PHL - T-4 D,47,9082,20190101,20190119
5210,282,PHL,Terminal A,PHL - Terminal A,1,17,20250107,20250107
5211,282,PHL,West Sec 5,PHL - West Sec 5,865,80798,20190329,20260608
5212,282,PHL,West Sec 7,PHL - West Sec 7,39049,5630191,20190102,20260612
5213,283,PHX,1,PHX - 1,1,576,20220121,20220121
5214,283,PHX,10,PHX - 10,5,1545,20200322,20260103
5215,283,PHX,2,PHX - 2,7,3171,20210831,20250206
5216,283,PHX,5,PHX - 5,17,5106,20200215,20250422
5217,283,PHX,6,PHX - 6,13,1820,20200625,20250421
5218,283,PHX,7,PHX - 7,3,1429,20230102,20250216
5219,283,PHX,8,PHX - 8,2,358,20240223,20240606
5220,283,PHX,A1,PHX - A1,2,477,20210412,20250115
5221,283,PHX,Alternate Checkpoint,PHX - Alternate Checkpoint,2,304,20190110,20251103
5222,283,PHX,Central,PHX - Central,4,969,20200227,20240714
5223,283,PHX,Checkpoint,PHX - Checkpoint,19,5925,20190131,20240802
5224,283,PHX,Checkpoint A,PHX - Checkpoint A,2,1169,20231215,20240909
5225,283,PHX,Checkpoint Alpha,PHX - Checkpoint Alpha,1,81,20230127,20230127
5226,283,PHX,Checkpoint B,PHX - Checkpoint B,6,1983,20200604,20251228
5227,283,PHX,Checkpoint C,PHX - Checkpoint C,5,1425,20211004,20250129
5228,283,PHX,Concourse A,PHX - Concourse A,2,674,20210523,20230104
5229,283,PHX,Employee Checkpoint,PHX - Employee Checkpoint,2,268,20221206,20230526
5230,283,PHX,FIS,PHX - FIS,1,99,20241031,20241031
5231,283,PHX,Main Checkpoint,PHX - Main Checkpoint,1,134,20190110,20190110
5232,283,PHX,North Checkpoint,PHX - North Checkpoint,1,628,20230226,20230226
5233,283,PHX,PHX-,PHX - PHX-,90,45130,20220404,20251115
5234,283,PHX,PHX-AZ,PHX - PHX-AZ,772,577493,20260111,20260328
5235,283,PHX,PIE A,PHX - PIE A,29,2979,20200720,20251107
5236,283,PHX,T-2,PHX - T-2,8029,1871297,20190104,20200204
5237,283,PHX,T-3 North,PHX - T-3 North,60873,36171578,20190101,20260613
5238,283,PHX,T-4 A,PHX - T-4 A,60604,30249890,20190101,20260613
5239,283,PHX,T-4 B,PHX - T-4 B,39313,16403496,20190101,20260613
5240,283,PHX,T-4 C,PHX - T-4 C,54273,25075032,20190101,20260613
5241,283,PHX,T-4 D,PHX - T-4 D,39063,17126285,20190101,20260613
5242,283,PHX,Terminal 1 Checkpoint,PHX - Terminal 1 Checkpoint,4,949,20220721,20251110
5243,283,PHX,Terminal 2,PHX - Terminal 2,3,451,20210803,20221217
5244,283,PHX,Terminal A,PHX - Terminal A,2,541,20230904,20240413
5960,331,SEA,1,SEA - 1,23415,7106938,20190217,20260608
5961,331,SEA,10,SEA - 10,1,682,20220815,20220815
5962,331,SEA,2,SEA - 2,39315,21417158,20190217,20260612
5963,331,SEA,3,SEA - 3,49174,24817366,20190217,20260610
5964,331,SEA,4,SEA - 4,41946,23174547,20190217,20260611
5965,331,SEA,5,SEA - 5,30663,14373947,20190217,20260612
5966,331,SEA,6,SEA - 6,2707,1640471,20251117,20260611
5967,331,SEA,7,SEA - 7,2,460,20201104,20240116
5968,331,SEA,Central Checkpoint,SEA - Central Checkpoint,1516,380526,20190101,20200328
5969,331,SEA,Charlie Checkpoint,SEA - Charlie Checkpoint,7805,5301447,20190101,20200328
5970,331,SEA,Checkpoint,SEA - Checkpoint,1583,143069,20190101,20220511
5971,331,SEA,Checkpoint A,SEA - Checkpoint A,1,218,20230114,20230114
5972,331,SEA,Checkpoint C,SEA - Checkpoint C,1,264,20240909,20240909
5973,331,SEA,Concourse A,SEA - Concourse A,1,614,20211009,20211009
5974,331,SEA,Employee Security Checkpoint D,SEA - Employee Security Checkpoint D,29,605,20190103,20260507
5975,331,SEA,Employee Security Checkpoint F,SEA - Employee Security Checkpoint F,26,1479,20190103,20260509
5976,331,SEA,FB-01,SEA - FB-01,5,838,20190103,20190107
5977,331,SEA,FB-02,SEA - FB-02,5,2665,20190103,20190107
5978,331,SEA,FIS,SEA - FIS,1,49,20190103,20190103
5979,331,SEA,IAF,SEA - IAF,21022,3369069,20220419,20260608
5980,331,SEA,North Checkpoint,SEA - North Checkpoint,6725,3216364,20190101,20240704
5981,331,SEA,Offsite Checkpoint,SEA - Offsite Checkpoint,4626,1436430,20190101,20200328
5982,331,SEA,SCP 1,SEA - SCP 1,15,3338,20210430,20251108
5983,331,SEA,SCP 2,SEA - SCP 2,19,9689,20210519,20251107
5984,331,SEA,SCP 3,SEA - SCP 3,361,167927,20200720,20251108
5985,331,SEA,SCP 4,SEA - SCP 4,407,195029,20200720,20251108
5986,331,SEA,SCP 5,SEA - SCP 5,351,162185,20200720,20251108
5987,331,SEA,SCP IAF,SEA - SCP IAF,3,187,20220522,20220703
5988,331,SEA,SEA-,SEA - SEA-,81,38618,20220403,20251115
5989,331,SEA,SEA-WA,SEA - SEA-WA,771,140633,20260111,20260328
5990,331,SEA,SFB-01,SEA - SFB-01,35,3078,20190103,20190822
5991,331,SEA,SFB-02,SEA - SFB-02,18,9720,20190103,20190118
5992,331,SEA,Security Checkpoint A,SEA - Security Checkpoint A,127,53207,20190101,20260507
5993,331,SEA,Security Checkpoint B,SEA - Security Checkpoint B,115,17119,20190101,20260507
5994,331,SEA,Security Checkpoint C,SEA - Security Checkpoint C,83,9055,20190101,20190119
5995,331,SEA,Security Checkpoint D,SEA - Security Checkpoint D,86,22836,20190101,20190119
5996,331,SEA,Security Checkpoint F-1,SEA - Security Checkpoint F-1,87,33841,20190101,20190119
5997,331,SEA,Security Checkpoint F-3,SEA - Security Checkpoint F-3,2,414,20190103,20190116
5998,331,SEA,Security Checkpoint G,SEA - Security Checkpoint G,83,35581,20190101,20190119
5999,331,SEA,South Checkpoint,SEA - South Checkpoint,7839,3851582,20190101,20200328
6000,331,SEA,Terminal A,SEA - Terminal A,13,2029,20190103,20250203
6001,331,SEA,Terminal B North,SEA - Terminal B North,11,622,20190103,20190118
6002,331,SEA,ecurity Checkpoint A,SEA - ecurity Checkpoint A,6,1599,20190102,20190107
6003,331,SEA,ecurity Checkpoint B,SEA - ecurity Checkpoint B,6,1794,20190102,20190107
6004,331,SEA,ecurity Checkpoint C,SEA - ecurity Checkpoint C,3,491,20190102,20190106
6005,331,SEA,ecurity Checkpoint D,SEA - ecurity Checkpoint D,1,580,20190102,20190102
6006,331,SEA,ecurity Checkpoint F-1,SEA - ecurity Checkpoint F-1,1,875,20190102,20190102
6007,331,SEA,ecurity Checkpoint G,SEA - ecurity Checkpoint G,1,578,20190102,20190102
6008,331,SEA,ffsite Checkpoint,SEA - ffsite Checkpoint,5,936,20190101,20190109
6009,331,SEA,harlie Checkpoint,SEA - harlie Checkpoint,2,891,20190102,20190109
6010,331,SEA,mployee Security Checkpoint D,SEA - mployee Security Checkpoint D,3,95,20190104,20190107
6011,331,SEA,mployee Security Checkpoint F,SEA - mployee Security Checkpoint F,3,298,20190104,20190107
6012,331,SEA,orth Checkpoint,SEA - orth Checkpoint,10,3541,20190101,20190109
6013,331,SEA,outh Checkpoint,SEA - outh Checkpoint,11,4898,20190101,20190109
6060,333,SFO,Employee Security Checkpoint D,SFO - Employee Security Checkpoint D,25073,1334100,20190104,20260612
6061,333,SFO,Employee Security Checkpoint F,SFO - Employee Security Checkpoint F,27828,1073073,20190104,20260612
6062,333,SFO,FIS,SFO - FIS,25,338,20190902,20211125
6063,333,SFO,SFO-,SFO - SFO-,128,68811,20220404,20251115
6064,333,SFO,SFO-CA,SFO - SFO-CA,742,132447,20260111,20260328
6065,333,SFO,Security Checkpoint A,SFO - Security Checkpoint A,52021,21033195,20190101,20260612
6066,333,SFO,Security Checkpoint B,SFO - Security Checkpoint B,54700,22716637,20190101,20260612
6067,333,SFO,Security Checkpoint C,SFO - Security Checkpoint C,9433,2625863,20190101,20220725
6068,333,SFO,Security Checkpoint D,SFO - Security Checkpoint D,54841,26912210,20190101,20260612
6069,333,SFO,Security Checkpoint F-1,SFO - Security Checkpoint F-1,55075,37975697,20190101,20260612
6070,333,SFO,Security Checkpoint F-3,SFO - Security Checkpoint F-3,9051,2204445,20190101,20250525
6071,333,SFO,Security Checkpoint G,SFO - Security Checkpoint G,54794,17616474,20190101,20260612
6072,333,SFO,Security Checkpoint T1 B Mezzanine,SFO - Security Checkpoint T1 B Mezzanine,9855,4319816,20240605,20260612
6073,333,SFO,Terminal A,SFO - Terminal A,706,89919,20190107,20221119
6074,333,SFO,Terminal B North,SFO - Terminal B North,1,274,20190107,20190107
6075,333,SFO,ecurity Checkpoint C,SFO - ecurity Checkpoint C,20,8923,20190101,20190108
6076,333,SFO,ecurity Checkpoint D,SFO - ecurity Checkpoint D,26,21553,20190101,20190109
6077,333,SFO,ecurity Checkpoint F-1,SFO - ecurity Checkpoint F-1,26,23672,20190101,20190109
6078,333,SFO,ecurity Checkpoint F-3,SFO - ecurity Checkpoint F-3,26,7580,20190101,20190109
6079,333,SFO,ecurity Checkpoint G,SFO - ecurity Checkpoint G,26,11053,20190101,20190109
6266,343,SLC,1,SLC - 1,3,807,20191124,20210616
6267,343,SLC,1-C,SLC - 1-C,2,104,20190101,20190102
6268,343,SLC,10,SLC - 10,2,468,20200909,20211121
6269,343,SLC,2,SLC - 2,3,1198,20191110,20250309
6270,343,SLC,2-E,SLC - 2-E,1,166,20190102,20190102
6271,343,SLC,5,SLC - 5,2,223,20210413,20240603
6272,343,SLC,6,SLC - 6,1,52,20211128,20211128
6273,343,SLC,7,SLC - 7,3,318,20201101,20241118
6274,343,SLC,A,SLC - A,1,80,20190118,20190118
6275,343,SLC,A-1,SLC - A-1,53,7338,20190101,20190119
6276,343,SLC,B-1,SLC - B-1,20,2394,20190101,20190119
6277,343,SLC,C,SLC - C,14,1526,20190101,20190118
6278,343,SLC,Central B,SLC - Central B,481,228533,20190101,20260509
6279,343,SLC,Checkpoint,SLC - Checkpoint,3,760,20200927,20210930
6280,343,SLC,Checkpoint A,SLC - Checkpoint A,2,730,20201206,20240205
6281,343,SLC,Checkpoint B,SLC - Checkpoint B,4,1134,20190707,20210819
6282,343,SLC,Checkpoint C,SLC - Checkpoint C,1,57,20210613,20210613
6283,343,SLC,Concourse A,SLC - Concourse A,1,104,20200211,20200211
6284,343,SLC,Employee Checkpoint,SLC - Employee Checkpoint,2,205,20201206,20220928
6285,343,SLC,FIS,SLC - FIS,2,307,20190414,20190602
6286,343,SLC,International,SLC - International,6570,890078,20200915,20260613
6287,343,SLC,LC2,SLC - LC2,7,5041,20190101,20190109
6288,343,SLC,LC3,SLC - LC3,7,496,20190101,20190109
6289,343,SLC,Main,SLC - Main,44451,45092997,20200902,20260613
6290,343,SLC,North Checkpoint,SLC - North Checkpoint,1,94,20221010,20221010
6291,343,SLC,SLC-,SLC - SLC-,41,22383,20220405,20251115
6292,343,SLC,SLC-UT,SLC - SLC-UT,711,119194,20260111,20260328
6293,343,SLC,SLC1,SLC - SLC1,12376,4644241,20190101,20200914
6294,343,SLC,SLC2,SLC - SLC2,11399,5670595,20190101,20200914
6295,343,SLC,SLC3,SLC - SLC3,2429,218953,20190101,20200914
6296,343,SLC,T1-A,SLC - T1-A,5,58,20190102,20190114
6297,343,SLC,T1-C,SLC - T1-C,20,1143,20190101,20190118
6298,343,SLC,T2-E,SLC - T2-E,20,2176,20190101,20190118
6299,343,SLC,T2-F,SLC - T2-F,2,251,20190102,20190108
6300,343,SLC,Terminal 1 Checkpoint,SLC - Terminal 1 Checkpoint,1,55,20191006,20191006
6301,343,SLC,Terminal 2,SLC - Terminal 2,2,9,20191202,20220914
6302,343,SLC,Terminal A,SLC - Terminal A,83,11370,20190101,20190119
6303,343,SLC,entral B,SLC - entral B,4,2031,20190101,20190106
6304,343,SLC,erminal A,SLC - erminal A,4,536,20190101,20190106
6645,365,TPA,1,TPA - 1,1,99,20201021,20201021
6646,365,TPA,5,TPA - 5,2,628,20200212,20250428
6647,365,TPA,7,TPA - 7,1,122,20201010,20201010
6648,365,TPA,8,TPA - 8,2,451,20201028,20230410
6649,365,TPA,A,TPA - A,45982,18779569,20190101,20260613
6650,365,TPA,A1,TPA - A1,1,136,20190708,20190708
6651,365,TPA,C,TPA - C,47178,21339326,20190102,20260613
6652,365,TPA,Checkpoint,TPA - Checkpoint,3,207,20210102,20230807
6653,365,TPA,E,TPA - E,47187,20037991,20190102,20260613
6654,365,TPA,F,TPA - F,44062,15079839,20190101,20260613
6655,365,TPA,TPA A,TPA - TPA A,27,9301,20190330,20251107
6656,365,TPA,TPA C,TPA - TPA C,59,14239,20190101,20251106
6657,365,TPA,TPA E,TPA - TPA E,345,141765,20190119,20251108
6658,365,TPA,TPA F,TPA - TPA F,325,112575,20190108,20251108
6659,365,TPA,TPA-,TPA - TPA-,61,32553,20220404,20251115
6660,365,TPA,TPA-FL,TPA - TPA-FL,648,246335,20260111,20260328
