marketId,originAirportId,destAirportId,originAirportCode,destAirportCode,nonStopMiles,distanceGroup
1115,24,27,ATL,AUS,813,2
1126,24,50,ATL,BOS,946,2
1142,24,79,ATL,CLT,226,1
1151,24,98,ATL,DCA,547,2
1152,24,101,ATL,DEN,1199,3
1153,24,102,ATL,DFW,731,2
1157,24,110,ATL,DTW,594,2
1163,24,125,ATL,EWR,746,2
1191,24,176,ATL,IAD,534,2
1192,24,178,ATL,IAH,689,2
1201,24,195,ATL,JFK,760,2
1204,24,205,ATL,LAS,1747,4
1205,24,207,ATL,LAX,1947,4
1209,24,216,ATL,LGA,762,2
1216,24,229,ATL,MCO,404,1
1223,24,241,ATL,MIA,594,2
1230,24,254,ATL,MSP,907,2
1240,24,268,ATL,ORD,606,2
1245,24,282,ATL,PHL,666,2
1246,24,283,ATL,PHX,1587,4
1269,24,331,ATL,SEA,2182,5
1270,24,333,ATL,SFO,2139,5
1275,24,343,ATL,SLC,1590,4
1286,24,365,ATL,TPA,406,1
1484,27,24,AUS,ATL,813,2
1496,27,50,AUS,BOS,1698,4
1512,27,79,AUS,CLT,1032,3
1521,27,98,AUS,DCA,1315,3
1522,27,101,AUS,DEN,775,2
1523,27,102,AUS,DFW,190,1
1527,27,110,AUS,DTW,1149,3
1533,27,125,AUS,EWR,1504,4
1561,27,176,AUS,IAD,1297,3
1562,27,178,AUS,IAH,140,1
1571,27,195,AUS,JFK,1521,4
1574,27,205,AUS,LAS,1090,3
1575,27,207,AUS,LAX,1242,3
1579,27,216,AUS,LGA,1520,4
1586,27,229,AUS,MCO,994,2
1593,27,241,AUS,MIA,1103,3
1600,27,254,AUS,MSP,1042,3
1610,27,268,AUS,ORD,977,2
1615,27,282,AUS,PHL,1430,3
1616,27,283,AUS,PHX,872,2
1639,27,331,AUS,SEA,1770,4
1640,27,333,AUS,SFO,1504,4
1645,27,343,AUS,SLC,1086,3
1656,27,365,AUS,TPA,928,2
3506,50,24,BOS,ATL,946,2
3508,50,27,BOS,AUS,1698,4
3534,50,79,BOS,CLT,728,2
3543,50,98,BOS,DCA,399,1
3544,50,101,BOS,DEN,1754,4
3545,50,102,BOS,DFW,1562,4
3549,50,110,BOS,DTW,632,2
3555,50,125,BOS,EWR,200,1
3583,50,176,BOS,IAD,413,1
3584,50,178,BOS,IAH,1597,4
3593,50,195,BOS,JFK,187,1
3596,50,205,BOS,LAS,2381,5
3597,50,207,BOS,LAX,2611,6
3601,50,216,BOS,LGA,184,1
3608,50,229,BOS,MCO,1121,3
3615,50,241,BOS,MIA,1258,3
3622,50,254,BOS,MSP,1124,3
3632,50,268,BOS,ORD,867,2
3637,50,282,BOS,PHL,280,1
3638,50,283,BOS,PHX,2300,5
3661,50,331,BOS,SEA,2496,5
3662,50,333,BOS,SFO,2704,6
3667,50,343,BOS,SLC,2105,5
3678,50,365,BOS,TPA,1185,3
6417,79,24,CLT,ATL,226,1
6419,79,27,CLT,AUS,1032,3
6430,79,50,CLT,BOS,728,2
6454,79,98,CLT,DCA,331,1
6455,79,101,CLT,DEN,1337,3
6456,79,102,CLT,DFW,936,2
6460,79,110,CLT,DTW,500,2
6466,79,125,CLT,EWR,529,2
6494,79,176,CLT,IAD,322,1
6495,79,178,CLT,IAH,912,2
6504,79,195,CLT,JFK,541,2
6507,79,205,CLT,LAS,1916,4
6508,79,207,CLT,LAX,2125,5
6512,79,216,CLT,LGA,544,2
6519,79,229,CLT,MCO,468,1
6526,79,241,CLT,MIA,650,2
6533,79,254,CLT,MSP,930,2
6543,79,268,CLT,ORD,599,2
6548,79,282,CLT,PHL,449,1
6549,79,283,CLT,PHX,1773,4
6572,79,331,CLT,SEA,2279,5
6573,79,333,CLT,SFO,2296,5
6578,79,343,CLT,SLC,1727,4
6589,79,365,CLT,TPA,507,2
8054,98,24,DCA,ATL,547,2
8056,98,27,DCA,AUS,1315,3
8067,98,50,DCA,BOS,399,1
8083,98,79,DCA,CLT,331,1
8092,98,101,DCA,DEN,1476,3
8093,98,102,DCA,DFW,1192,3
8097,98,110,DCA,DTW,405,1
8103,98,125,DCA,EWR,199,1
8131,98,176,DCA,IAD,24,1
8132,98,178,DCA,IAH,1208,3
8141,98,195,DCA,JFK,213,1
8144,98,205,DCA,LAS,2089,5
8145,98,207,DCA,LAX,2311,5
8149,98,216,DCA,LGA,214,1
8156,98,229,DCA,MCO,759,2
8163,98,241,DCA,MIA,919,2
8170,98,254,DCA,MSP,931,2
8180,98,268,DCA,ORD,612,2
8185,98,282,DCA,PHL,119,1
8186,98,283,DCA,PHX,1979,4
8209,98,331,DCA,SEA,2329,5
8210,98,333,DCA,SFO,2442,5
8215,98,343,DCA,SLC,1851,4
8226,98,365,DCA,TPA,814,2
8240,101,24,DEN,ATL,1199,3
8242,101,27,DEN,AUS,775,2
8253,101,50,DEN,BOS,1754,4
8269,101,79,DEN,CLT,1337,3
8278,101,98,DEN,DCA,1476,3
8279,101,102,DEN,DFW,641,2
8283,101,110,DEN,DTW,1123,3
8289,101,125,DEN,EWR,1605,4
8317,101,176,DEN,IAD,1452,3
8318,101,178,DEN,IAH,862,2
8327,101,195,DEN,JFK,1626,4
8330,101,205,DEN,LAS,628,2
8331,101,207,DEN,LAX,862,2
8335,101,216,DEN,LGA,1620,4
8342,101,229,DEN,MCO,1546,4
8349,101,241,DEN,MIA,1709,4
8356,101,254,DEN,MSP,680,2
8366,101,268,DEN,ORD,888,2
8371,101,282,DEN,PHL,1558,4
8372,101,283,DEN,PHX,602,2
8395,101,331,DEN,SEA,1024,3
8396,101,333,DEN,SFO,967,2
8401,101,343,DEN,SLC,391,1
8412,101,365,DEN,TPA,1506,4
8426,102,24,DFW,ATL,731,2
8428,102,27,DFW,AUS,190,1
8439,102,50,DFW,BOS,1562,4
8455,102,79,DFW,CLT,936,2
8464,102,98,DFW,DCA,1192,3
8465,102,101,DFW,DEN,641,2
8469,102,110,DFW,DTW,986,2
8475,102,125,DFW,EWR,1372,3
8503,102,176,DFW,IAD,1172,3
8504,102,178,DFW,IAH,224,1
8513,102,195,DFW,JFK,1391,3
8516,102,205,DFW,LAS,1055,3
8517,102,207,DFW,LAX,1235,3
8521,102,216,DFW,LGA,1389,3
8528,102,229,DFW,MCO,985,2
8535,102,241,DFW,MIA,1121,3
8542,102,254,DFW,MSP,852,2
8552,102,268,DFW,ORD,801,2
8557,102,282,DFW,PHL,1303,3
8558,102,283,DFW,PHX,868,2
8581,102,331,DFW,SEA,1660,4
8582,102,333,DFW,SFO,1464,3
8587,102,343,DFW,SLC,989,2
8598,102,365,DFW,TPA,929,2
9159,110,24,DTW,ATL,594,2
9161,110,27,DTW,AUS,1149,3
9172,110,50,DTW,BOS,632,2
9188,110,79,DTW,CLT,500,2
9197,110,98,DTW,DCA,405,1
9198,110,101,DTW,DEN,1123,3
9199,110,102,DTW,DFW,986,2
9208,110,125,DTW,EWR,488,1
9236,110,176,DTW,IAD,383,1
9237,110,178,DTW,IAH,1075,3
9246,110,195,DTW,JFK,509,2
9249,110,205,DTW,LAS,1749,4
9250,110,207,DTW,LAX,1979,4
9254,110,216,DTW,LGA,502,2
9261,110,229,DTW,MCO,957,2
9268,110,241,DTW,MIA,1145,3
9275,110,254,DTW,MSP,528,2
9285,110,268,DTW,ORD,235,1
9290,110,282,DTW,PHL,453,1
9291,110,283,DTW,PHX,1671,4
9314,110,331,DTW,SEA,1927,4
9315,110,333,DTW,SFO,2079,5
9320,110,343,DTW,SLC,1481,3
9331,110,365,DTW,TPA,983,2
10253,125,24,EWR,ATL,746,2
10255,125,27,EWR,AUS,1504,4
10266,125,50,EWR,BOS,200,1
10282,125,79,EWR,CLT,529,2
10291,125,98,EWR,DCA,199,1
10292,125,101,EWR,DEN,1605,4
10293,125,102,EWR,DFW,1372,3
10297,125,110,EWR,DTW,488,1
10303,125,125,EWR,EWR,0,1
10331,125,176,EWR,IAD,212,1
10332,125,178,EWR,IAH,1400,3
10341,125,195,EWR,JFK,21,1
10344,125,205,EWR,LAS,2227,5
10345,125,207,EWR,LAX,2454,5
10349,125,216,EWR,LGA,17,1
10356,125,229,EWR,MCO,937,2
10363,125,241,EWR,MIA,1085,3
10370,125,254,EWR,MSP,1008,3
10380,125,268,EWR,ORD,719,2
10384,125,282,EWR,PHL,80,1
10385,125,283,EWR,PHX,2133,5
10408,125,331,EWR,SEA,2402,5
10409,125,333,EWR,SFO,2565,6
10414,125,343,EWR,SLC,1969,4
10425,125,365,EWR,TPA,997,2
15342,176,24,IAD,ATL,534,2
15344,176,27,IAD,AUS,1297,3
15355,176,50,IAD,BOS,413,1
15371,176,79,IAD,CLT,322,1
15380,176,98,IAD,DCA,24,1
15381,176,101,IAD,DEN,1452,3
15382,176,102,IAD,DFW,1172,3
15386,176,110,IAD,DTW,383,1
15392,176,125,IAD,EWR,212,1
15420,176,178,IAD,IAH,1190,3
15429,176,195,IAD,JFK,228,1
15432,176,205,IAD,LAS,2065,5
15433,176,207,IAD,LAX,2288,5
15437,176,216,IAD,LGA,229,1
15444,176,229,IAD,MCO,758,2
15451,176,241,IAD,MIA,921,2
15458,176,254,IAD,MSP,908,2
15468,176,268,IAD,ORD,588,2
15473,176,282,IAD,PHL,135,1
15474,176,283,IAD,PHX,1956,4
15497,176,331,IAD,SEA,2306,5
15498,176,333,IAD,SFO,2419,5
15503,176,343,IAD,SLC,1828,4
15514,176,365,IAD,TPA,811,2
15528,178,24,IAH,ATL,689,2
15530,178,27,IAH,AUS,140,1
15541,178,50,IAH,BOS,1597,4
15557,178,79,IAH,CLT,912,2
15566,178,98,IAH,DCA,1208,3
15567,178,101,IAH,DEN,862,2
15568,178,102,IAH,DFW,224,1
15572,178,110,IAH,DTW,1075,3
15578,178,125,IAH,EWR,1400,3
15606,178,176,IAH,IAD,1190,3
15607,178,178,IAH,IAH,0,1
15616,178,195,IAH,JFK,1417,3
15619,178,205,IAH,LAS,1222,3
15620,178,207,IAH,LAX,1379,3
15624,178,216,IAH,LGA,1416,3
15631,178,229,IAH,MCO,854,2
15638,178,241,IAH,MIA,964,2
15645,178,254,IAH,MSP,1034,3
15655,178,268,IAH,ORD,925,2
15660,178,282,IAH,PHL,1325,3
15661,178,283,IAH,PHX,1009,3
15684,178,331,IAH,SEA,1874,4
15685,178,333,IAH,SFO,1635,4
15690,178,343,IAH,SLC,1195,3
15701,178,365,IAH,TPA,787,2
17186,195,24,JFK,ATL,760,2
17188,195,27,JFK,AUS,1521,4
17199,195,50,JFK,BOS,187,1
17215,195,79,JFK,CLT,541,2
17224,195,98,JFK,DCA,213,1
17225,195,101,JFK,DEN,1626,4
17226,195,102,JFK,DFW,1391,3
17230,195,110,JFK,DTW,509,2
17236,195,125,JFK,EWR,21,1
17264,195,176,JFK,IAD,228,1
17265,195,178,JFK,IAH,1417,3
17274,195,195,JFK,JFK,0,1
17277,195,205,JFK,LAS,2248,5
17278,195,207,JFK,LAX,2475,5
17282,195,216,JFK,LGA,11,1
17289,195,229,JFK,MCO,944,2
17296,195,241,JFK,MIA,1089,3
17303,195,254,JFK,MSP,1029,3
17313,195,268,JFK,ORD,740,2
17318,195,282,JFK,PHL,94,1
17319,195,283,JFK,PHX,2153,5
17342,195,331,JFK,SEA,2422,5
17343,195,333,JFK,SFO,2586,6
17348,195,343,JFK,SLC,1990,4
17358,195,365,JFK,TPA,1005,3
17739,205,24,LAS,ATL,1747,4
17741,205,27,LAS,AUS,1090,3
17751,205,50,LAS,BOS,2381,5
17767,205,79,LAS,CLT,1916,4
17776,205,98,LAS,DCA,2089,5
17777,205,101,LAS,DEN,628,2
17778,205,102,LAS,DFW,1055,3
17782,205,110,LAS,DTW,1749,4
17788,205,125,LAS,EWR,2227,5
17816,205,176,LAS,IAD,2065,5
17817,205,178,LAS,IAH,1222,3
17826,205,195,LAS,JFK,2248,5
17829,205,205,LAS,LAS,0,1
17830,205,207,LAS,LAX,236,1
17834,205,216,LAS,LGA,2242,5
17841,205,229,LAS,MCO,2039,5
17848,205,241,LAS,MIA,2174,5
17855,205,254,LAS,MSP,1299,3
17865,205,268,LAS,ORD,1514,4
17870,205,282,LAS,PHL,2176,5
17871,205,283,LAS,PHX,255,1
17894,205,331,LAS,SEA,867,2
17895,205,333,LAS,SFO,414,1
17900,205,343,LAS,SLC,368,1
17911,205,365,LAS,TPA,1984,4
17925,207,24,LAX,ATL,1947,4
17927,207,27,LAX,AUS,1242,3
17938,207,50,LAX,BOS,2611,6
17954,207,79,LAX,CLT,2125,5
17963,207,98,LAX,DCA,2311,5
17964,207,101,LAX,DEN,862,2
17965,207,102,LAX,DFW,1235,3
17969,207,110,LAX,DTW,1979,4
17975,207,125,LAX,EWR,2454,5
18003,207,176,LAX,IAD,2288,5
18004,207,178,LAX,IAH,1379,3
18013,207,195,LAX,JFK,2475,5
18016,207,205,LAX,LAS,236,1
18017,207,207,LAX,LAX,0,1
18021,207,216,LAX,LGA,2469,5
18028,207,229,LAX,MCO,2218,5
18035,207,241,LAX,MIA,2342,5
18042,207,254,LAX,MSP,1535,4
18052,207,268,LAX,ORD,1744,4
18057,207,282,LAX,PHL,2402,5
18058,207,283,LAX,PHX,370,1
18081,207,331,LAX,SEA,954,2
18082,207,333,LAX,SFO,337,1
18087,207,343,LAX,SLC,590,2
18098,207,365,LAX,TPA,2158,5
18661,216,24,LGA,ATL,762,2
18663,216,27,LGA,AUS,1520,4
18673,216,50,LGA,BOS,184,1
18689,216,79,LGA,CLT,544,2
18698,216,98,LGA,DCA,214,1
18699,216,101,LGA,DEN,1620,4
18700,216,102,LGA,DFW,1389,3
18704,216,110,LGA,DTW,502,2
18710,216,125,LGA,EWR,17,1
18738,216,176,LGA,IAD,229,1
18739,216,178,LGA,IAH,1416,3
18748,216,195,LGA,JFK,11,1
18751,216,205,LGA,LAS,2242,5
18752,216,207,LGA,LAX,2469,5
18762,216,229,LGA,MCO,950,2
18769,216,241,LGA,MIA,1096,3
18776,216,254,LGA,MSP,1020,3
18786,216,268,LGA,ORD,733,2
18791,216,282,LGA,PHL,96,1
18792,216,283,LGA,PHX,2149,5
18815,216,331,LGA,SEA,2413,5
18816,216,333,LGA,SFO,2579,6
18821,216,343,LGA,SLC,1983,4
18831,216,365,LGA,TPA,1010,3
19925,229,24,MCO,ATL,404,1
19927,229,27,MCO,AUS,994,2
19938,229,50,MCO,BOS,1121,3
19954,229,79,MCO,CLT,468,1
19963,229,98,MCO,DCA,759,2
19964,229,101,MCO,DEN,1546,4
19965,229,102,MCO,DFW,985,2
19969,229,110,MCO,DTW,957,2
19975,229,125,MCO,EWR,937,2
20003,229,176,MCO,IAD,758,2
20004,229,178,MCO,IAH,854,2
20013,229,195,MCO,JFK,944,2
20016,229,205,MCO,LAS,2039,5
20017,229,207,MCO,LAX,2218,5
20021,229,216,MCO,LGA,950,2
20034,229,241,MCO,MIA,192,1
20041,229,254,MCO,MSP,1310,3
20051,229,268,MCO,ORD,1005,3
20056,229,282,MCO,PHL,861,2
20057,229,283,MCO,PHX,1849,4
20080,229,331,MCO,SEA,2554,6
20081,229,333,MCO,SFO,2446,5
20086,229,343,MCO,SLC,1931,4
20097,229,365,MCO,TPA,81,1
21199,241,24,MIA,ATL,594,2
21201,241,27,MIA,AUS,1103,3
21212,241,50,MIA,BOS,1258,3
21228,241,79,MIA,CLT,650,2
21237,241,98,MIA,DCA,919,2
21238,241,101,MIA,DEN,1709,4
21239,241,102,MIA,DFW,1121,3
21243,241,110,MIA,DTW,1145,3
21249,241,125,MIA,EWR,1085,3
21277,241,176,MIA,IAD,921,2
21278,241,178,MIA,IAH,964,2
21287,241,195,MIA,JFK,1089,3
21290,241,205,MIA,LAS,2174,5
21291,241,207,MIA,LAX,2342,5
21295,241,216,MIA,LGA,1096,3
21302,241,229,MIA,MCO,192,1
21309,241,241,MIA,MIA,0,1
21316,241,254,MIA,MSP,1501,4
21326,241,268,MIA,ORD,1197,3
21331,241,282,MIA,PHL,1013,3
21332,241,283,MIA,PHX,1972,4
21355,241,331,MIA,SEA,2724,6
21356,241,333,MIA,SFO,2585,6
21361,241,343,MIA,SLC,2088,5
21372,241,365,MIA,TPA,204,1
22486,254,24,MSP,ATL,907,2
22488,254,27,MSP,AUS,1042,3
22499,254,50,MSP,BOS,1124,3
22515,254,79,MSP,CLT,930,2
22524,254,98,MSP,DCA,931,2
22525,254,101,MSP,DEN,680,2
22526,254,102,MSP,DFW,852,2
22530,254,110,MSP,DTW,528,2
22536,254,125,MSP,EWR,1008,3
22564,254,176,MSP,IAD,908,2
22565,254,178,MSP,IAH,1034,3
22574,254,195,MSP,JFK,1029,3
22577,254,205,MSP,LAS,1299,3
22578,254,207,MSP,LAX,1535,4
22582,254,216,MSP,LGA,1020,3
22589,254,229,MSP,MCO,1310,3
22596,254,241,MSP,MIA,1501,4
22612,254,268,MSP,ORD,334,1
22617,254,282,MSP,PHL,980,2
22618,254,283,MSP,PHX,1276,3
22641,254,331,MSP,SEA,1399,3
22642,254,333,MSP,SFO,1589,4
22647,254,343,MSP,SLC,991,2
22658,254,365,MSP,TPA,1306,3
24328,268,24,ORD,ATL,606,2
24330,268,27,ORD,AUS,977,2
24341,268,50,ORD,BOS,867,2
24357,268,79,ORD,CLT,599,2
24366,268,98,ORD,DCA,612,2
24367,268,101,ORD,DEN,888,2
24368,268,102,ORD,DFW,801,2
24372,268,110,ORD,DTW,235,1
24378,268,125,ORD,EWR,719,2
24406,268,176,ORD,IAD,588,2
24407,268,178,ORD,IAH,925,2
24416,268,195,ORD,JFK,740,2
24419,268,205,ORD,LAS,1514,4
24420,268,207,ORD,LAX,1744,4
24424,268,216,ORD,LGA,733,2
24431,268,229,ORD,MCO,1005,3
24438,268,241,ORD,MIA,1197,3
24445,268,254,ORD,MSP,334,1
24455,268,268,ORD,ORD,0,1
24460,268,282,ORD,PHL,678,2
24461,268,283,ORD,PHX,1440,3
24484,268,331,ORD,SEA,1721,4
24485,268,333,ORD,SFO,1846,4
24490,268,343,ORD,SLC,1250,3
24501,268,365,ORD,TPA,1011,3
25234,282,24,PHL,ATL,666,2
25236,282,27,PHL,AUS,1430,3
25247,282,50,PHL,BOS,280,1
25263,282,79,PHL,CLT,449,1
25272,282,98,PHL,DCA,119,1
25273,282,101,PHL,DEN,1558,4
25274,282,102,PHL,DFW,1303,3
25278,282,110,PHL,DTW,453,1
25284,282,125,PHL,EWR,80,1
25312,282,176,PHL,IAD,135,1
25313,282,178,PHL,IAH,1325,3
25322,282,195,PHL,JFK,94,1
25325,282,205,PHL,LAS,2176,5
25326,282,207,PHL,LAX,2402,5
25330,282,216,PHL,LGA,96,1
25337,282,229,PHL,MCO,861,2
25344,282,241,PHL,MIA,1013,3
25351,282,254,PHL,MSP,980,2
25361,282,268,PHL,ORD,678,2
25366,282,283,PHL,PHX,2075,5
25389,282,331,PHL,SEA,2378,5
25390,282,333,PHL,SFO,2521,6
25395,282,343,PHL,SLC,1927,4
25405,282,365,PHL,TPA,920,2
25419,283,24,PHX,ATL,1587,4
25421,283,27,PHX,AUS,872,2
25432,283,50,PHX,BOS,2300,5
25448,283,79,PHX,CLT,1773,4
25457,283,98,PHX,DCA,1979,4
25458,283,101,PHX,DEN,602,2
25459,283,102,PHX,DFW,868,2
25463,283,110,PHX,DTW,1671,4
25469,283,125,PHX,EWR,2133,5
25497,283,176,PHX,IAD,1956,4
25498,283,178,PHX,IAH,1009,3
25507,283,195,PHX,JFK,2153,5
25510,283,205,PHX,LAS,255,1
25511,283,207,PHX,LAX,370,1
25515,283,216,PHX,LGA,2149,5
25522,283,229,PHX,MCO,1849,4
25529,283,241,PHX,MIA,1972,4
25536,283,254,PHX,MSP,1276,3
25546,283,268,PHX,ORD,1440,3
25551,283,282,PHX,PHL,2075,5
25574,283,331,PHX,SEA,1107,3
25575,283,333,PHX,SFO,651,2
25580,283,343,PHX,SLC,507,2
25591,283,365,PHX,TPA,1788,4
29669,331,24,SEA,ATL,2182,5
29671,331,27,SEA,AUS,1770,4
29682,331,50,SEA,BOS,2496,5
29698,331,79,SEA,CLT,2279,5
29707,331,98,SEA,DCA,2329,5
29708,331,101,SEA,DEN,1024,3
29709,331,102,SEA,DFW,1660,4
29713,331,110,SEA,DTW,1927,4
29719,331,125,SEA,EWR,2402,5
29747,331,176,SEA,IAD,2306,5
29748,331,178,SEA,IAH,1874,4
29757,331,195,SEA,JFK,2422,5
29760,331,205,SEA,LAS,867,2
29761,331,207,SEA,LAX,954,2
29765,331,216,SEA,LGA,2413,5
29772,331,229,SEA,MCO,2554,6
29779,331,241,SEA,MIA,2724,6
29786,331,254,SEA,MSP,1399,3
29796,331,268,SEA,ORD,1721,4
29801,331,282,SEA,PHL,2378,5
29802,331,283,SEA,PHX,1107,3
29825,331,333,SEA,SFO,679,2
29830,331,343,SEA,SLC,689,2
29841,331,365,SEA,TPA,2520,6
29855,333,24,SFO,ATL,2139,5
29857,333,27,SFO,AUS,1504,4
29868,333,50,SFO,BOS,2704,6
29884,333,79,SFO,CLT,2296,5
29893,333,98,SFO,DCA,2442,5
29894,333,101,SFO,DEN,967,2
29895,333,102,SFO,DFW,1464,3
29899,333,110,SFO,DTW,2079,5
29905,333,125,SFO,EWR,2565,6
29933,333,176,SFO,IAD,2419,5
29934,333,178,SFO,IAH,1635,4
29943,333,195,SFO,JFK,2586,6
29946,333,205,SFO,LAS,414,1
29947,333,207,SFO,LAX,337,1
29951,333,216,SFO,LGA,2579,6
29958,333,229,SFO,MCO,2446,5
29965,333,241,SFO,MIA,2585,6
29972,333,254,SFO,MSP,1589,4
29982,333,268,SFO,ORD,1846,4
29987,333,282,SFO,PHL,2521,6
29988,333,283,SFO,PHX,651,2
30011,333,331,SFO,SEA,679,2
30016,333,343,SFO,SLC,599,2
30027,333,365,SFO,TPA,2393,5
30779,343,24,SLC,ATL,1590,4
30781,343,27,SLC,AUS,1086,3
30792,343,50,SLC,BOS,2105,5
30808,343,79,SLC,CLT,1727,4
30817,343,98,SLC,DCA,1851,4
30818,343,101,SLC,DEN,391,1
30819,343,102,SLC,DFW,989,2
30823,343,110,SLC,DTW,1481,3
30829,343,125,SLC,EWR,1969,4
30857,343,176,SLC,IAD,1828,4
30858,343,178,SLC,IAH,1195,3
30867,343,195,SLC,JFK,1990,4
30870,343,205,SLC,LAS,368,1
30871,343,207,SLC,LAX,590,2
30875,343,216,SLC,LGA,1983,4
30882,343,229,SLC,MCO,1931,4
30889,343,241,SLC,MIA,2088,5
30896,343,254,SLC,MSP,991,2
30906,343,268,SLC,ORD,1250,3
30911,343,282,SLC,PHL,1927,4
30912,343,283,SLC,PHX,507,2
30935,343,331,SLC,SEA,689,2
30936,343,333,SLC,SFO,599,2
30951,343,365,SLC,TPA,1888,4
32697,365,24,TPA,ATL,406,1
32699,365,27,TPA,AUS,928,2
32710,365,50,TPA,BOS,1185,3
32726,365,79,TPA,CLT,507,2
32735,365,98,TPA,DCA,814,2
32736,365,101,TPA,DEN,1506,4
32737,365,102,TPA,DFW,929,2
32741,365,110,TPA,DTW,983,2
32747,365,125,TPA,EWR,997,2
32775,365,176,TPA,IAD,811,2
32776,365,178,TPA,IAH,787,2
32785,365,195,TPA,JFK,1005,3
32788,365,205,TPA,LAS,1984,4
32789,365,207,TPA,LAX,2158,5
32793,365,216,TPA,LGA,1010,3
32800,365,229,TPA,MCO,81,1
32807,365,241,TPA,MIA,204,1
32814,365,254,TPA,MSP,1306,3
32824,365,268,TPA,ORD,1011,3
32829,365,282,TPA,PHL,920,2
32830,365,283,TPA,PHX,1788,4
32853,365,331,TPA,SEA,2520,6
32854,365,333,TPA,SFO,2393,5
32859,365,343,TPA,SLC,1888,4
32870,365,365,TPA,TPA,0,1
