date,day_of_week_name,month,year,holidayName,system_total_pax,z_score,operational_classification
2025-11-30,Sunday,11,2025,None,1765993.0,2.54,Extreme Super-Peak Event (+2 Sigma)
2025-06-22,Sunday,6,2025,None,1758176.0,2.5,Extreme Super-Peak Event (+2 Sigma)
2025-07-20,Sunday,7,2025,None,1721147.0,2.31,Extreme Super-Peak Event (+2 Sigma)
2025-07-06,Sunday,7,2025,None,1715775.0,2.28,Extreme Super-Peak Event (+2 Sigma)
2025-07-17,Thursday,7,2025,None,1711919.0,2.26,Extreme Super-Peak Event (+2 Sigma)
2025-06-19,Thursday,6,2025,Juneteenth,1707534.0,2.24,Extreme Super-Peak Event (+2 Sigma)
2025-07-27,Sunday,7,2025,None,1706455.0,2.23,Extreme Super-Peak Event (+2 Sigma)
2025-10-09,Thursday,10,2025,None,1702568.0,2.21,Extreme Super-Peak Event (+2 Sigma)
2025-07-13,Sunday,7,2025,None,1701870.0,2.21,Extreme Super-Peak Event (+2 Sigma)
2025-06-29,Sunday,6,2025,None,1701441.0,2.21,Extreme Super-Peak Event (+2 Sigma)
2025-10-19,Sunday,10,2025,None,1699960.0,2.2,Extreme Super-Peak Event (+2 Sigma)
2025-08-03,Sunday,8,2025,None,1688925.0,2.14,Extreme Super-Peak Event (+2 Sigma)
2025-07-24,Thursday,7,2025,None,1681552.0,2.1,Extreme Super-Peak Event (+2 Sigma)
2025-06-26,Thursday,6,2025,None,1681090.0,2.1,Extreme Super-Peak Event (+2 Sigma)
2025-08-10,Sunday,8,2025,None,1680135.0,2.1,Extreme Super-Peak Event (+2 Sigma)
2025-07-03,Thursday,7,2025,None,1679881.0,2.09,Extreme Super-Peak Event (+2 Sigma)
2025-06-23,Monday,6,2025,None,1676347.0,2.08,Extreme Super-Peak Event (+2 Sigma)
2025-10-12,Sunday,10,2025,None,1675831.0,2.07,Extreme Super-Peak Event (+2 Sigma)
2025-06-08,Sunday,6,2025,None,1665898.0,2.02,Extreme Super-Peak Event (+2 Sigma)
2025-10-10,Friday,10,2025,None,1665521.0,2.02,Extreme Super-Peak Event (+2 Sigma)
2025-07-28,Monday,7,2025,None,1662797.0,2.01,Extreme Super-Peak Event (+2 Sigma)
2025-10-16,Thursday,10,2025,None,1661346.0,2.0,High Peak Travel Day (+1 Sigma)
2025-06-27,Friday,6,2025,None,1658085.0,1.98,High Peak Travel Day (+1 Sigma)
2025-08-17,Sunday,8,2025,None,1655101.0,1.97,High Peak Travel Day (+1 Sigma)
2025-08-07,Thursday,8,2025,None,1647990.0,1.93,High Peak Travel Day (+1 Sigma)
2025-06-12,Thursday,6,2025,None,1645288.0,1.91,High Peak Travel Day (+1 Sigma)
2025-06-15,Sunday,6,2025,None,1642319.0,1.9,High Peak Travel Day (+1 Sigma)
2025-10-05,Sunday,10,2025,None,1640956.0,1.89,High Peak Travel Day (+1 Sigma)
2025-07-07,Monday,7,2025,None,1640052.0,1.89,High Peak Travel Day (+1 Sigma)
2025-08-01,Friday,8,2025,None,1638239.0,1.88,High Peak Travel Day (+1 Sigma)
2025-07-21,Monday,7,2025,None,1632931.0,1.85,High Peak Travel Day (+1 Sigma)
2025-12-01,Monday,12,2025,None,1632549.0,1.85,High Peak Travel Day (+1 Sigma)
2025-07-10,Thursday,7,2025,None,1631449.0,1.84,High Peak Travel Day (+1 Sigma)
2025-07-18,Friday,7,2025,None,1628956.0,1.83,High Peak Travel Day (+1 Sigma)
2025-07-31,Thursday,7,2025,None,1628479.0,1.83,High Peak Travel Day (+1 Sigma)
2025-08-29,Friday,8,2025,None,1624030.0,1.8,High Peak Travel Day (+1 Sigma)
2025-12-22,Monday,12,2025,None,1623798.0,1.8,High Peak Travel Day (+1 Sigma)
2025-09-21,Sunday,9,2025,None,1623645.0,1.8,High Peak Travel Day (+1 Sigma)
2025-12-23,Tuesday,12,2025,None,1622812.0,1.8,High Peak Travel Day (+1 Sigma)
2025-10-13,Monday,10,2025,Columbus Day,1622793.0,1.8,High Peak Travel Day (+1 Sigma)
2025-09-28,Sunday,9,2025,None,1622792.0,1.8,High Peak Travel Day (+1 Sigma)
2024-12-01,Sunday,12,2024,None,1622276.0,1.79,High Peak Travel Day (+1 Sigma)
2025-07-14,Monday,7,2025,None,1620548.0,1.79,High Peak Travel Day (+1 Sigma)
2025-10-26,Sunday,10,2025,None,1619763.0,1.78,High Peak Travel Day (+1 Sigma)
2025-09-01,Monday,9,2025,Labor Day,1619033.0,1.78,High Peak Travel Day (+1 Sigma)
2025-08-04,Monday,8,2025,None,1616940.0,1.77,High Peak Travel Day (+1 Sigma)
2025-07-25,Friday,7,2025,None,1612498.0,1.74,High Peak Travel Day (+1 Sigma)
2025-06-16,Monday,6,2025,None,1611401.0,1.74,High Peak Travel Day (+1 Sigma)
2025-06-01,Sunday,6,2025,None,1610741.0,1.73,High Peak Travel Day (+1 Sigma)
2025-12-21,Sunday,12,2025,None,1610026.0,1.73,High Peak Travel Day (+1 Sigma)
2025-06-13,Friday,6,2025,None,1609604.0,1.73,High Peak Travel Day (+1 Sigma)
2025-06-09,Monday,6,2025,None,1603920.0,1.7,High Peak Travel Day (+1 Sigma)
2024-07-07,Sunday,7,2024,None,1600087.0,1.68,High Peak Travel Day (+1 Sigma)
2025-09-14,Sunday,9,2025,None,1598790.0,1.67,High Peak Travel Day (+1 Sigma)
2025-06-30,Monday,6,2025,None,1598636.0,1.67,High Peak Travel Day (+1 Sigma)
2025-08-24,Sunday,8,2025,None,1594490.0,1.65,High Peak Travel Day (+1 Sigma)
2025-10-20,Monday,10,2025,None,1592185.0,1.64,High Peak Travel Day (+1 Sigma)
2024-06-23,Sunday,6,2024,None,1591423.0,1.63,High Peak Travel Day (+1 Sigma)
2025-06-05,Thursday,6,2025,None,1589271.0,1.62,High Peak Travel Day (+1 Sigma)
2025-08-28,Thursday,8,2025,None,1589237.0,1.62,High Peak Travel Day (+1 Sigma)
2025-12-19,Friday,12,2025,None,1583886.0,1.59,High Peak Travel Day (+1 Sigma)
2024-06-27,Thursday,6,2024,None,1583250.0,1.59,High Peak Travel Day (+1 Sigma)
2024-07-18,Thursday,7,2024,None,1582777.0,1.59,High Peak Travel Day (+1 Sigma)
2025-08-14,Thursday,8,2025,None,1579765.0,1.57,High Peak Travel Day (+1 Sigma)
2025-06-20,Friday,6,2025,None,1577442.0,1.56,High Peak Travel Day (+1 Sigma)
2025-07-11,Friday,7,2025,None,1576643.0,1.56,High Peak Travel Day (+1 Sigma)
2025-08-08,Friday,8,2025,None,1572460.0,1.54,High Peak Travel Day (+1 Sigma)
2025-07-02,Wednesday,7,2025,None,1571345.0,1.53,High Peak Travel Day (+1 Sigma)
2025-09-18,Thursday,9,2025,None,1570531.0,1.53,High Peak Travel Day (+1 Sigma)
2025-10-23,Thursday,10,2025,None,1570109.0,1.52,High Peak Travel Day (+1 Sigma)
2025-11-26,Wednesday,11,2025,None,1569821.0,1.52,High Peak Travel Day (+1 Sigma)
2024-10-20,Sunday,10,2024,None,1569499.0,1.52,High Peak Travel Day (+1 Sigma)
2025-06-18,Wednesday,6,2025,None,1567802.0,1.51,High Peak Travel Day (+1 Sigma)
2025-08-11,Monday,8,2025,None,1567688.0,1.51,High Peak Travel Day (+1 Sigma)
2025-05-22,Thursday,5,2025,None,1566276.0,1.5,High Peak Travel Day (+1 Sigma)
2024-05-23,Thursday,5,2024,None,1565351.0,1.5,High Peak Travel Day (+1 Sigma)
2024-07-14,Sunday,7,2024,None,1564509.0,1.49,High Peak Travel Day (+1 Sigma)
2024-06-09,Sunday,6,2024,None,1564459.0,1.49,High Peak Travel Day (+1 Sigma)
2024-06-24,Monday,6,2024,None,1563807.0,1.49,High Peak Travel Day (+1 Sigma)
2024-07-25,Thursday,7,2024,None,1562238.0,1.48,High Peak Travel Day (+1 Sigma)
2025-08-21,Thursday,8,2025,None,1562225.0,1.48,High Peak Travel Day (+1 Sigma)
2024-07-21,Sunday,7,2024,None,1560273.0,1.47,High Peak Travel Day (+1 Sigma)
2025-10-17,Friday,10,2025,None,1559326.0,1.47,High Peak Travel Day (+1 Sigma)
2025-09-25,Thursday,9,2025,None,1551613.0,1.43,High Peak Travel Day (+1 Sigma)
2025-12-27,Saturday,12,2025,None,1549485.0,1.42,High Peak Travel Day (+1 Sigma)
2025-12-20,Saturday,12,2025,None,1548371.0,1.41,High Peak Travel Day (+1 Sigma)
2024-07-28,Sunday,7,2024,None,1545389.0,1.39,High Peak Travel Day (+1 Sigma)
2024-08-01,Thursday,8,2024,None,1541912.0,1.38,High Peak Travel Day (+1 Sigma)
2023-11-26,Sunday,11,2023,None,1539243.0,1.36,High Peak Travel Day (+1 Sigma)
2025-05-18,Sunday,5,2025,None,1538341.0,1.36,High Peak Travel Day (+1 Sigma)
2024-06-13,Thursday,6,2024,None,1537268.0,1.35,High Peak Travel Day (+1 Sigma)
2025-08-18,Monday,8,2025,None,1536274.0,1.35,High Peak Travel Day (+1 Sigma)
2024-05-19,Sunday,5,2024,None,1532462.0,1.33,High Peak Travel Day (+1 Sigma)
2024-07-22,Monday,7,2024,None,1532348.0,1.33,High Peak Travel Day (+1 Sigma)
2025-08-15,Friday,8,2025,None,1531919.0,1.32,High Peak Travel Day (+1 Sigma)
2024-05-24,Friday,5,2024,None,1531666.0,1.32,High Peak Travel Day (+1 Sigma)
2024-06-16,Sunday,6,2024,None,1529943.0,1.31,High Peak Travel Day (+1 Sigma)
2024-07-03,Wednesday,7,2024,None,1528916.0,1.31,High Peak Travel Day (+1 Sigma)
2025-12-18,Thursday,12,2025,None,1527948.0,1.3,High Peak Travel Day (+1 Sigma)
2024-06-30,Sunday,6,2024,None,1527265.0,1.3,High Peak Travel Day (+1 Sigma)
2024-08-11,Sunday,8,2024,None,1525646.0,1.29,High Peak Travel Day (+1 Sigma)
2024-06-06,Thursday,6,2024,None,1525338.0,1.29,High Peak Travel Day (+1 Sigma)
2024-07-15,Monday,7,2024,None,1524041.0,1.28,High Peak Travel Day (+1 Sigma)
2024-05-09,Thursday,5,2024,None,1523938.0,1.28,High Peak Travel Day (+1 Sigma)
2025-09-19,Friday,9,2025,None,1522705.0,1.28,High Peak Travel Day (+1 Sigma)
2024-06-02,Sunday,6,2024,None,1518885.0,1.26,High Peak Travel Day (+1 Sigma)
2025-10-06,Monday,10,2025,None,1517791.0,1.25,High Peak Travel Day (+1 Sigma)
2025-11-25,Tuesday,11,2025,None,1517180.0,1.25,High Peak Travel Day (+1 Sigma)
2025-06-06,Friday,6,2025,None,1517120.0,1.25,High Peak Travel Day (+1 Sigma)
2025-06-25,Wednesday,6,2025,None,1516471.0,1.24,High Peak Travel Day (+1 Sigma)
2025-11-23,Sunday,11,2025,None,1514594.0,1.23,High Peak Travel Day (+1 Sigma)
2024-09-22,Sunday,9,2024,None,1511740.0,1.22,High Peak Travel Day (+1 Sigma)
2025-06-28,Saturday,6,2025,None,1511380.0,1.22,High Peak Travel Day (+1 Sigma)
2024-08-08,Thursday,8,2024,None,1510816.0,1.22,High Peak Travel Day (+1 Sigma)
2025-12-28,Sunday,12,2025,None,1510660.0,1.21,High Peak Travel Day (+1 Sigma)
2025-11-29,Saturday,11,2025,None,1509763.0,1.21,High Peak Travel Day (+1 Sigma)
2025-05-23,Friday,5,2025,None,1508488.0,1.2,High Peak Travel Day (+1 Sigma)
2025-09-07,Sunday,9,2025,None,1507844.0,1.2,High Peak Travel Day (+1 Sigma)
2024-06-28,Friday,6,2024,None,1507659.0,1.2,High Peak Travel Day (+1 Sigma)
2025-07-16,Wednesday,7,2025,None,1507405.0,1.2,High Peak Travel Day (+1 Sigma)
2024-06-10,Monday,6,2024,None,1506777.0,1.19,High Peak Travel Day (+1 Sigma)
2024-07-26,Friday,7,2024,None,1506535.0,1.19,High Peak Travel Day (+1 Sigma)
2024-12-22,Sunday,12,2024,None,1505751.0,1.19,High Peak Travel Day (+1 Sigma)
2025-10-24,Friday,10,2025,None,1504759.0,1.18,High Peak Travel Day (+1 Sigma)
2024-07-11,Thursday,7,2024,None,1504395.0,1.18,High Peak Travel Day (+1 Sigma)
2025-12-14,Sunday,12,2025,None,1504285.0,1.18,High Peak Travel Day (+1 Sigma)
2025-12-26,Friday,12,2025,None,1504195.0,1.18,High Peak Travel Day (+1 Sigma)
2025-06-02,Monday,6,2025,None,1501902.0,1.17,High Peak Travel Day (+1 Sigma)
2024-08-18,Sunday,8,2024,None,1501875.0,1.17,High Peak Travel Day (+1 Sigma)
2025-12-07,Sunday,12,2025,None,1501362.0,1.17,High Peak Travel Day (+1 Sigma)
2024-06-20,Thursday,6,2024,None,1501210.0,1.17,High Peak Travel Day (+1 Sigma)
2024-07-01,Monday,7,2024,None,1500799.0,1.16,High Peak Travel Day (+1 Sigma)
2024-06-21,Friday,6,2024,None,1500010.0,1.16,High Peak Travel Day (+1 Sigma)
2025-07-23,Wednesday,7,2025,None,1499929.0,1.16,High Peak Travel Day (+1 Sigma)
2024-10-06,Sunday,10,2024,None,1497574.0,1.15,High Peak Travel Day (+1 Sigma)
2024-10-17,Thursday,10,2024,None,1496490.0,1.14,High Peak Travel Day (+1 Sigma)
2024-08-30,Friday,8,2024,None,1496376.0,1.14,High Peak Travel Day (+1 Sigma)
2024-05-16,Thursday,5,2024,None,1496090.0,1.14,High Peak Travel Day (+1 Sigma)
2024-06-14,Friday,6,2024,None,1495653.0,1.14,High Peak Travel Day (+1 Sigma)
2025-11-16,Sunday,11,2025,None,1495219.0,1.13,High Peak Travel Day (+1 Sigma)
2024-05-27,Monday,5,2024,Memorial Day,1494902.0,1.13,High Peak Travel Day (+1 Sigma)
2025-07-26,Saturday,7,2025,None,1494535.0,1.13,High Peak Travel Day (+1 Sigma)
2024-05-17,Friday,5,2024,None,1494447.0,1.13,High Peak Travel Day (+1 Sigma)
2024-10-11,Friday,10,2024,None,1493964.0,1.13,High Peak Travel Day (+1 Sigma)
2025-10-27,Monday,10,2025,None,1492634.0,1.12,High Peak Travel Day (+1 Sigma)
2025-09-26,Friday,9,2025,None,1491477.0,1.11,High Peak Travel Day (+1 Sigma)
2024-04-21,Sunday,4,2024,None,1490969.0,1.11,High Peak Travel Day (+1 Sigma)
2024-10-27,Sunday,10,2024,None,1490744.0,1.11,High Peak Travel Day (+1 Sigma)
2025-05-15,Thursday,5,2025,None,1490148.0,1.11,High Peak Travel Day (+1 Sigma)
2023-07-30,Sunday,7,2023,None,1490134.0,1.11,High Peak Travel Day (+1 Sigma)
2025-05-26,Monday,5,2025,Memorial Day,1488224.0,1.1,High Peak Travel Day (+1 Sigma)
2025-08-02,Saturday,8,2025,None,1487711.0,1.1,High Peak Travel Day (+1 Sigma)
2022-05-01,Sunday,5,2022,None,1487504.0,1.09,High Peak Travel Day (+1 Sigma)
2025-11-21,Friday,11,2025,None,1486274.0,1.09,High Peak Travel Day (+1 Sigma)
2024-12-02,Monday,12,2024,None,1486023.0,1.09,High Peak Travel Day (+1 Sigma)
2024-06-17,Monday,6,2024,None,1485179.0,1.08,High Peak Travel Day (+1 Sigma)
2024-10-21,Monday,10,2024,None,1485110.0,1.08,High Peak Travel Day (+1 Sigma)
2024-09-02,Monday,9,2024,Labor Day,1484704.0,1.08,High Peak Travel Day (+1 Sigma)
2024-03-28,Thursday,3,2024,None,1484261.0,1.08,High Peak Travel Day (+1 Sigma)
2024-08-15,Thursday,8,2024,None,1484087.0,1.08,High Peak Travel Day (+1 Sigma)
2025-09-11,Thursday,9,2025,None,1483751.0,1.07,High Peak Travel Day (+1 Sigma)
2025-12-11,Thursday,12,2025,None,1482998.0,1.07,High Peak Travel Day (+1 Sigma)
2024-07-29,Monday,7,2024,None,1482272.0,1.07,High Peak Travel Day (+1 Sigma)
2024-09-29,Sunday,9,2024,None,1481491.0,1.06,High Peak Travel Day (+1 Sigma)
2023-10-15,Sunday,10,2023,None,1479323.0,1.05,High Peak Travel Day (+1 Sigma)
2023-07-23,Sunday,7,2023,None,1479306.0,1.05,High Peak Travel Day (+1 Sigma)
2024-08-04,Sunday,8,2024,None,1479223.0,1.05,High Peak Travel Day (+1 Sigma)
2025-09-29,Monday,9,2025,None,1478612.0,1.05,High Peak Travel Day (+1 Sigma)
2024-08-29,Thursday,8,2024,None,1478279.0,1.05,High Peak Travel Day (+1 Sigma)
2025-03-23,Sunday,3,2025,None,1478274.0,1.05,High Peak Travel Day (+1 Sigma)
2024-06-26,Wednesday,6,2024,None,1477021.0,1.04,High Peak Travel Day (+1 Sigma)
2025-04-27,Sunday,4,2025,None,1476382.0,1.04,High Peak Travel Day (+1 Sigma)
2023-06-25,Sunday,6,2023,None,1476146.0,1.04,High Peak Travel Day (+1 Sigma)
2025-11-24,Monday,11,2025,None,1475591.0,1.03,High Peak Travel Day (+1 Sigma)
2024-12-20,Friday,12,2024,None,1475531.0,1.03,High Peak Travel Day (+1 Sigma)
2025-10-02,Thursday,10,2025,None,1474994.0,1.03,High Peak Travel Day (+1 Sigma)
2025-09-22,Monday,9,2025,None,1474784.0,1.03,High Peak Travel Day (+1 Sigma)
2025-07-30,Wednesday,7,2025,None,1474627.0,1.03,High Peak Travel Day (+1 Sigma)
2024-10-14,Monday,10,2024,Columbus Day,1474336.0,1.03,High Peak Travel Day (+1 Sigma)
2025-07-15,Tuesday,7,2025,None,1474298.0,1.03,High Peak Travel Day (+1 Sigma)
2023-12-22,Friday,12,2023,None,1474160.0,1.02,High Peak Travel Day (+1 Sigma)
2024-05-31,Friday,5,2024,None,1473655.0,1.02,High Peak Travel Day (+1 Sigma)
2024-05-20,Monday,5,2024,None,1473575.0,1.02,High Peak Travel Day (+1 Sigma)
2023-06-30,Friday,6,2023,None,1472063.0,1.01,High Peak Travel Day (+1 Sigma)
2024-09-15,Sunday,9,2024,None,1470536.0,1.01,High Peak Travel Day (+1 Sigma)
2024-03-24,Sunday,3,2024,None,1469996.0,1.0,High Peak Travel Day (+1 Sigma)
2024-10-13,Sunday,10,2024,None,1469992.0,1.0,High Peak Travel Day (+1 Sigma)
2025-12-15,Monday,12,2025,None,1469744.0,1.0,High Peak Travel Day (+1 Sigma)
2025-04-17,Thursday,4,2025,None,1469680.0,1.0,High Peak Travel Day (+1 Sigma)
2024-12-27,Friday,12,2024,None,1468967.0,1.0,Routine Mid-Peak Day
2023-10-22,Sunday,10,2023,None,1468853.0,1.0,Routine Mid-Peak Day
2024-09-19,Thursday,9,2024,None,1466694.0,0.99,Routine Mid-Peak Day
2024-07-24,Wednesday,7,2024,None,1466015.0,0.98,Routine Mid-Peak Day
2023-06-22,Thursday,6,2023,None,1465996.0,0.98,Routine Mid-Peak Day
2024-12-23,Monday,12,2024,None,1465934.0,0.98,Routine Mid-Peak Day
2025-09-15,Monday,9,2025,None,1464825.0,0.98,Routine Mid-Peak Day
2025-12-12,Friday,12,2025,None,1464177.0,0.97,Routine Mid-Peak Day
2024-12-29,Sunday,12,2024,None,1464154.0,0.97,Routine Mid-Peak Day
2024-07-08,Monday,7,2024,None,1464011.0,0.97,Routine Mid-Peak Day
2025-03-16,Sunday,3,2025,None,1463525.0,0.97,Routine Mid-Peak Day
2024-07-12,Friday,7,2024,None,1463090.0,0.97,Routine Mid-Peak Day
2023-07-17,Monday,7,2023,None,1462554.0,0.96,Routine Mid-Peak Day
2024-08-25,Sunday,8,2024,None,1462477.0,0.96,Routine Mid-Peak Day
2023-11-22,Wednesday,11,2023,None,1461079.0,0.96,Routine Mid-Peak Day
2025-12-29,Monday,12,2025,None,1460659.0,0.95,Routine Mid-Peak Day
2025-05-19,Monday,5,2025,None,1460106.0,0.95,Routine Mid-Peak Day
2025-05-16,Friday,5,2025,None,1459945.0,0.95,Routine Mid-Peak Day
2025-06-21,Saturday,6,2025,None,1459825.0,0.95,Routine Mid-Peak Day
2025-12-30,Tuesday,12,2025,None,1457562.0,0.94,Routine Mid-Peak Day
2024-05-13,Monday,5,2024,None,1457396.0,0.94,Routine Mid-Peak Day
2024-03-17,Sunday,3,2024,None,1456935.0,0.94,Routine Mid-Peak Day
2023-07-20,Thursday,7,2023,None,1456167.0,0.93,Routine Mid-Peak Day
2024-10-24,Thursday,10,2024,None,1455102.0,0.93,Routine Mid-Peak Day
2023-11-05,Sunday,11,2023,None,1454574.0,0.92,Routine Mid-Peak Day
2024-03-10,Sunday,3,2024,None,1454292.0,0.92,Routine Mid-Peak Day
2024-06-03,Monday,6,2024,None,1452765.0,0.91,Routine Mid-Peak Day
2023-07-16,Sunday,7,2023,None,1452265.0,0.91,Routine Mid-Peak Day
2024-06-19,Wednesday,6,2024,Juneteenth,1451618.0,0.91,Routine Mid-Peak Day
2025-09-12,Friday,9,2025,None,1450765.0,0.9,Routine Mid-Peak Day
2024-06-07,Friday,6,2024,None,1450654.0,0.9,Routine Mid-Peak Day
2024-08-12,Monday,8,2024,None,1450333.0,0.9,Routine Mid-Peak Day
2025-10-03,Friday,10,2025,None,1450312.0,0.9,Routine Mid-Peak Day
2024-03-15,Friday,3,2024,None,1450043.0,0.9,Routine Mid-Peak Day
2025-07-09,Wednesday,7,2025,None,1449839.0,0.9,Routine Mid-Peak Day
2024-11-24,Sunday,11,2024,None,1449574.0,0.9,Routine Mid-Peak Day
2024-05-05,Sunday,5,2024,None,1449530.0,0.9,Routine Mid-Peak Day
2024-08-19,Monday,8,2024,None,1449047.0,0.89,Routine Mid-Peak Day
2025-08-22,Friday,8,2025,None,1448854.0,0.89,Routine Mid-Peak Day
2025-07-12,Saturday,7,2025,None,1448710.0,0.89,Routine Mid-Peak Day
2023-06-19,Monday,6,2023,Juneteenth,1448049.0,0.89,Routine Mid-Peak Day
2023-06-11,Sunday,6,2023,None,1447736.0,0.89,Routine Mid-Peak Day
2024-11-27,Wednesday,11,2024,None,1447706.0,0.89,Routine Mid-Peak Day
2023-08-06,Sunday,8,2023,None,1447328.0,0.89,Routine Mid-Peak Day
2023-07-13,Thursday,7,2023,None,1447176.0,0.88,Routine Mid-Peak Day
2024-04-18,Thursday,4,2024,None,1447156.0,0.88,Routine Mid-Peak Day
2023-06-26,Monday,6,2023,None,1446220.0,0.88,Routine Mid-Peak Day
2024-11-11,Monday,11,2024,Veterans Day,1446038.0,0.88,Routine Mid-Peak Day
2024-04-14,Sunday,4,2024,None,1445669.0,0.88,Routine Mid-Peak Day
2024-05-12,Sunday,5,2024,None,1445103.0,0.87,Routine Mid-Peak Day
2025-05-04,Sunday,5,2025,None,1444860.0,0.87,Routine Mid-Peak Day
2024-11-30,Saturday,11,2024,None,1444351.0,0.87,Routine Mid-Peak Day
2024-04-05,Friday,4,2024,None,1444320.0,0.87,Routine Mid-Peak Day
2025-06-24,Tuesday,6,2025,None,1443814.0,0.87,Routine Mid-Peak Day
2025-05-01,Thursday,5,2025,None,1443220.0,0.86,Routine Mid-Peak Day
2025-06-11,Wednesday,6,2025,None,1443011.0,0.86,Routine Mid-Peak Day
2024-04-07,Sunday,4,2024,None,1441718.0,0.86,Routine Mid-Peak Day
2024-05-10,Friday,5,2024,None,1441596.0,0.86,Routine Mid-Peak Day
2023-11-12,Sunday,11,2023,None,1441539.0,0.86,Routine Mid-Peak Day
2024-03-08,Friday,3,2024,None,1441017.0,0.85,Routine Mid-Peak Day
2025-04-13,Sunday,4,2025,None,1440382.0,0.85,Routine Mid-Peak Day
2024-04-25,Thursday,4,2024,None,1439962.0,0.85,Routine Mid-Peak Day
2025-04-21,Monday,4,2025,None,1438693.0,0.84,Routine Mid-Peak Day
2024-08-05,Monday,8,2024,None,1438626.0,0.84,Routine Mid-Peak Day
2023-12-21,Thursday,12,2023,None,1438376.0,0.84,Routine Mid-Peak Day
2024-08-02,Friday,8,2024,None,1438310.0,0.84,Routine Mid-Peak Day
2024-03-29,Friday,3,2024,None,1437870.0,0.84,Routine Mid-Peak Day
2024-05-30,Thursday,5,2024,None,1436924.0,0.83,Routine Mid-Peak Day
2025-08-25,Monday,8,2025,None,1436904.0,0.83,Routine Mid-Peak Day
2025-02-17,Monday,2,2025,Presidents' Day,1436341.0,0.83,Routine Mid-Peak Day
2024-08-22,Thursday,8,2024,None,1435921.0,0.83,Routine Mid-Peak Day
2023-06-15,Thursday,6,2023,None,1435530.0,0.82,Routine Mid-Peak Day
2023-10-19,Thursday,10,2023,None,1434458.0,0.82,Routine Mid-Peak Day
2023-06-29,Thursday,6,2023,None,1433407.0,0.81,Routine Mid-Peak Day
2023-07-31,Monday,7,2023,None,1433061.0,0.81,Routine Mid-Peak Day
2024-12-30,Monday,12,2024,None,1432718.0,0.81,Routine Mid-Peak Day
2025-10-30,Thursday,10,2025,None,1432200.0,0.81,Routine Mid-Peak Day
2024-10-25,Friday,10,2024,None,1432149.0,0.81,Routine Mid-Peak Day
2023-07-14,Friday,7,2023,None,1432133.0,0.81,Routine Mid-Peak Day
2024-11-26,Tuesday,11,2024,None,1431786.0,0.8,Routine Mid-Peak Day
2023-08-13,Sunday,8,2023,None,1431729.0,0.8,Routine Mid-Peak Day
2024-12-26,Thursday,12,2024,None,1431619.0,0.8,Routine Mid-Peak Day
2025-12-08,Monday,12,2025,None,1431273.0,0.8,Routine Mid-Peak Day
2024-12-08,Sunday,12,2024,None,1431093.0,0.8,Routine Mid-Peak Day
2024-06-25,Tuesday,6,2024,None,1431075.0,0.8,Routine Mid-Peak Day
2024-11-10,Sunday,11,2024,None,1430153.0,0.8,Routine Mid-Peak Day
2025-04-06,Sunday,4,2025,None,1428634.0,0.79,Routine Mid-Peak Day
2024-11-17,Sunday,11,2024,None,1428485.0,0.79,Routine Mid-Peak Day
2023-07-10,Monday,7,2023,None,1428086.0,0.79,Routine Mid-Peak Day
2023-11-17,Friday,11,2023,None,1427999.0,0.78,Routine Mid-Peak Day
2024-05-22,Wednesday,5,2024,None,1427868.0,0.78,Routine Mid-Peak Day
2023-10-05,Thursday,10,2023,None,1427098.0,0.78,Routine Mid-Peak Day
2024-07-19,Friday,7,2024,None,1427034.0,0.78,Routine Mid-Peak Day
2025-04-10,Thursday,4,2025,None,1426871.0,0.78,Routine Mid-Peak Day
2023-10-01,Sunday,10,2023,None,1426850.0,0.78,Routine Mid-Peak Day
2025-05-08,Thursday,5,2025,None,1426671.0,0.78,Routine Mid-Peak Day
2025-03-20,Thursday,3,2025,None,1425816.0,0.77,Routine Mid-Peak Day
2025-04-24,Thursday,4,2025,None,1425590.0,0.77,Routine Mid-Peak Day
2023-05-21,Sunday,5,2023,None,1425480.0,0.77,Routine Mid-Peak Day
2025-11-20,Thursday,11,2025,None,1425323.0,0.77,Routine Mid-Peak Day
2024-04-01,Monday,4,2024,None,1424965.0,0.77,Routine Mid-Peak Day
2024-08-09,Friday,8,2024,None,1424654.0,0.77,Routine Mid-Peak Day
2024-11-03,Sunday,11,2024,None,1424514.0,0.77,Routine Mid-Peak Day
2024-07-17,Wednesday,7,2024,None,1424264.0,0.77,Routine Mid-Peak Day
2023-05-18,Thursday,5,2023,None,1423115.0,0.76,Routine Mid-Peak Day
2023-05-25,Thursday,5,2023,None,1423088.0,0.76,Routine Mid-Peak Day
2024-03-21,Thursday,3,2024,None,1422807.0,0.76,Routine Mid-Peak Day
2023-07-24,Monday,7,2023,None,1422509.0,0.76,Routine Mid-Peak Day
2025-07-19,Saturday,7,2025,None,1422164.0,0.75,Routine Mid-Peak Day
2024-05-02,Thursday,5,2024,None,1421580.0,0.75,Routine Mid-Peak Day
2023-09-24,Sunday,9,2023,None,1421410.0,0.75,Routine Mid-Peak Day
2024-07-23,Tuesday,7,2024,None,1421339.0,0.75,Routine Mid-Peak Day
2023-05-19,Friday,5,2023,None,1421262.0,0.75,Routine Mid-Peak Day
2024-10-07,Monday,10,2024,None,1421115.0,0.75,Routine Mid-Peak Day
2024-03-31,Sunday,3,2024,None,1421112.0,0.75,Routine Mid-Peak Day
2025-03-13,Thursday,3,2025,None,1421082.0,0.75,Routine Mid-Peak Day
2023-06-04,Sunday,6,2023,None,1421004.0,0.75,Routine Mid-Peak Day
2024-12-19,Thursday,12,2024,None,1420002.0,0.74,Routine Mid-Peak Day
2023-07-21,Friday,7,2023,None,1419959.0,0.74,Routine Mid-Peak Day
2023-09-21,Thursday,9,2023,None,1419662.0,0.74,Routine Mid-Peak Day
2025-08-06,Wednesday,8,2025,None,1419078.0,0.74,Routine Mid-Peak Day
2024-04-11,Thursday,4,2024,None,1418879.0,0.74,Routine Mid-Peak Day
2024-04-28,Sunday,4,2024,None,1418643.0,0.74,Routine Mid-Peak Day
2024-09-12,Thursday,9,2024,None,1418631.0,0.74,Routine Mid-Peak Day
2023-11-19,Sunday,11,2023,None,1418335.0,0.73,Routine Mid-Peak Day
2023-08-10,Thursday,8,2023,None,1418227.0,0.73,Routine Mid-Peak Day
2024-07-10,Wednesday,7,2024,None,1418150.0,0.73,Routine Mid-Peak Day
2025-03-30,Sunday,3,2025,None,1417243.0,0.73,Routine Mid-Peak Day
2025-03-21,Friday,3,2025,None,1417075.0,0.73,Routine Mid-Peak Day
2023-12-26,Tuesday,12,2023,None,1416114.0,0.72,Routine Mid-Peak Day
2025-07-29,Tuesday,7,2025,None,1416014.0,0.72,Routine Mid-Peak Day
2023-07-27,Thursday,7,2023,None,1415474.0,0.72,Routine Mid-Peak Day
2023-12-27,Wednesday,12,2023,None,1415470.0,0.72,Routine Mid-Peak Day
2023-11-09,Thursday,11,2023,None,1415352.0,0.72,Routine Mid-Peak Day
2024-07-31,Wednesday,7,2024,None,1415181.0,0.72,Routine Mid-Peak Day
2023-06-23,Friday,6,2023,None,1414979.0,0.72,Routine Mid-Peak Day
2025-04-11,Friday,4,2025,None,1414941.0,0.72,Routine Mid-Peak Day
2023-08-04,Friday,8,2023,None,1414302.0,0.71,Routine Mid-Peak Day
2024-04-04,Thursday,4,2024,None,1414082.0,0.71,Routine Mid-Peak Day
2024-06-12,Wednesday,6,2024,None,1413253.0,0.71,Routine Mid-Peak Day
2023-09-04,Monday,9,2023,Labor Day,1412958.0,0.71,Routine Mid-Peak Day
2023-06-08,Thursday,6,2023,None,1412711.0,0.71,Routine Mid-Peak Day
2025-08-09,Saturday,8,2025,None,1412573.0,0.7,Routine Mid-Peak Day
2024-10-03,Thursday,10,2024,None,1411287.0,0.7,Routine Mid-Peak Day
2025-07-08,Tuesday,7,2025,None,1411078.0,0.7,Routine Mid-Peak Day
2024-05-06,Monday,5,2024,None,1411012.0,0.7,Routine Mid-Peak Day
2023-06-18,Sunday,6,2023,None,1409914.0,0.69,Routine Mid-Peak Day
2025-06-17,Tuesday,6,2025,None,1409716.0,0.69,Routine Mid-Peak Day
2023-08-31,Thursday,8,2023,None,1409176.0,0.69,Routine Mid-Peak Day
2024-09-08,Sunday,9,2024,None,1408723.0,0.68,Routine Mid-Peak Day
2024-10-18,Friday,10,2024,None,1408617.0,0.68,Routine Mid-Peak Day
2024-07-02,Tuesday,7,2024,None,1408465.0,0.68,Routine Mid-Peak Day
2025-06-14,Saturday,6,2025,None,1408184.0,0.68,Routine Mid-Peak Day
2023-09-17,Sunday,9,2023,None,1407889.0,0.68,Routine Mid-Peak Day
2025-03-27,Thursday,3,2025,None,1407847.0,0.68,Routine Mid-Peak Day
2023-05-26,Friday,5,2023,None,1407323.0,0.68,Routine Mid-Peak Day
2025-10-15,Wednesday,10,2025,None,1407029.0,0.68,Routine Mid-Peak Day
2024-02-19,Monday,2,2024,Presidents' Day,1406895.0,0.68,Routine Mid-Peak Day
2024-06-22,Saturday,6,2024,None,1405555.0,0.67,Routine Mid-Peak Day
2024-05-28,Tuesday,5,2024,None,1404152.0,0.66,Routine Mid-Peak Day
2024-12-15,Sunday,12,2024,None,1403177.0,0.66,Routine Mid-Peak Day
2025-07-22,Tuesday,7,2025,None,1403171.0,0.66,Routine Mid-Peak Day
2025-03-17,Monday,3,2025,None,1402424.0,0.65,Routine Mid-Peak Day
2023-10-16,Monday,10,2023,None,1401349.0,0.65,Routine Mid-Peak Day
2024-11-22,Friday,11,2024,None,1399291.0,0.64,Routine Mid-Peak Day
2025-07-01,Tuesday,7,2025,None,1398486.0,0.63,Routine Mid-Peak Day
2023-10-23,Monday,10,2023,None,1398425.0,0.63,Routine Mid-Peak Day
2023-11-21,Tuesday,11,2023,None,1397900.0,0.63,Routine Mid-Peak Day
2024-12-13,Friday,12,2024,None,1397369.0,0.63,Routine Mid-Peak Day
2025-03-09,Sunday,3,2025,None,1397264.0,0.63,Routine Mid-Peak Day
2024-12-12,Thursday,12,2024,None,1397002.0,0.62,Routine Mid-Peak Day
2024-09-23,Monday,9,2024,None,1396403.0,0.62,Routine Mid-Peak Day
2025-12-04,Thursday,12,2025,None,1396371.0,0.62,Routine Mid-Peak Day
2023-06-28,Wednesday,6,2023,None,1396173.0,0.62,Routine Mid-Peak Day
2023-05-29,Monday,5,2023,Memorial Day,1395575.0,0.62,Routine Mid-Peak Day
2024-08-16,Friday,8,2024,None,1394982.0,0.61,Routine Mid-Peak Day
2023-11-27,Monday,11,2023,None,1394367.0,0.61,Routine Mid-Peak Day
2024-07-09,Tuesday,7,2024,None,1394223.0,0.61,Routine Mid-Peak Day
2025-09-08,Monday,9,2025,None,1393106.0,0.6,Routine Mid-Peak Day
2023-12-28,Thursday,12,2023,None,1391179.0,0.59,Routine Mid-Peak Day
2023-08-17,Thursday,8,2023,None,1390081.0,0.59,Routine Mid-Peak Day
2025-10-14,Tuesday,10,2025,None,1388632.0,0.58,Routine Mid-Peak Day
2025-10-08,Wednesday,10,2025,None,1388412.0,0.58,Routine Mid-Peak Day
2023-10-06,Friday,10,2023,None,1388322.0,0.58,Routine Mid-Peak Day
2024-04-12,Friday,4,2024,None,1387923.0,0.58,Routine Mid-Peak Day
2024-12-21,Saturday,12,2024,None,1387921.0,0.58,Routine Mid-Peak Day
2024-03-03,Sunday,3,2024,None,1387704.0,0.58,Routine Mid-Peak Day
2023-06-12,Monday,6,2023,None,1387483.0,0.57,Routine Mid-Peak Day
2023-05-22,Monday,5,2023,None,1387320.0,0.57,Routine Mid-Peak Day
2025-11-09,Sunday,11,2025,None,1387286.0,0.57,Routine Mid-Peak Day
2022-11-27,Sunday,11,2022,None,1387226.0,0.57,Routine Mid-Peak Day
2023-12-17,Sunday,12,2023,None,1386987.0,0.57,Routine Mid-Peak Day
2023-07-28,Friday,7,2023,None,1386876.0,0.57,Routine Mid-Peak Day
2023-10-26,Thursday,10,2023,None,1386662.0,0.57,Routine Mid-Peak Day
2024-09-20,Friday,9,2024,None,1386076.0,0.57,Routine Mid-Peak Day
2023-09-14,Thursday,9,2023,None,1385896.0,0.57,Routine Mid-Peak Day
2024-06-18,Tuesday,6,2024,None,1385671.0,0.56,Routine Mid-Peak Day
2023-06-16,Friday,6,2023,None,1385404.0,0.56,Routine Mid-Peak Day
2024-09-16,Monday,9,2024,None,1384296.0,0.56,Routine Mid-Peak Day
2023-07-09,Sunday,7,2023,None,1383574.0,0.55,Routine Mid-Peak Day
2025-01-05,Sunday,1,2025,None,1383549.0,0.55,Routine Mid-Peak Day
2022-05-26,Thursday,5,2022,None,1383381.0,0.55,Routine Mid-Peak Day
2024-08-07,Wednesday,8,2024,None,1383162.0,0.55,Routine Mid-Peak Day
2024-04-22,Monday,4,2024,None,1382792.0,0.55,Routine Mid-Peak Day
2024-11-07,Thursday,11,2024,None,1382554.0,0.55,Routine Mid-Peak Day
2023-08-07,Monday,8,2023,None,1382374.0,0.55,Routine Mid-Peak Day
2023-04-16,Sunday,4,2023,None,1382367.0,0.55,Routine Mid-Peak Day
2024-06-05,Wednesday,6,2024,None,1382322.0,0.55,Routine Mid-Peak Day
2025-05-29,Thursday,5,2025,None,1382256.0,0.55,Routine Mid-Peak Day
2023-09-28,Thursday,9,2023,None,1382143.0,0.55,Routine Mid-Peak Day
2024-04-26,Friday,4,2024,None,1382082.0,0.55,Routine Mid-Peak Day
2023-05-07,Sunday,5,2023,None,1381939.0,0.55,Routine Mid-Peak Day
2023-03-19,Sunday,3,2023,None,1380764.0,0.54,Routine Mid-Peak Day
2025-05-12,Monday,5,2025,None,1380227.0,0.54,Routine Mid-Peak Day
2024-03-25,Monday,3,2024,None,1379732.0,0.53,Routine Mid-Peak Day
2023-05-15,Monday,5,2023,None,1379456.0,0.53,Routine Mid-Peak Day
2024-10-28,Monday,10,2024,None,1378977.0,0.53,Routine Mid-Peak Day
2025-05-11,Sunday,5,2025,None,1378452.0,0.53,Routine Mid-Peak Day
2023-12-20,Wednesday,12,2023,None,1377930.0,0.52,Routine Mid-Peak Day
2024-12-28,Saturday,12,2024,None,1376939.0,0.52,Routine Mid-Peak Day
2025-04-25,Friday,4,2025,None,1376630.0,0.52,Routine Mid-Peak Day
2023-09-01,Friday,9,2023,None,1376475.0,0.52,Routine Mid-Peak Day
2023-09-10,Sunday,9,2023,None,1376262.0,0.52,Routine Mid-Peak Day
2023-07-02,Sunday,7,2023,None,1375889.0,0.51,Routine Mid-Peak Day
2025-04-20,Sunday,4,2025,None,1375858.0,0.51,Routine Mid-Peak Day
2024-07-16,Tuesday,7,2024,None,1375518.0,0.51,Routine Mid-Peak Day
2024-09-30,Monday,9,2024,None,1375452.0,0.51,Routine Mid-Peak Day
2022-05-27,Friday,5,2022,None,1374425.0,0.51,Routine Mid-Peak Day
2023-08-20,Sunday,8,2023,None,1374384.0,0.51,Routine Mid-Peak Day
2022-07-01,Friday,7,2022,None,1373736.0,0.5,Routine Mid-Peak Day
2024-02-25,Sunday,2,2024,None,1373730.0,0.5,Routine Mid-Peak Day
2023-04-23,Sunday,4,2023,None,1373496.0,0.5,Routine Mid-Peak Day
2023-04-02,Sunday,4,2023,None,1373175.0,0.5,Routine Mid-Peak Day
2024-09-26,Thursday,9,2024,None,1373117.0,0.5,Routine Mid-Peak Day
2024-03-07,Thursday,3,2024,None,1373105.0,0.5,Routine Mid-Peak Day
2025-12-05,Friday,12,2025,None,1372810.0,0.5,Routine Mid-Peak Day
2024-06-29,Saturday,6,2024,None,1372675.0,0.5,Routine Mid-Peak Day
2024-11-21,Thursday,11,2024,None,1372557.0,0.5,Routine Mid-Peak Day
2025-04-03,Thursday,4,2025,None,1372483.0,0.5,Routine Mid-Peak Day
2025-08-05,Tuesday,8,2025,None,1372456.0,0.5,Routine Mid-Peak Day
2022-06-10,Friday,6,2022,None,1372432.0,0.5,Routine Mid-Peak Day
2024-07-06,Saturday,7,2024,None,1371641.0,0.49,Routine Mid-Peak Day
2023-11-13,Monday,11,2023,None,1371531.0,0.49,Routine Mid-Peak Day
2023-12-23,Saturday,12,2023,None,1371396.0,0.49,Routine Mid-Peak Day
2023-11-16,Thursday,11,2023,None,1371103.0,0.49,Routine Mid-Peak Day
2024-06-15,Saturday,6,2024,None,1370441.0,0.49,Routine Mid-Peak Day
2024-02-29,Thursday,2,2024,None,1370423.0,0.49,Routine Mid-Peak Day
2025-10-11,Saturday,10,2025,None,1370300.0,0.49,Routine Mid-Peak Day
2022-06-09,Thursday,6,2022,None,1369611.0,0.48,Routine Mid-Peak Day
2024-03-18,Monday,3,2024,None,1369349.0,0.48,Routine Mid-Peak Day
2025-03-14,Friday,3,2025,None,1366978.0,0.47,Routine Mid-Peak Day
2023-07-07,Friday,7,2023,None,1366699.0,0.47,Routine Mid-Peak Day
2024-10-04,Friday,10,2024,None,1366357.0,0.46,Routine Mid-Peak Day
2023-08-27,Sunday,8,2023,None,1366143.0,0.46,Routine Mid-Peak Day
2025-05-30,Friday,5,2025,None,1366123.0,0.46,Routine Mid-Peak Day
2025-02-13,Thursday,2,2025,None,1365806.0,0.46,Routine Mid-Peak Day
2025-01-02,Thursday,1,2025,None,1365162.0,0.46,Routine Mid-Peak Day
2024-07-20,Saturday,7,2024,None,1363768.0,0.45,Routine Mid-Peak Day
2023-12-29,Friday,12,2023,None,1363763.0,0.45,Routine Mid-Peak Day
2024-11-14,Thursday,11,2024,None,1363229.0,0.45,Routine Mid-Peak Day
2025-07-05,Saturday,7,2025,None,1363085.0,0.45,Routine Mid-Peak Day
2023-11-20,Monday,11,2023,None,1363061.0,0.45,Routine Mid-Peak Day
2024-05-03,Friday,5,2024,None,1362849.0,0.45,Routine Mid-Peak Day
2024-03-11,Monday,3,2024,None,1362314.0,0.44,Routine Mid-Peak Day
2023-09-25,Monday,9,2023,None,1361424.0,0.44,Routine Mid-Peak Day
2023-08-14,Monday,8,2023,None,1361127.0,0.44,Routine Mid-Peak Day
2023-03-12,Sunday,3,2023,None,1360978.0,0.44,Routine Mid-Peak Day
2023-05-11,Thursday,5,2023,None,1360474.0,0.43,Routine Mid-Peak Day
2024-01-02,Tuesday,1,2024,None,1360277.0,0.43,Routine Mid-Peak Day
2025-03-02,Sunday,3,2025,None,1360194.0,0.43,Routine Mid-Peak Day
2023-06-05,Monday,6,2023,None,1359537.0,0.43,Routine Mid-Peak Day
2023-07-01,Saturday,7,2023,None,1359283.0,0.43,Routine Mid-Peak Day
2025-06-04,Wednesday,6,2025,None,1358610.0,0.42,Routine Mid-Peak Day
2023-07-19,Wednesday,7,2023,None,1357086.0,0.42,Routine Mid-Peak Day
2024-07-13,Saturday,7,2024,None,1356485.0,0.41,Routine Mid-Peak Day
2025-02-23,Sunday,2,2025,None,1356219.0,0.41,Routine Mid-Peak Day
2023-06-21,Wednesday,6,2023,None,1355964.0,0.41,Routine Mid-Peak Day
2023-08-11,Friday,8,2023,None,1354831.0,0.4,Routine Mid-Peak Day
2024-03-22,Friday,3,2024,None,1353787.0,0.4,Routine Mid-Peak Day
2022-05-19,Thursday,5,2022,None,1353615.0,0.4,Routine Mid-Peak Day
2025-11-17,Monday,11,2025,None,1353425.0,0.4,Routine Mid-Peak Day
2025-04-28,Monday,4,2025,None,1352998.0,0.4,Routine Mid-Peak Day
2025-08-13,Wednesday,8,2025,None,1352649.0,0.39,Routine Mid-Peak Day
2023-11-06,Monday,11,2023,None,1352548.0,0.39,Routine Mid-Peak Day
2023-07-05,Wednesday,7,2023,None,1352362.0,0.39,Routine Mid-Peak Day
2025-06-10,Tuesday,6,2025,None,1351508.0,0.39,Routine Mid-Peak Day
2023-07-06,Thursday,7,2023,None,1351300.0,0.39,Routine Mid-Peak Day
2024-03-01,Friday,3,2024,None,1350964.0,0.38,Routine Mid-Peak Day
2025-11-28,Friday,11,2025,None,1350755.0,0.38,Routine Mid-Peak Day
2024-06-11,Tuesday,6,2024,None,1350396.0,0.38,Routine Mid-Peak Day
2024-04-19,Friday,4,2024,None,1350234.0,0.38,Routine Mid-Peak Day
2024-11-08,Friday,11,2024,None,1350139.0,0.38,Routine Mid-Peak Day
2024-05-08,Wednesday,5,2024,None,1350107.0,0.38,Routine Mid-Peak Day
2024-02-16,Friday,2,2024,None,1350023.0,0.38,Routine Mid-Peak Day
2024-04-15,Monday,4,2024,None,1349701.0,0.38,Routine Mid-Peak Day
2023-11-10,Friday,11,2023,None,1349564.0,0.38,Routine Mid-Peak Day
2025-03-28,Friday,3,2025,None,1349465.0,0.38,Routine Mid-Peak Day
2023-10-29,Sunday,10,2023,None,1349296.0,0.38,Routine Mid-Peak Day
2023-07-26,Wednesday,7,2023,None,1348918.0,0.37,Routine Mid-Peak Day
2023-03-26,Sunday,3,2023,None,1348903.0,0.37,Routine Mid-Peak Day
2024-10-10,Thursday,10,2024,None,1348776.0,0.37,Routine Mid-Peak Day
2022-06-30,Thursday,6,2022,None,1348743.0,0.37,Routine Mid-Peak Day
2023-04-20,Thursday,4,2023,None,1348592.0,0.37,Routine Mid-Peak Day
2023-04-27,Thursday,4,2023,None,1347862.0,0.37,Routine Mid-Peak Day
2024-02-18,Sunday,2,2024,None,1347594.0,0.37,Routine Mid-Peak Day
2023-04-30,Sunday,4,2023,None,1347383.0,0.37,Routine Mid-Peak Day
2025-08-31,Sunday,8,2025,None,1347090.0,0.36,Routine Mid-Peak Day
2024-11-25,Monday,11,2024,None,1346742.0,0.36,Routine Mid-Peak Day
2023-12-14,Thursday,12,2023,None,1346722.0,0.36,Routine Mid-Peak Day
2025-05-02,Friday,5,2025,None,1345965.0,0.36,Routine Mid-Peak Day
2025-08-20,Wednesday,8,2025,None,1345240.0,0.35,Routine Mid-Peak Day
2023-09-22,Friday,9,2023,None,1344873.0,0.35,Routine Mid-Peak Day
2025-02-27,Thursday,2,2025,None,1344522.0,0.35,Routine Mid-Peak Day
2023-06-09,Friday,6,2023,None,1344151.0,0.35,Routine Mid-Peak Day
2023-05-14,Sunday,5,2023,None,1344120.0,0.35,Routine Mid-Peak Day
2023-12-15,Friday,12,2023,None,1344062.0,0.35,Routine Mid-Peak Day
2025-12-17,Wednesday,12,2025,None,1343975.0,0.35,Routine Mid-Peak Day
2023-08-24,Thursday,8,2023,None,1343718.0,0.35,Routine Mid-Peak Day
2022-05-20,Friday,5,2022,None,1343052.0,0.34,Routine Mid-Peak Day
2024-11-01,Friday,11,2024,None,1342160.0,0.34,Routine Mid-Peak Day
2024-08-23,Friday,8,2024,None,1341774.0,0.34,Routine Mid-Peak Day
2023-08-03,Thursday,8,2023,None,1341541.0,0.34,Routine Mid-Peak Day
2024-09-13,Friday,9,2024,None,1340896.0,0.33,Routine Mid-Peak Day
2023-09-18,Monday,9,2023,None,1339989.0,0.33,Routine Mid-Peak Day
2025-03-06,Thursday,3,2025,None,1339600.0,0.33,Routine Mid-Peak Day
2023-04-10,Monday,4,2023,None,1339488.0,0.32,Routine Mid-Peak Day
2023-08-21,Monday,8,2023,None,1339341.0,0.32,Routine Mid-Peak Day
2024-09-27,Friday,9,2024,None,1338920.0,0.32,Routine Mid-Peak Day
2024-05-15,Wednesday,5,2024,None,1338705.0,0.32,Routine Mid-Peak Day
2024-03-14,Thursday,3,2024,None,1338299.0,0.32,Routine Mid-Peak Day
2024-05-21,Tuesday,5,2024,None,1337721.0,0.32,Routine Mid-Peak Day
2024-04-29,Monday,4,2024,None,1337624.0,0.32,Routine Mid-Peak Day
2025-03-24,Monday,3,2025,None,1337610.0,0.32,Routine Mid-Peak Day
2024-05-29,Wednesday,5,2024,None,1337570.0,0.32,Routine Mid-Peak Day
2025-11-22,Saturday,11,2025,None,1336212.0,0.31,Routine Mid-Peak Day
2022-05-23,Monday,5,2022,None,1335932.0,0.31,Routine Mid-Peak Day
2023-06-01,Thursday,6,2023,None,1335656.0,0.31,Routine Mid-Peak Day
2023-11-25,Saturday,11,2023,None,1335587.0,0.3,Routine Mid-Peak Day
2023-02-20,Monday,2,2023,Presidents' Day,1335542.0,0.3,Routine Mid-Peak Day
2024-02-15,Thursday,2,2024,None,1335489.0,0.3,Routine Mid-Peak Day
2023-05-04,Thursday,5,2023,None,1334421.0,0.3,Routine Mid-Peak Day
2025-05-05,Monday,5,2025,None,1334339.0,0.3,Routine Mid-Peak Day
2023-04-13,Thursday,4,2023,None,1334280.0,0.3,Routine Mid-Peak Day
2024-08-03,Saturday,8,2024,None,1334102.0,0.3,Routine Mid-Peak Day
2024-08-26,Monday,8,2024,None,1334057.0,0.3,Routine Mid-Peak Day
2025-09-05,Friday,9,2025,None,1333782.0,0.3,Routine Mid-Peak Day
2025-04-04,Friday,4,2025,None,1332202.0,0.29,Routine Mid-Peak Day
2025-04-14,Monday,4,2025,None,1332128.0,0.29,Routine Mid-Peak Day
2022-10-16,Sunday,10,2022,None,1332127.0,0.29,Routine Mid-Peak Day
2025-11-10,Monday,11,2025,None,1331286.0,0.28,Routine Mid-Peak Day
2023-07-12,Wednesday,7,2023,None,1330455.0,0.28,Routine Mid-Peak Day
2024-04-08,Monday,4,2024,None,1330425.0,0.28,Routine Mid-Peak Day
2024-08-10,Saturday,8,2024,None,1330400.0,0.28,Routine Mid-Peak Day
2023-06-20,Tuesday,6,2023,None,1329836.0,0.27,Routine Mid-Peak Day
2023-06-02,Friday,6,2023,None,1329763.0,0.27,Routine Mid-Peak Day
2025-05-21,Wednesday,5,2025,None,1329474.0,0.27,Routine Mid-Peak Day
2025-06-07,Saturday,6,2025,None,1329416.0,0.27,Routine Mid-Peak Day
2023-06-14,Wednesday,6,2023,None,1328789.0,0.27,Routine Mid-Peak Day
2023-04-06,Thursday,4,2023,None,1327586.0,0.26,Routine Mid-Peak Day
2024-07-27,Saturday,7,2024,None,1327316.0,0.26,Routine Mid-Peak Day
2025-03-31,Monday,3,2025,None,1327091.0,0.26,Routine Mid-Peak Day
2023-03-30,Thursday,3,2023,None,1326853.0,0.26,Routine Mid-Peak Day
2023-09-29,Friday,9,2023,None,1326823.0,0.26,Routine Mid-Peak Day
2024-05-26,Sunday,5,2024,None,1326790.0,0.26,Routine Mid-Peak Day
2024-07-30,Tuesday,7,2024,None,1326387.0,0.26,Routine Mid-Peak Day
2023-12-10,Sunday,12,2023,None,1326373.0,0.26,Routine Mid-Peak Day
2024-11-15,Friday,11,2024,None,1325657.0,0.25,Routine Mid-Peak Day
2023-12-30,Saturday,12,2023,None,1325611.0,0.25,Routine Mid-Peak Day
2024-12-06,Friday,12,2024,None,1325251.0,0.25,Routine Mid-Peak Day
2024-02-22,Thursday,2,2024,None,1324833.0,0.25,Routine Mid-Peak Day
2023-05-24,Wednesday,5,2023,None,1324674.0,0.25,Routine Mid-Peak Day
2023-03-31,Friday,3,2023,None,1324313.0,0.25,Routine Mid-Peak Day
2025-05-27,Tuesday,5,2025,None,1324124.0,0.25,Routine Mid-Peak Day
2025-05-09,Friday,5,2025,None,1323348.0,0.24,Routine Mid-Peak Day
2023-08-02,Wednesday,8,2023,None,1322727.0,0.24,Routine Mid-Peak Day
2024-12-09,Monday,12,2024,None,1322461.0,0.24,Routine Mid-Peak Day
2023-10-02,Monday,10,2023,None,1322159.0,0.23,Routine Mid-Peak Day
2025-04-07,Monday,4,2025,None,1321303.0,0.23,Routine Mid-Peak Day
2025-02-21,Friday,2,2025,None,1320864.0,0.23,Routine Mid-Peak Day
2025-12-24,Wednesday,12,2025,None,1320699.0,0.23,Routine Mid-Peak Day
2025-05-25,Sunday,5,2025,None,1319908.0,0.22,Routine Mid-Peak Day
2022-10-23,Sunday,10,2022,None,1319811.0,0.22,Routine Mid-Peak Day
2023-10-20,Friday,10,2023,None,1319638.0,0.22,Routine Mid-Peak Day
2025-03-07,Friday,3,2025,None,1319478.0,0.22,Routine Mid-Peak Day
2025-08-16,Saturday,8,2025,None,1318923.0,0.22,Routine Mid-Peak Day
2023-08-18,Friday,8,2023,None,1318804.0,0.22,Routine Mid-Peak Day
2024-08-14,Wednesday,8,2024,None,1317873.0,0.21,Routine Mid-Peak Day
2024-11-18,Monday,11,2024,None,1317653.0,0.21,Routine Mid-Peak Day
2025-02-14,Friday,2,2025,None,1317321.0,0.21,Routine Mid-Peak Day
2024-12-05,Thursday,12,2024,None,1316353.0,0.2,Routine Mid-Peak Day
2023-03-16,Thursday,3,2023,None,1316302.0,0.2,Routine Mid-Peak Day
2025-10-22,Wednesday,10,2025,None,1315393.0,0.2,Routine Mid-Peak Day
2023-04-14,Friday,4,2023,None,1315076.0,0.2,Routine Mid-Peak Day
2024-03-27,Wednesday,3,2024,None,1315039.0,0.2,Routine Mid-Peak Day
2025-02-28,Friday,2,2025,None,1314980.0,0.2,Routine Mid-Peak Day
2025-04-18,Friday,4,2025,None,1314460.0,0.19,Routine Mid-Peak Day
2025-01-03,Friday,1,2025,None,1314363.0,0.19,Routine Mid-Peak Day
2023-10-27,Friday,10,2023,None,1313042.0,0.19,Routine Mid-Peak Day
2024-09-09,Monday,9,2024,None,1312859.0,0.19,Routine Mid-Peak Day
2023-05-12,Friday,5,2023,None,1312779.0,0.19,Routine Mid-Peak Day
2024-08-06,Tuesday,8,2024,None,1312610.0,0.19,Routine Mid-Peak Day
2025-09-02,Tuesday,9,2025,None,1312472.0,0.18,Routine Mid-Peak Day
2023-05-08,Monday,5,2023,None,1311978.0,0.18,Routine Mid-Peak Day
2023-09-15,Friday,9,2023,None,1311628.0,0.18,Routine Mid-Peak Day
2023-04-21,Friday,4,2023,None,1311571.0,0.18,Routine Mid-Peak Day
2025-11-13,Thursday,11,2025,None,1311550.0,0.18,Routine Mid-Peak Day
2022-07-24,Sunday,7,2022,None,1311495.0,0.18,Routine Mid-Peak Day
2025-01-04,Saturday,1,2025,None,1311319.0,0.18,Routine Mid-Peak Day
2022-07-31,Sunday,7,2022,None,1311301.0,0.18,Routine Mid-Peak Day
2024-06-04,Tuesday,6,2024,None,1309496.0,0.17,Routine Mid-Peak Day
2025-01-17,Friday,1,2025,None,1309453.0,0.17,Routine Mid-Peak Day
2024-12-16,Monday,12,2024,None,1309188.0,0.17,Routine Mid-Peak Day
2023-06-27,Tuesday,6,2023,None,1309143.0,0.17,Routine Mid-Peak Day
2025-08-12,Tuesday,8,2025,None,1309012.0,0.17,Routine Mid-Peak Day
2023-07-18,Tuesday,7,2023,None,1308335.0,0.16,Routine Mid-Peak Day
2023-08-09,Wednesday,8,2023,None,1308043.0,0.16,Routine Mid-Peak Day
2022-06-12,Sunday,6,2022,None,1307999.0,0.16,Routine Mid-Peak Day
2023-07-22,Saturday,7,2023,None,1307868.0,0.16,Routine Mid-Peak Day
2023-05-01,Monday,5,2023,None,1307602.0,0.16,Routine Mid-Peak Day
2023-03-10,Friday,3,2023,None,1307382.0,0.16,Routine Mid-Peak Day
2022-11-13,Sunday,11,2022,None,1307040.0,0.16,Routine Mid-Peak Day
2023-06-17,Saturday,6,2023,None,1306293.0,0.15,Routine Mid-Peak Day
2023-08-08,Tuesday,8,2023,None,1304562.0,0.14,Routine Mid-Peak Day
2022-11-23,Wednesday,11,2022,None,1304363.0,0.14,Routine Mid-Peak Day
2022-12-21,Wednesday,12,2022,None,1304360.0,0.14,Routine Mid-Peak Day
2025-09-04,Thursday,9,2025,None,1304296.0,0.14,Routine Mid-Peak Day
2024-11-04,Monday,11,2024,None,1304171.0,0.14,Routine Mid-Peak Day
2023-07-15,Saturday,7,2023,None,1303837.0,0.14,Routine Mid-Peak Day
2023-07-11,Tuesday,7,2023,None,1303712.0,0.14,Routine Mid-Peak Day
2023-03-05,Sunday,3,2023,None,1303475.0,0.14,Routine Mid-Peak Day
2023-04-09,Sunday,4,2023,None,1303019.0,0.14,Routine Mid-Peak Day
2024-05-25,Saturday,5,2024,None,1302718.0,0.13,Routine Mid-Peak Day
2022-06-24,Friday,6,2022,None,1301826.0,0.13,Routine Mid-Peak Day
2025-08-27,Wednesday,8,2025,None,1301787.0,0.13,Routine Mid-Peak Day
2024-02-23,Friday,2,2024,None,1301775.0,0.13,Routine Mid-Peak Day
2023-12-18,Monday,12,2023,None,1301573.0,0.13,Routine Mid-Peak Day
2022-12-22,Thursday,12,2022,None,1301275.0,0.13,Routine Mid-Peak Day
2023-06-24,Saturday,6,2023,None,1299730.0,0.12,Routine Mid-Peak Day
2022-06-23,Thursday,6,2022,None,1299412.0,0.12,Routine Mid-Peak Day
2022-06-26,Sunday,6,2022,None,1298692.0,0.11,Routine Mid-Peak Day
2023-08-01,Tuesday,8,2023,None,1298113.0,0.11,Routine Mid-Peak Day
2024-03-13,Wednesday,3,2024,None,1297415.0,0.11,Routine Mid-Peak Day
2025-01-20,Monday,1,2025,MLK Jr. Day,1296022.0,0.1,Routine Mid-Peak Day
2024-06-08,Saturday,6,2024,None,1295843.0,0.1,Routine Mid-Peak Day
2023-03-24,Friday,3,2023,None,1295124.0,0.09,Routine Mid-Peak Day
2023-08-25,Friday,8,2023,None,1295075.0,0.09,Routine Mid-Peak Day
2022-06-06,Monday,6,2022,None,1294966.0,0.09,Routine Mid-Peak Day
2025-09-17,Wednesday,9,2025,None,1294433.0,0.09,Routine Mid-Peak Day
2022-12-18,Sunday,12,2022,None,1294024.0,0.09,Routine Mid-Peak Day
2023-11-03,Friday,11,2023,None,1293851.0,0.09,Routine Mid-Peak Day
2023-04-17,Monday,4,2023,None,1293739.0,0.09,Routine Mid-Peak Day
2024-01-07,Sunday,1,2024,None,1292878.0,0.08,Routine Mid-Peak Day
2024-10-16,Wednesday,10,2024,None,1292641.0,0.08,Routine Mid-Peak Day
2025-12-02,Tuesday,12,2025,None,1292390.0,0.08,Routine Mid-Peak Day
2025-02-16,Sunday,2,2025,None,1291354.0,0.07,Routine Mid-Peak Day
2024-12-18,Wednesday,12,2024,None,1291262.0,0.07,Routine Mid-Peak Day
2022-10-20,Thursday,10,2022,None,1291248.0,0.07,Routine Mid-Peak Day
2023-07-08,Saturday,7,2023,None,1290689.0,0.07,Routine Mid-Peak Day
2024-06-01,Saturday,6,2024,None,1290113.0,0.07,Routine Mid-Peak Day
2025-03-15,Saturday,3,2025,None,1289750.0,0.07,Routine Mid-Peak Day
2025-11-14,Friday,11,2025,None,1289402.0,0.06,Routine Mid-Peak Day
2023-11-02,Thursday,11,2023,None,1289356.0,0.06,Routine Mid-Peak Day
2022-05-16,Monday,5,2022,None,1289114.0,0.06,Routine Mid-Peak Day
2024-03-04,Monday,3,2024,None,1289004.0,0.06,Routine Mid-Peak Day
2022-06-20,Monday,6,2022,None,1288736.0,0.06,Routine Mid-Peak Day
2022-07-08,Friday,7,2022,None,1288687.0,0.06,Routine Mid-Peak Day
2023-04-07,Friday,4,2023,None,1287120.0,0.05,Routine Mid-Peak Day
2024-05-01,Wednesday,5,2024,None,1287113.0,0.05,Routine Mid-Peak Day
2023-03-23,Thursday,3,2023,None,1287101.0,0.05,Routine Mid-Peak Day
2024-01-03,Wednesday,1,2024,None,1286279.0,0.05,Routine Mid-Peak Day
2022-06-17,Friday,6,2022,None,1285817.0,0.05,Routine Mid-Peak Day
2025-10-18,Saturday,10,2025,None,1284856.0,0.04,Routine Mid-Peak Day
2022-11-06,Sunday,11,2022,None,1284758.0,0.04,Routine Mid-Peak Day
2023-04-03,Monday,4,2023,None,1284701.0,0.04,Routine Mid-Peak Day
2023-04-24,Monday,4,2023,None,1284508.0,0.04,Routine Mid-Peak Day
2023-04-28,Friday,4,2023,None,1284475.0,0.04,Routine Mid-Peak Day
2023-02-26,Sunday,2,2023,None,1284395.0,0.04,Routine Mid-Peak Day
2025-02-20,Thursday,2,2025,None,1284218.0,0.04,Routine Mid-Peak Day
2024-08-21,Wednesday,8,2024,None,1283299.0,0.03,Routine Mid-Peak Day
2022-10-10,Monday,10,2022,Columbus Day,1283037.0,0.03,Routine Mid-Peak Day
2024-03-20,Wednesday,3,2024,None,1282740.0,0.03,Routine Mid-Peak Day
2023-02-17,Friday,2,2023,None,1282313.0,0.03,Routine Mid-Peak Day
2023-03-17,Friday,3,2023,None,1282304.0,0.03,Routine Mid-Peak Day
2024-08-17,Saturday,8,2024,None,1282127.0,0.03,Routine Mid-Peak Day
2022-11-18,Friday,11,2022,None,1282045.0,0.03,Routine Mid-Peak Day
2023-09-11,Monday,9,2023,None,1281561.0,0.02,Routine Mid-Peak Day
2022-07-17,Sunday,7,2022,None,1280720.0,0.02,Routine Mid-Peak Day
2022-07-10,Sunday,7,2022,None,1280645.0,0.02,Routine Mid-Peak Day
2025-12-10,Wednesday,12,2025,None,1279992.0,0.02,Routine Mid-Peak Day
2025-08-19,Tuesday,8,2025,None,1279878.0,0.02,Routine Mid-Peak Day
2022-10-09,Sunday,10,2022,None,1279680.0,0.01,Routine Mid-Peak Day
2025-08-30,Saturday,8,2025,None,1279297.0,0.01,Routine Mid-Peak Day
2023-03-20,Monday,3,2023,None,1279032.0,0.01,Routine Mid-Peak Day
2022-08-07,Sunday,8,2022,None,1279031.0,0.01,Routine Mid-Peak Day
2022-10-13,Thursday,10,2022,None,1278698.0,0.01,Routine Mid-Peak Day
2023-07-25,Tuesday,7,2023,None,1278270.0,0.01,Routine Mid-Peak Day
2023-05-30,Tuesday,5,2023,None,1277931.0,0.01,Routine Mid-Peak Day
2022-07-21,Thursday,7,2022,None,1277737.0,0.0,Routine Mid-Peak Day
2024-03-16,Saturday,3,2024,None,1277679.0,0.0,Routine Mid-Peak Day
2022-07-22,Friday,7,2022,None,1277618.0,0.0,Routine Mid-Peak Day
2023-12-07,Thursday,12,2023,None,1277476.0,0.0,Routine Mid-Peak Day
2024-05-14,Tuesday,5,2024,None,1277096.0,0.0,Routine Mid-Peak Day
2023-02-24,Friday,2,2023,None,1276748.0,-0.0,Routine Mid-Peak Day
2022-11-20,Sunday,11,2022,None,1276561.0,-0.0,Routine Mid-Peak Day
2025-05-24,Saturday,5,2025,None,1276015.0,-0.0,Routine Mid-Peak Day
2023-12-19,Tuesday,12,2023,None,1275981.0,-0.01,Routine Mid-Peak Day
2023-03-09,Thursday,3,2023,None,1275474.0,-0.01,Routine Mid-Peak Day
2025-06-03,Tuesday,6,2025,None,1275222.0,-0.01,Routine Mid-Peak Day
2025-03-10,Monday,3,2025,None,1274452.0,-0.01,Routine Mid-Peak Day
2023-08-28,Monday,8,2023,None,1274047.0,-0.02,Routine Mid-Peak Day
2025-10-01,Wednesday,10,2025,None,1273219.0,-0.02,Routine Mid-Peak Day
2022-07-28,Thursday,7,2022,None,1272955.0,-0.02,Routine Mid-Peak Day
2023-06-07,Wednesday,6,2023,None,1272815.0,-0.02,Routine Mid-Peak Day
2022-06-19,Sunday,6,2022,Juneteenth,1272802.0,-0.02,Routine Mid-Peak Day
2022-09-18,Sunday,9,2022,None,1272607.0,-0.02,Routine Mid-Peak Day
2024-10-15,Tuesday,10,2024,None,1272526.0,-0.02,Routine Mid-Peak Day
2024-02-26,Monday,2,2024,None,1272496.0,-0.02,Routine Mid-Peak Day
2024-04-17,Wednesday,4,2024,None,1272134.0,-0.03,Routine Mid-Peak Day
2023-03-13,Monday,3,2023,None,1271773.0,-0.03,Routine Mid-Peak Day
2022-09-23,Friday,9,2022,None,1271253.0,-0.03,Routine Mid-Peak Day
2024-11-23,Saturday,11,2024,None,1271187.0,-0.03,Routine Mid-Peak Day
2023-06-13,Tuesday,6,2023,None,1270621.0,-0.03,Routine Mid-Peak Day
2022-07-15,Friday,7,2022,None,1270584.0,-0.03,Routine Mid-Peak Day
2024-11-29,Friday,11,2024,None,1270537.0,-0.03,Routine Mid-Peak Day
2023-12-03,Sunday,12,2023,None,1269936.0,-0.04,Routine Mid-Peak Day
2022-09-02,Friday,9,2022,None,1268546.0,-0.04,Routine Mid-Peak Day
2024-07-05,Friday,7,2024,None,1268468.0,-0.04,Routine Mid-Peak Day
2024-01-12,Friday,1,2024,None,1267757.0,-0.05,Routine Mid-Peak Day
2022-10-06,Thursday,10,2022,None,1267472.0,-0.05,Routine Mid-Peak Day
2023-07-29,Saturday,7,2023,None,1266638.0,-0.05,Routine Mid-Peak Day
2025-08-23,Saturday,8,2025,None,1266333.0,-0.06,Routine Mid-Peak Day
2024-03-23,Saturday,3,2024,None,1266142.0,-0.06,Routine Mid-Peak Day
2023-01-02,Monday,1,2023,None,1266039.0,-0.06,Routine Mid-Peak Day
2022-09-25,Sunday,9,2022,None,1265947.0,-0.06,Routine Mid-Peak Day
2023-08-16,Wednesday,8,2023,None,1265189.0,-0.06,Routine Mid-Peak Day
2022-07-07,Thursday,7,2022,None,1264774.0,-0.06,Routine Mid-Peak Day
2022-08-05,Friday,8,2022,None,1264672.0,-0.06,Routine Mid-Peak Day
2025-03-22,Saturday,3,2025,None,1264560.0,-0.06,Routine Mid-Peak Day
2022-09-22,Thursday,9,2022,None,1263694.0,-0.07,Routine Mid-Peak Day
2024-03-30,Saturday,3,2024,None,1263454.0,-0.07,Routine Mid-Peak Day
2024-05-11,Saturday,5,2024,None,1262781.0,-0.07,Routine Mid-Peak Day
2022-07-05,Tuesday,7,2022,None,1262585.0,-0.07,Routine Mid-Peak Day
2023-12-11,Monday,12,2023,None,1262345.0,-0.08,Routine Mid-Peak Day
2023-08-05,Saturday,8,2023,None,1262287.0,-0.08,Routine Mid-Peak Day
2022-06-13,Monday,6,2022,None,1261851.0,-0.08,Routine Mid-Peak Day
2022-07-14,Thursday,7,2022,None,1261594.0,-0.08,Routine Mid-Peak Day
2022-12-16,Friday,12,2022,None,1261022.0,-0.08,Routine Mid-Peak Day
2023-05-05,Friday,5,2023,None,1260973.0,-0.08,Routine Mid-Peak Day
2022-11-22,Tuesday,11,2022,None,1260846.0,-0.08,Routine Mid-Peak Day
2022-11-28,Monday,11,2022,None,1260369.0,-0.09,Routine Mid-Peak Day
2024-03-09,Saturday,3,2024,None,1260354.0,-0.09,Routine Mid-Peak Day
2025-10-31,Friday,10,2025,None,1257956.0,-0.1,Routine Mid-Peak Day
2022-05-25,Wednesday,5,2022,None,1257762.0,-0.1,Routine Mid-Peak Day
2022-09-05,Monday,9,2022,Labor Day,1257581.0,-0.1,Routine Mid-Peak Day
2023-07-03,Monday,7,2023,None,1257123.0,-0.1,Routine Mid-Peak Day
2024-05-18,Saturday,5,2024,None,1256529.0,-0.11,Routine Mid-Peak Day
2023-08-12,Saturday,8,2023,None,1256286.0,-0.11,Routine Mid-Peak Day
2025-11-03,Monday,11,2025,None,1256046.0,-0.11,Routine Mid-Peak Day
2022-10-14,Friday,10,2022,None,1255989.0,-0.11,Routine Mid-Peak Day
2024-01-01,Monday,1,2024,New Year's Day,1255707.0,-0.11,Routine Mid-Peak Day
2023-02-19,Sunday,2,2023,None,1255655.0,-0.11,Routine Mid-Peak Day
2024-08-20,Tuesday,8,2024,None,1255498.0,-0.11,Routine Mid-Peak Day
2022-10-17,Monday,10,2022,None,1255086.0,-0.11,Routine Mid-Peak Day
2025-03-19,Wednesday,3,2025,None,1254682.0,-0.12,Routine Mid-Peak Day
2022-06-27,Monday,6,2022,None,1253439.0,-0.12,Routine Mid-Peak Day
2023-03-27,Monday,3,2023,None,1253396.0,-0.12,Routine Mid-Peak Day
2025-05-14,Wednesday,5,2025,None,1252736.0,-0.13,Routine Mid-Peak Day
2023-05-17,Wednesday,5,2023,None,1252655.0,-0.13,Routine Mid-Peak Day
2023-02-16,Thursday,2,2023,None,1252245.0,-0.13,Routine Mid-Peak Day
2025-01-16,Thursday,1,2025,None,1251817.0,-0.13,Routine Mid-Peak Day
2022-07-25,Monday,7,2022,None,1251414.0,-0.13,Routine Mid-Peak Day
2023-10-18,Wednesday,10,2023,None,1251340.0,-0.13,Routine Mid-Peak Day
2022-10-07,Friday,10,2022,None,1251062.0,-0.13,Routine Mid-Peak Day
2022-12-11,Sunday,12,2022,None,1250717.0,-0.14,Routine Mid-Peak Day
2022-06-03,Friday,6,2022,None,1249516.0,-0.14,Routine Mid-Peak Day
2023-12-16,Saturday,12,2023,None,1249299.0,-0.14,Routine Mid-Peak Day
2022-09-16,Friday,9,2022,None,1248695.0,-0.15,Routine Mid-Peak Day
2024-04-24,Wednesday,4,2024,None,1247840.0,-0.15,Routine Mid-Peak Day
2022-09-15,Thursday,9,2022,None,1247725.0,-0.15,Routine Mid-Peak Day
2022-08-01,Monday,8,2022,None,1246862.0,-0.16,Routine Mid-Peak Day
2022-05-12,Thursday,5,2022,None,1246161.0,-0.16,Routine Mid-Peak Day
2023-10-30,Monday,10,2023,None,1245443.0,-0.16,Routine Mid-Peak Day
2023-11-18,Saturday,11,2023,None,1245146.0,-0.17,Routine Mid-Peak Day
2024-04-10,Wednesday,4,2024,None,1244634.0,-0.17,Routine Mid-Peak Day
2022-07-29,Friday,7,2022,None,1244289.0,-0.17,Routine Mid-Peak Day
2022-05-13,Friday,5,2022,None,1243775.0,-0.17,Routine Mid-Peak Day
2022-11-17,Thursday,11,2022,None,1243624.0,-0.17,Routine Mid-Peak Day
2024-08-13,Tuesday,8,2024,None,1243209.0,-0.18,Routine Mid-Peak Day
2024-09-03,Tuesday,9,2024,None,1243008.0,-0.18,Routine Mid-Peak Day
2022-07-18,Monday,7,2022,None,1242751.0,-0.18,Routine Mid-Peak Day
2024-07-04,Thursday,7,2024,Independence Day,1242274.0,-0.18,Routine Mid-Peak Day
2025-12-25,Thursday,12,2025,Christmas Day,1242112.0,-0.18,Routine Mid-Peak Day
2025-10-21,Tuesday,10,2025,None,1241830.0,-0.18,Routine Mid-Peak Day
2024-01-11,Thursday,1,2024,None,1241677.0,-0.18,Routine Mid-Peak Day
2022-12-19,Monday,12,2022,None,1241574.0,-0.18,Routine Mid-Peak Day
2023-08-15,Tuesday,8,2023,None,1241009.0,-0.19,Routine Mid-Peak Day
2025-09-24,Wednesday,9,2025,None,1240965.0,-0.19,Routine Mid-Peak Day
2024-12-03,Tuesday,12,2024,None,1240490.0,-0.19,Routine Mid-Peak Day
2025-01-12,Sunday,1,2025,None,1240432.0,-0.19,Routine Mid-Peak Day
2025-05-20,Tuesday,5,2025,None,1240360.0,-0.19,Routine Mid-Peak Day
2022-12-30,Friday,12,2022,None,1240183.0,-0.19,Routine Mid-Peak Day
2022-12-27,Tuesday,12,2022,None,1239931.0,-0.19,Routine Mid-Peak Day
2023-05-23,Tuesday,5,2023,None,1239883.0,-0.19,Routine Mid-Peak Day
2025-04-16,Wednesday,4,2025,None,1239791.0,-0.19,Routine Mid-Peak Day
2022-10-24,Monday,10,2022,None,1239137.0,-0.2,Routine Mid-Peak Day
2022-09-01,Thursday,9,2022,None,1238588.0,-0.2,Routine Mid-Peak Day
2024-02-12,Monday,2,2024,None,1238234.0,-0.2,Routine Mid-Peak Day
2023-12-08,Friday,12,2023,None,1238186.0,-0.2,Routine Mid-Peak Day
2023-05-28,Sunday,5,2023,None,1237689.0,-0.2,Routine Mid-Peak Day
2023-03-02,Thursday,3,2023,None,1237316.0,-0.21,Routine Mid-Peak Day
2022-08-21,Sunday,8,2022,None,1237025.0,-0.21,Routine Mid-Peak Day
2022-09-11,Sunday,9,2022,None,1236780.0,-0.21,Routine Mid-Peak Day
2022-06-16,Thursday,6,2022,None,1236506.0,-0.21,Routine Mid-Peak Day
2022-10-02,Sunday,10,2022,None,1236479.0,-0.21,Routine Mid-Peak Day
2024-10-23,Wednesday,10,2024,None,1236342.0,-0.21,Routine Mid-Peak Day
2022-12-26,Monday,12,2022,None,1236118.0,-0.21,Routine Mid-Peak Day
2025-01-01,Wednesday,1,2025,New Year's Day,1235430.0,-0.22,Routine Mid-Peak Day
2022-12-15,Thursday,12,2022,None,1235063.0,-0.22,Routine Mid-Peak Day
2025-02-24,Monday,2,2025,None,1234845.0,-0.22,Routine Mid-Peak Day
2022-10-21,Friday,10,2022,None,1234027.0,-0.22,Routine Mid-Peak Day
2024-04-02,Tuesday,4,2024,None,1233988.0,-0.22,Routine Mid-Peak Day
2025-05-31,Saturday,5,2025,None,1233582.0,-0.23,Routine Mid-Peak Day
2023-05-31,Wednesday,5,2023,None,1233370.0,-0.23,Routine Mid-Peak Day
2024-09-06,Friday,9,2024,None,1232508.0,-0.23,Routine Mid-Peak Day
2022-08-04,Thursday,8,2022,None,1231346.0,-0.24,Routine Mid-Peak Day
2024-04-06,Saturday,4,2024,None,1231249.0,-0.24,Routine Mid-Peak Day
2025-12-13,Saturday,12,2025,None,1231158.0,-0.24,Routine Mid-Peak Day
2025-09-20,Saturday,9,2025,None,1231077.0,-0.24,Routine Mid-Peak Day
2025-03-03,Monday,3,2025,None,1230495.0,-0.24,Routine Mid-Peak Day
2025-02-02,Sunday,2,2025,None,1230419.0,-0.24,Routine Mid-Peak Day
2022-08-19,Friday,8,2022,None,1229486.0,-0.25,Routine Mid-Peak Day
2022-08-08,Monday,8,2022,None,1229377.0,-0.25,Routine Mid-Peak Day
2024-09-01,Sunday,9,2024,None,1229268.0,-0.25,Routine Mid-Peak Day
2024-08-28,Wednesday,8,2024,None,1229236.0,-0.25,Routine Mid-Peak Day
2024-02-08,Thursday,2,2024,None,1228947.0,-0.25,Routine Mid-Peak Day
2025-04-30,Wednesday,4,2025,None,1228480.0,-0.25,Routine Mid-Peak Day
2023-02-23,Thursday,2,2023,None,1228226.0,-0.25,Routine Mid-Peak Day
2024-01-28,Sunday,1,2024,None,1228009.0,-0.25,Routine Mid-Peak Day
2024-09-25,Wednesday,9,2024,None,1227661.0,-0.26,Routine Mid-Peak Day
2023-05-10,Wednesday,5,2023,None,1227017.0,-0.26,Routine Mid-Peak Day
2025-04-09,Wednesday,4,2025,None,1226969.0,-0.26,Routine Mid-Peak Day
2025-07-04,Friday,7,2025,Independence Day,1226715.0,-0.26,Routine Mid-Peak Day
2024-02-04,Sunday,2,2024,None,1226486.0,-0.26,Routine Mid-Peak Day
2025-04-23,Wednesday,4,2025,None,1226387.0,-0.26,Routine Mid-Peak Day
2023-03-15,Wednesday,3,2023,None,1226115.0,-0.26,Routine Mid-Peak Day
2023-01-13,Friday,1,2023,None,1225750.0,-0.27,Routine Mid-Peak Day
2024-05-07,Tuesday,5,2024,None,1225718.0,-0.27,Routine Mid-Peak Day
2022-08-28,Sunday,8,2022,None,1225364.0,-0.27,Routine Mid-Peak Day
2025-12-03,Wednesday,12,2025,None,1225176.0,-0.27,Routine Mid-Peak Day
2022-08-11,Thursday,8,2022,None,1225172.0,-0.27,Routine Mid-Peak Day
2025-09-10,Wednesday,9,2025,None,1225051.0,-0.27,Routine Mid-Peak Day
2024-01-05,Friday,1,2024,None,1225040.0,-0.27,Routine Mid-Peak Day
2022-08-14,Sunday,8,2022,None,1224974.0,-0.27,Routine Mid-Peak Day
2022-05-30,Monday,5,2022,Memorial Day,1224765.0,-0.27,Routine Mid-Peak Day
2022-12-04,Sunday,12,2022,None,1224314.0,-0.27,Routine Mid-Peak Day
2023-12-04,Monday,12,2023,None,1223931.0,-0.28,Routine Mid-Peak Day
2022-06-08,Wednesday,6,2022,None,1223454.0,-0.28,Routine Mid-Peak Day
2024-09-05,Thursday,9,2024,None,1223204.0,-0.28,Routine Mid-Peak Day
2024-04-03,Wednesday,4,2024,None,1222116.0,-0.28,Routine Mid-Peak Day
2025-12-16,Tuesday,12,2025,None,1220860.0,-0.29,Routine Mid-Peak Day
2023-03-11,Saturday,3,2023,None,1220328.0,-0.29,Routine Mid-Peak Day
2023-09-08,Friday,9,2023,None,1219299.0,-0.3,Routine Mid-Peak Day
2025-03-29,Saturday,3,2025,None,1219114.0,-0.3,Routine Mid-Peak Day
2024-01-04,Thursday,1,2024,None,1218924.0,-0.3,Routine Mid-Peak Day
2023-06-10,Saturday,6,2023,None,1217863.0,-0.31,Routine Mid-Peak Day
2025-01-26,Sunday,1,2025,None,1217726.0,-0.31,Routine Mid-Peak Day
2022-07-06,Wednesday,7,2022,None,1217240.0,-0.31,Routine Mid-Peak Day
2025-05-28,Wednesday,5,2025,None,1217231.0,-0.31,Routine Mid-Peak Day
2022-12-29,Thursday,12,2022,None,1216077.0,-0.32,Routine Mid-Peak Day
2022-12-28,Wednesday,12,2022,None,1215997.0,-0.32,Routine Mid-Peak Day
2024-10-19,Saturday,10,2024,None,1215786.0,-0.32,Routine Mid-Peak Day
2022-05-18,Wednesday,5,2022,None,1215664.0,-0.32,Routine Mid-Peak Day
2022-06-29,Wednesday,6,2022,None,1215265.0,-0.32,Routine Mid-Peak Day
2023-08-19,Saturday,8,2023,None,1215197.0,-0.32,Routine Mid-Peak Day
2024-10-12,Saturday,10,2024,None,1214698.0,-0.32,Routine Mid-Peak Day
2024-01-15,Monday,1,2024,MLK Jr. Day,1214573.0,-0.32,Routine Mid-Peak Day
2022-07-11,Monday,7,2022,None,1214495.0,-0.32,Routine Mid-Peak Day
2025-11-19,Wednesday,11,2025,None,1214275.0,-0.33,Routine Mid-Peak Day
2023-09-05,Tuesday,9,2023,None,1214067.0,-0.33,Routine Mid-Peak Day
2024-09-18,Wednesday,9,2024,None,1214001.0,-0.33,Routine Mid-Peak Day
2023-05-27,Saturday,5,2023,None,1212731.0,-0.33,Routine Mid-Peak Day
2025-10-25,Saturday,10,2025,None,1212511.0,-0.33,Routine Mid-Peak Day
2023-01-16,Monday,1,2023,MLK Jr. Day,1212320.0,-0.34,Routine Mid-Peak Day
2022-10-27,Thursday,10,2022,None,1212170.0,-0.34,Routine Mid-Peak Day
2022-06-11,Saturday,6,2022,None,1211906.0,-0.34,Routine Mid-Peak Day
2023-06-06,Tuesday,6,2023,None,1211216.0,-0.34,Routine Mid-Peak Day
2023-11-15,Wednesday,11,2023,None,1211185.0,-0.34,Routine Mid-Peak Day
2025-05-07,Wednesday,5,2025,None,1210787.0,-0.34,Routine Mid-Peak Day
2024-04-20,Saturday,4,2024,None,1210602.0,-0.34,Routine Mid-Peak Day
2022-08-25,Thursday,8,2022,None,1210376.0,-0.35,Routine Mid-Peak Day
2023-09-07,Thursday,9,2023,None,1209579.0,-0.35,Routine Mid-Peak Day
2022-08-12,Friday,8,2022,None,1209515.0,-0.35,Routine Mid-Peak Day
2024-01-21,Sunday,1,2024,None,1208706.0,-0.35,Routine Mid-Peak Day
2022-11-03,Thursday,11,2022,None,1207903.0,-0.36,Routine Mid-Peak Day
2025-02-10,Monday,2,2025,None,1207216.0,-0.36,Routine Mid-Peak Day
2025-03-26,Wednesday,3,2025,None,1206520.0,-0.37,Routine Mid-Peak Day
2024-02-20,Tuesday,2,2024,None,1206402.0,-0.37,Routine Mid-Peak Day
2022-09-26,Monday,9,2022,None,1204681.0,-0.38,Routine Mid-Peak Day
2023-01-08,Sunday,1,2023,None,1204414.0,-0.38,Routine Mid-Peak Day
2023-04-01,Saturday,4,2023,None,1203895.0,-0.38,Routine Mid-Peak Day
2022-08-18,Thursday,8,2022,None,1203888.0,-0.38,Routine Mid-Peak Day
2025-10-29,Wednesday,10,2025,None,1203098.0,-0.38,Routine Mid-Peak Day
2023-12-01,Friday,12,2023,None,1202969.0,-0.38,Routine Mid-Peak Day
2023-05-20,Saturday,5,2023,None,1202951.0,-0.38,Routine Mid-Peak Day
2025-03-08,Saturday,3,2025,None,1202815.0,-0.39,Routine Mid-Peak Day
2025-10-07,Tuesday,10,2025,None,1202524.0,-0.39,Routine Mid-Peak Day
2025-03-12,Wednesday,3,2025,None,1202199.0,-0.39,Routine Mid-Peak Day
2022-12-20,Tuesday,12,2022,None,1201649.0,-0.39,Routine Mid-Peak Day
2022-09-19,Monday,9,2022,None,1201564.0,-0.39,Routine Mid-Peak Day
2024-02-09,Friday,2,2024,None,1200959.0,-0.39,Routine Mid-Peak Day
2025-01-06,Monday,1,2025,None,1200229.0,-0.4,Routine Mid-Peak Day
2023-04-05,Wednesday,4,2023,None,1199835.0,-0.4,Routine Mid-Peak Day
2023-03-06,Monday,3,2023,None,1199459.0,-0.4,Routine Mid-Peak Day
2022-11-14,Monday,11,2022,None,1199392.0,-0.4,Routine Mid-Peak Day
2023-10-25,Wednesday,10,2023,None,1199273.0,-0.4,Routine Mid-Peak Day
2023-10-17,Tuesday,10,2023,None,1199164.0,-0.4,Routine Mid-Peak Day
2022-11-04,Friday,11,2022,None,1198919.0,-0.41,Routine Mid-Peak Day
2024-01-26,Friday,1,2024,None,1198685.0,-0.41,Routine Mid-Peak Day
2024-03-26,Tuesday,3,2024,None,1198140.0,-0.41,Routine Mid-Peak Day
2022-10-30,Sunday,10,2022,None,1198056.0,-0.41,Routine Mid-Peak Day
2024-01-25,Thursday,1,2024,None,1198011.0,-0.41,Routine Mid-Peak Day
2022-08-22,Monday,8,2022,None,1197919.0,-0.41,Routine Mid-Peak Day
2023-04-19,Wednesday,4,2023,None,1197615.0,-0.41,Routine Mid-Peak Day
2024-12-17,Tuesday,12,2024,None,1197501.0,-0.41,Routine Mid-Peak Day
2022-07-27,Wednesday,7,2022,None,1196060.0,-0.42,Routine Mid-Peak Day
2022-11-26,Saturday,11,2022,None,1196047.0,-0.42,Routine Mid-Peak Day
2023-11-08,Wednesday,11,2023,None,1195853.0,-0.42,Routine Mid-Peak Day
2022-10-28,Friday,10,2022,None,1195784.0,-0.42,Routine Mid-Peak Day
2024-12-14,Saturday,12,2024,None,1195623.0,-0.42,Routine Mid-Peak Day
2022-05-08,Sunday,5,2022,None,1195297.0,-0.42,Routine Mid-Peak Day
2024-04-09,Tuesday,4,2024,None,1195025.0,-0.43,Routine Mid-Peak Day
2025-04-12,Saturday,4,2025,None,1194955.0,-0.43,Routine Mid-Peak Day
2024-03-06,Wednesday,3,2024,None,1193858.0,-0.43,Routine Mid-Peak Day
2025-04-22,Tuesday,4,2025,None,1193768.0,-0.43,Routine Mid-Peak Day
2025-09-27,Saturday,9,2025,None,1193716.0,-0.43,Routine Mid-Peak Day
2023-09-20,Wednesday,9,2023,None,1193567.0,-0.43,Routine Mid-Peak Day
2022-09-12,Monday,9,2022,None,1193396.0,-0.43,Routine Mid-Peak Day
2022-12-09,Friday,12,2022,None,1193243.0,-0.43,Routine Mid-Peak Day
2023-11-30,Thursday,11,2023,None,1193147.0,-0.44,Routine Mid-Peak Day
2022-11-21,Monday,11,2022,None,1192779.0,-0.44,Routine Mid-Peak Day
2024-04-13,Saturday,4,2024,None,1192751.0,-0.44,Routine Mid-Peak Day
2023-03-03,Friday,3,2023,None,1192238.0,-0.44,Routine Mid-Peak Day
2025-04-05,Saturday,4,2025,None,1192196.0,-0.44,Routine Mid-Peak Day
2022-07-02,Saturday,7,2022,None,1191394.0,-0.44,Routine Mid-Peak Day
2024-08-24,Saturday,8,2024,None,1190934.0,-0.45,Routine Mid-Peak Day
2024-02-11,Sunday,2,2024,None,1190573.0,-0.45,Routine Mid-Peak Day
2023-10-04,Wednesday,10,2023,None,1190400.0,-0.45,Routine Mid-Peak Day
2025-02-07,Friday,2,2025,None,1189270.0,-0.46,Routine Mid-Peak Day
2025-02-18,Tuesday,2,2025,None,1189183.0,-0.46,Routine Mid-Peak Day
2023-06-03,Saturday,6,2023,None,1189100.0,-0.46,Routine Mid-Peak Day
2022-11-07,Monday,11,2022,None,1189058.0,-0.46,Routine Mid-Peak Day
2024-10-22,Tuesday,10,2024,None,1188868.0,-0.46,Routine Mid-Peak Day
2023-03-29,Wednesday,3,2023,None,1188437.0,-0.46,Routine Mid-Peak Day
2022-07-04,Monday,7,2022,Independence Day,1188078.0,-0.46,Routine Mid-Peak Day
2022-06-07,Tuesday,6,2022,None,1188076.0,-0.46,Routine Mid-Peak Day
2024-03-12,Tuesday,3,2024,None,1187773.0,-0.46,Routine Mid-Peak Day
2023-08-23,Wednesday,8,2023,None,1187301.0,-0.47,Routine Mid-Peak Day
2022-05-24,Tuesday,5,2022,None,1187254.0,-0.47,Routine Mid-Peak Day
2024-01-08,Monday,1,2024,None,1187241.0,-0.47,Routine Mid-Peak Day
2023-01-12,Thursday,1,2023,None,1186748.0,-0.47,Routine Mid-Peak Day
2025-05-17,Saturday,5,2025,None,1185969.0,-0.47,Routine Mid-Peak Day
2024-12-11,Wednesday,12,2024,None,1185892.0,-0.47,Routine Mid-Peak Day
2022-12-08,Thursday,12,2022,None,1185385.0,-0.48,Routine Mid-Peak Day
2025-01-24,Friday,1,2025,None,1185200.0,-0.48,Routine Mid-Peak Day
2023-01-03,Tuesday,1,2023,None,1184916.0,-0.48,Routine Mid-Peak Day
2024-01-06,Saturday,1,2024,None,1184537.0,-0.48,Routine Mid-Peak Day
2023-03-18,Saturday,3,2023,None,1183469.0,-0.49,Routine Mid-Peak Day
2025-12-31,Wednesday,12,2025,None,1183168.0,-0.49,Routine Mid-Peak Day
2024-10-02,Wednesday,10,2024,None,1182904.0,-0.49,Routine Mid-Peak Day
2024-10-30,Wednesday,10,2024,None,1182539.0,-0.49,Routine Mid-Peak Day
2023-02-05,Sunday,2,2023,None,1182458.0,-0.49,Routine Mid-Peak Day
2022-07-20,Wednesday,7,2022,None,1182396.0,-0.49,Routine Mid-Peak Day
2023-04-26,Wednesday,4,2023,None,1181904.0,-0.49,Routine Mid-Peak Day
2022-06-02,Thursday,6,2022,None,1181882.0,-0.49,Routine Mid-Peak Day
2025-03-18,Tuesday,3,2025,None,1181592.0,-0.5,Routine Mid-Peak Day
2024-02-17,Saturday,2,2024,None,1180852.0,-0.5,Routine Mid-Peak Day
2024-10-31,Thursday,10,2024,None,1179914.0,-0.5,Routine Mid-Peak Day
2024-02-02,Friday,2,2024,None,1179049.0,-0.51,Routine Mid-Peak Day
2022-05-09,Monday,5,2022,None,1178847.0,-0.51,Routine Mid-Peak Day
2023-02-27,Monday,2,2023,None,1178626.0,-0.51,Routine Mid-Peak Day
2022-11-19,Saturday,11,2022,None,1177954.0,-0.51,Routine Mid-Peak Day
2024-08-31,Saturday,8,2024,None,1177841.0,-0.52,Routine Mid-Peak Day
2023-11-28,Tuesday,11,2023,None,1177375.0,-0.52,Routine Mid-Peak Day
2022-06-22,Wednesday,6,2022,None,1176798.0,-0.52,Routine Mid-Peak Day
2024-03-19,Tuesday,3,2024,None,1176420.0,-0.52,Routine Mid-Peak Day
2023-03-22,Wednesday,3,2023,None,1175486.0,-0.53,Routine Mid-Peak Day
2022-12-12,Monday,12,2022,None,1173795.0,-0.54,Routine Mid-Peak Day
2025-09-30,Tuesday,9,2025,None,1173673.0,-0.54,Routine Mid-Peak Day
2022-08-15,Monday,8,2022,None,1173396.0,-0.54,Routine Mid-Peak Day
2025-04-26,Saturday,4,2025,None,1173238.0,-0.54,Routine Mid-Peak Day
2022-05-17,Tuesday,5,2022,None,1172158.0,-0.54,Routine Mid-Peak Day
2024-04-30,Tuesday,4,2024,None,1171905.0,-0.55,Routine Mid-Peak Day
2023-05-16,Tuesday,5,2023,None,1171439.0,-0.55,Routine Mid-Peak Day
2022-06-28,Tuesday,6,2022,None,1170895.0,-0.55,Routine Mid-Peak Day
2023-05-03,Wednesday,5,2023,None,1170853.0,-0.55,Routine Mid-Peak Day
2025-01-30,Thursday,1,2025,None,1170459.0,-0.55,Routine Mid-Peak Day
2024-04-23,Tuesday,4,2024,None,1170359.0,-0.55,Routine Mid-Peak Day
2025-02-09,Sunday,2,2025,None,1170308.0,-0.55,Routine Mid-Peak Day
2025-12-09,Tuesday,12,2025,None,1170254.0,-0.55,Routine Mid-Peak Day
2022-07-13,Wednesday,7,2022,None,1170026.0,-0.56,Routine Mid-Peak Day
2024-04-27,Saturday,4,2024,None,1169595.0,-0.56,Routine Mid-Peak Day
2022-06-21,Tuesday,6,2022,None,1168714.0,-0.56,Routine Mid-Peak Day
2024-04-16,Tuesday,4,2024,None,1168384.0,-0.56,Routine Mid-Peak Day
2023-01-29,Sunday,1,2023,None,1167571.0,-0.57,Routine Mid-Peak Day
2023-10-07,Saturday,10,2023,None,1166930.0,-0.57,Routine Mid-Peak Day
2023-04-12,Wednesday,4,2023,None,1166446.0,-0.57,Routine Mid-Peak Day
2025-09-16,Tuesday,9,2025,None,1165433.0,-0.58,Routine Mid-Peak Day
2023-12-13,Wednesday,12,2023,None,1164253.0,-0.59,Routine Mid-Peak Day
2025-11-01,Saturday,11,2025,None,1163202.0,-0.59,Routine Mid-Peak Day
2023-09-27,Wednesday,9,2023,None,1162860.0,-0.59,Routine Mid-Peak Day
2025-12-06,Saturday,12,2025,None,1162233.0,-0.6,Routine Mid-Peak Day
2022-08-26,Friday,8,2022,None,1161865.0,-0.6,Routine Mid-Peak Day
2023-11-01,Wednesday,11,2023,None,1161532.0,-0.6,Routine Mid-Peak Day
2024-05-04,Saturday,5,2024,None,1160092.0,-0.61,Routine Mid-Peak Day
2022-06-15,Wednesday,6,2022,None,1159818.0,-0.61,Routine Mid-Peak Day
2022-12-05,Monday,12,2022,None,1158351.0,-0.62,Routine Mid-Peak Day
2022-07-09,Saturday,7,2022,None,1158272.0,-0.62,Routine Mid-Peak Day
2023-02-10,Friday,2,2023,None,1157812.0,-0.62,Routine Mid-Peak Day
2025-09-13,Saturday,9,2025,None,1157780.0,-0.62,Routine Mid-Peak Day
2023-10-24,Tuesday,10,2023,None,1157583.0,-0.62,Routine Mid-Peak Day
2023-11-24,Friday,11,2023,None,1157546.0,-0.62,Routine Mid-Peak Day
2025-01-31,Friday,1,2025,None,1157231.0,-0.62,Routine Mid-Peak Day
2023-10-21,Saturday,10,2023,None,1156700.0,-0.62,Routine Mid-Peak Day
2024-02-05,Monday,2,2024,None,1156108.0,-0.63,Routine Mid-Peak Day
2024-02-01,Thursday,2,2024,None,1156070.0,-0.63,Routine Mid-Peak Day
2025-02-15,Saturday,2,2025,None,1155765.0,-0.63,Routine Mid-Peak Day
2022-05-28,Saturday,5,2022,None,1155516.0,-0.63,Routine Mid-Peak Day
2022-11-10,Thursday,11,2022,None,1155308.0,-0.63,Routine Mid-Peak Day
2024-03-02,Saturday,3,2024,None,1155219.0,-0.63,Routine Mid-Peak Day
2022-07-19,Tuesday,7,2022,None,1153747.0,-0.64,Routine Mid-Peak Day
2024-02-21,Wednesday,2,2024,None,1153689.0,-0.64,Routine Mid-Peak Day
2023-04-11,Tuesday,4,2023,None,1152921.0,-0.64,Routine Mid-Peak Day
2025-02-06,Thursday,2,2025,None,1152274.0,-0.65,Routine Mid-Peak Day
2024-02-28,Wednesday,2,2024,None,1152173.0,-0.65,Routine Mid-Peak Day
2022-07-26,Tuesday,7,2022,None,1152003.0,-0.65,Routine Mid-Peak Day
2025-04-19,Saturday,4,2025,None,1151847.0,-0.65,Routine Mid-Peak Day
2023-09-13,Wednesday,9,2023,None,1151288.0,-0.65,Routine Mid-Peak Day
2022-12-23,Friday,12,2022,None,1150218.0,-0.66,Routine Mid-Peak Day
2022-06-14,Tuesday,6,2022,None,1150127.0,-0.66,Routine Mid-Peak Day
2022-06-25,Saturday,6,2022,None,1150062.0,-0.66,Routine Mid-Peak Day
2024-01-14,Sunday,1,2024,None,1150061.0,-0.66,Routine Mid-Peak Day
2023-08-22,Tuesday,8,2023,None,1149692.0,-0.66,Routine Mid-Peak Day
2023-09-30,Saturday,9,2023,None,1149340.0,-0.66,Routine Mid-Peak Day
2022-11-11,Friday,11,2022,Veterans Day,1149053.0,-0.66,Routine Mid-Peak Day
2023-02-12,Sunday,2,2023,None,1148779.0,-0.67,Routine Mid-Peak Day
2023-04-04,Tuesday,4,2023,None,1148356.0,-0.67,Routine Mid-Peak Day
2023-01-22,Sunday,1,2023,None,1147682.0,-0.67,Routine Mid-Peak Day
2023-03-25,Saturday,3,2023,None,1147403.0,-0.67,Routine Mid-Peak Day
2022-07-23,Saturday,7,2022,None,1146717.0,-0.68,Routine Mid-Peak Day
2024-11-20,Wednesday,11,2024,None,1146217.0,-0.68,Routine Mid-Peak Day
2025-08-26,Tuesday,8,2025,None,1145904.0,-0.68,Routine Mid-Peak Day
2023-09-02,Saturday,9,2023,None,1145802.0,-0.68,Routine Mid-Peak Day
2022-07-30,Saturday,7,2022,None,1145689.0,-0.68,Routine Mid-Peak Day
2023-02-21,Tuesday,2,2023,None,1145670.0,-0.68,Routine Mid-Peak Day
2022-05-21,Saturday,5,2022,None,1145320.0,-0.68,Routine Mid-Peak Day
2025-01-23,Thursday,1,2025,None,1143795.0,-0.69,Routine Mid-Peak Day
2022-12-17,Saturday,12,2022,None,1143022.0,-0.7,Routine Mid-Peak Day
2023-03-08,Wednesday,3,2023,None,1142881.0,-0.7,Routine Mid-Peak Day
2025-10-04,Saturday,10,2025,None,1142548.0,-0.7,Routine Mid-Peak Day
2024-12-04,Wednesday,12,2024,None,1142207.0,-0.7,Routine Mid-Peak Day
2023-08-26,Saturday,8,2023,None,1142146.0,-0.7,Routine Mid-Peak Day
2022-07-16,Saturday,7,2022,None,1141375.0,-0.7,Routine Mid-Peak Day
2023-04-15,Saturday,4,2023,None,1140671.0,-0.71,Routine Mid-Peak Day
2022-09-09,Friday,9,2022,None,1140301.0,-0.71,Routine Mid-Peak Day
2024-09-21,Saturday,9,2024,None,1140239.0,-0.71,Routine Mid-Peak Day
2023-07-04,Tuesday,7,2023,Independence Day,1140025.0,-0.71,Routine Mid-Peak Day
2023-09-03,Sunday,9,2023,None,1139865.0,-0.71,Routine Mid-Peak Day
2025-04-01,Tuesday,4,2025,None,1137907.0,-0.72,Routine Mid-Peak Day
2023-02-09,Thursday,2,2023,None,1137384.0,-0.73,Routine Mid-Peak Day
2023-04-08,Saturday,4,2023,None,1137341.0,-0.73,Routine Mid-Peak Day
2025-04-02,Wednesday,4,2025,None,1136847.0,-0.73,Routine Mid-Peak Day
2022-05-31,Tuesday,5,2022,None,1136259.0,-0.73,Routine Mid-Peak Day
2024-11-06,Wednesday,11,2024,None,1136106.0,-0.73,Routine Mid-Peak Day
2024-02-24,Saturday,2,2024,None,1135998.0,-0.73,Routine Mid-Peak Day
2022-08-06,Saturday,8,2022,None,1135420.0,-0.74,Routine Mid-Peak Day
2022-09-30,Friday,9,2022,None,1135168.0,-0.74,Routine Mid-Peak Day
2024-11-13,Wednesday,11,2024,None,1134429.0,-0.74,Routine Mid-Peak Day
2024-09-28,Saturday,9,2024,None,1134286.0,-0.74,Routine Mid-Peak Day
2022-10-19,Wednesday,10,2022,None,1133943.0,-0.74,Routine Mid-Peak Day
2024-11-09,Saturday,11,2024,None,1132590.0,-0.75,Routine Mid-Peak Day
2025-09-03,Wednesday,9,2025,None,1132444.0,-0.75,Routine Mid-Peak Day
2022-10-12,Wednesday,10,2022,None,1132182.0,-0.75,Routine Mid-Peak Day
2025-03-01,Saturday,3,2025,None,1132060.0,-0.75,Routine Mid-Peak Day
2025-03-05,Wednesday,3,2025,None,1131211.0,-0.76,Routine Mid-Peak Day
2022-05-29,Sunday,5,2022,None,1130401.0,-0.76,Routine Mid-Peak Day
2022-08-03,Wednesday,8,2022,None,1129726.0,-0.77,Routine Mid-Peak Day
2025-09-23,Tuesday,9,2025,None,1129445.0,-0.77,Routine Mid-Peak Day
2022-08-10,Wednesday,8,2022,None,1129341.0,-0.77,Routine Mid-Peak Day
2022-10-03,Monday,10,2022,None,1129146.0,-0.77,Routine Mid-Peak Day
2025-02-22,Saturday,2,2025,None,1129044.0,-0.77,Routine Mid-Peak Day
2024-11-12,Tuesday,11,2024,None,1128984.0,-0.77,Routine Mid-Peak Day
2024-12-24,Tuesday,12,2024,None,1128415.0,-0.77,Routine Mid-Peak Day
2023-09-23,Saturday,9,2023,None,1128273.0,-0.77,Routine Mid-Peak Day
2025-05-13,Tuesday,5,2025,None,1127439.0,-0.78,Routine Mid-Peak Day
2024-12-31,Tuesday,12,2024,None,1125790.0,-0.79,Routine Mid-Peak Day
2025-04-15,Tuesday,4,2025,None,1125760.0,-0.79,Routine Mid-Peak Day
2022-12-02,Friday,12,2022,None,1125656.0,-0.79,Routine Mid-Peak Day
2024-09-24,Tuesday,9,2024,None,1125228.0,-0.79,Routine Mid-Peak Day
2024-09-17,Tuesday,9,2024,None,1123807.0,-0.8,Routine Mid-Peak Day
2023-11-04,Saturday,11,2023,None,1123723.0,-0.8,Routine Mid-Peak Day
2023-05-09,Tuesday,5,2023,None,1123592.0,-0.8,Routine Mid-Peak Day
2022-10-11,Tuesday,10,2022,None,1122961.0,-0.8,Routine Mid-Peak Day
2024-10-09,Wednesday,10,2024,None,1122477.0,-0.8,Routine Mid-Peak Day
2022-08-29,Monday,8,2022,None,1122295.0,-0.8,Routine Mid-Peak Day
2022-05-06,Friday,5,2022,None,1122102.0,-0.8,Routine Mid-Peak Day
2025-01-19,Sunday,1,2025,None,1122057.0,-0.8,Routine Mid-Peak Day
2024-10-08,Tuesday,10,2024,None,1122040.0,-0.8,Routine Mid-Peak Day
2024-12-07,Saturday,12,2024,None,1120581.0,-0.81,Routine Mid-Peak Day
2025-05-10,Saturday,5,2025,None,1119065.0,-0.82,Routine Mid-Peak Day
2024-12-10,Tuesday,12,2024,None,1117777.0,-0.83,Routine Mid-Peak Day
2024-12-25,Wednesday,12,2024,Christmas Day,1117285.0,-0.83,Routine Mid-Peak Day
2025-05-06,Tuesday,5,2025,None,1116392.0,-0.83,Routine Mid-Peak Day
2024-01-29,Monday,1,2024,None,1116102.0,-0.84,Routine Mid-Peak Day
2025-10-28,Tuesday,10,2025,None,1116021.0,-0.84,Routine Mid-Peak Day
2024-10-26,Saturday,10,2024,None,1115710.0,-0.84,Routine Mid-Peak Day
2023-01-26,Thursday,1,2023,None,1115665.0,-0.84,Routine Mid-Peak Day
2023-09-26,Tuesday,9,2023,None,1115604.0,-0.84,Routine Mid-Peak Day
2023-02-13,Monday,2,2023,None,1115515.0,-0.84,Routine Mid-Peak Day
2024-01-18,Thursday,1,2024,None,1115184.0,-0.84,Routine Mid-Peak Day
2023-12-25,Monday,12,2023,Christmas Day,1113783.0,-0.85,Routine Mid-Peak Day
2024-10-01,Tuesday,10,2024,None,1113475.0,-0.85,Routine Mid-Peak Day
2022-07-12,Tuesday,7,2022,None,1113371.0,-0.85,Routine Mid-Peak Day
2023-11-14,Tuesday,11,2023,None,1112807.0,-0.85,Routine Mid-Peak Day
2023-01-15,Sunday,1,2023,None,1112454.0,-0.85,Routine Mid-Peak Day
2023-01-01,Sunday,1,2023,New Year's Day,1112390.0,-0.86,Routine Mid-Peak Day
2025-02-19,Wednesday,2,2025,None,1111781.0,-0.86,Routine Mid-Peak Day
2023-04-18,Tuesday,4,2023,None,1111517.0,-0.86,Routine Mid-Peak Day
2022-12-01,Thursday,12,2022,None,1111221.0,-0.86,Routine Mid-Peak Day
2023-12-31,Sunday,12,2023,None,1110766.0,-0.86,Routine Mid-Peak Day
2022-08-09,Tuesday,8,2022,None,1110719.0,-0.86,Routine Mid-Peak Day
2025-11-11,Tuesday,11,2025,Veterans Day,1110690.0,-0.86,Routine Mid-Peak Day
2022-09-06,Tuesday,9,2022,None,1110531.0,-0.86,Routine Mid-Peak Day
2023-05-13,Saturday,5,2023,None,1110305.0,-0.87,Routine Mid-Peak Day
2025-04-08,Tuesday,4,2025,None,1110292.0,-0.87,Routine Mid-Peak Day
2022-08-02,Tuesday,8,2022,None,1110055.0,-0.87,Routine Mid-Peak Day
2024-08-27,Tuesday,8,2024,None,1109587.0,-0.87,Routine Mid-Peak Day
2023-02-03,Friday,2,2023,None,1109074.0,-0.87,Routine Mid-Peak Day
2025-02-26,Wednesday,2,2025,None,1108654.0,-0.87,Routine Mid-Peak Day
2022-08-17,Wednesday,8,2022,None,1107698.0,-0.88,Routine Mid-Peak Day
2023-03-01,Wednesday,3,2023,None,1107221.0,-0.88,Routine Mid-Peak Day
2024-09-14,Saturday,9,2024,None,1107054.0,-0.88,Routine Mid-Peak Day
2023-04-22,Saturday,4,2023,None,1106569.0,-0.89,Routine Mid-Peak Day
2024-01-19,Friday,1,2024,None,1106491.0,-0.89,Routine Mid-Peak Day
2025-03-25,Tuesday,3,2025,None,1106394.0,-0.89,Routine Mid-Peak Day
2022-09-08,Thursday,9,2022,None,1105987.0,-0.89,Routine Mid-Peak Day
2023-11-07,Tuesday,11,2023,None,1104629.0,-0.9,Routine Mid-Peak Day
2025-02-03,Monday,2,2025,None,1103604.0,-0.9,Routine Mid-Peak Day
2023-03-04,Saturday,3,2023,None,1103300.0,-0.9,Routine Mid-Peak Day
2024-02-14,Wednesday,2,2024,None,1102922.0,-0.9,Routine Mid-Peak Day
2023-03-28,Tuesday,3,2023,None,1102229.0,-0.91,Routine Mid-Peak Day
2025-09-09,Tuesday,9,2025,None,1101795.0,-0.91,Routine Mid-Peak Day
2023-08-30,Wednesday,8,2023,None,1101388.0,-0.91,Routine Mid-Peak Day
2023-01-27,Friday,1,2023,None,1101197.0,-0.91,Routine Mid-Peak Day
2024-01-22,Monday,1,2024,None,1100808.0,-0.92,Routine Mid-Peak Day
2022-11-16,Wednesday,11,2022,None,1100574.0,-0.92,Routine Mid-Peak Day
2023-01-05,Thursday,1,2023,None,1099958.0,-0.92,Routine Mid-Peak Day
2025-01-13,Monday,1,2025,None,1099924.0,-0.92,Routine Mid-Peak Day
2025-09-06,Saturday,9,2025,None,1099851.0,-0.92,Routine Mid-Peak Day
2023-03-14,Tuesday,3,2023,None,1099657.0,-0.92,Routine Mid-Peak Day
2024-10-05,Saturday,10,2024,None,1098977.0,-0.92,Routine Mid-Peak Day
2023-10-28,Saturday,10,2023,None,1098732.0,-0.93,Routine Mid-Peak Day
2023-04-29,Saturday,4,2023,None,1098674.0,-0.93,Routine Mid-Peak Day
2022-10-26,Wednesday,10,2022,None,1098599.0,-0.93,Routine Mid-Peak Day
2023-02-25,Saturday,2,2023,None,1097988.0,-0.93,Routine Mid-Peak Day
2024-09-11,Wednesday,9,2024,None,1096363.0,-0.94,Routine Mid-Peak Day
2023-02-15,Wednesday,2,2023,None,1096277.0,-0.94,Routine Mid-Peak Day
2023-03-21,Tuesday,3,2023,None,1095619.0,-0.94,Routine Mid-Peak Day
2023-05-06,Saturday,5,2023,None,1095297.0,-0.94,Routine Mid-Peak Day
2023-12-06,Wednesday,12,2023,None,1095089.0,-0.95,Routine Mid-Peak Day
2025-04-29,Tuesday,4,2025,None,1094921.0,-0.95,Routine Mid-Peak Day
2025-01-27,Monday,1,2025,None,1094639.0,-0.95,Routine Mid-Peak Day
2022-08-31,Wednesday,8,2022,None,1093959.0,-0.95,Routine Mid-Peak Day
2023-12-09,Saturday,12,2023,None,1093883.0,-0.95,Routine Mid-Peak Day
2022-10-15,Saturday,10,2022,None,1093674.0,-0.95,Routine Mid-Peak Day
2022-12-14,Wednesday,12,2022,None,1093529.0,-0.95,Routine Mid-Peak Day
2023-12-24,Sunday,12,2023,None,1093014.0,-0.96,Routine Mid-Peak Day
2023-01-20,Friday,1,2023,None,1092630.0,-0.96,Routine Mid-Peak Day
2022-09-29,Thursday,9,2022,None,1092496.0,-0.96,Routine Mid-Peak Day
2025-05-03,Saturday,5,2025,None,1090811.0,-0.97,Routine Mid-Peak Day
2022-10-18,Tuesday,10,2022,None,1089067.0,-0.98,Routine Mid-Peak Day
2022-08-16,Tuesday,8,2022,None,1088355.0,-0.98,Routine Mid-Peak Day
2023-01-04,Wednesday,1,2023,None,1087963.0,-0.98,Routine Mid-Peak Day
2023-05-02,Tuesday,5,2023,None,1087806.0,-0.98,Routine Mid-Peak Day
2023-09-12,Tuesday,9,2023,None,1086286.0,-0.99,Routine Mid-Peak Day
2022-09-21,Wednesday,9,2022,None,1084644.0,-1.0,Routine Mid-Peak Day
2025-11-12,Wednesday,11,2025,None,1084386.0,-1.0,Low Off-Peak Travel Day (-1 Sigma)
2023-01-09,Monday,1,2023,None,1083949.0,-1.0,Low Off-Peak Travel Day (-1 Sigma)
2023-09-16,Saturday,9,2023,None,1083678.0,-1.0,Low Off-Peak Travel Day (-1 Sigma)
2023-04-25,Tuesday,4,2023,None,1083247.0,-1.01,Low Off-Peak Travel Day (-1 Sigma)
2022-10-08,Saturday,10,2022,None,1082921.0,-1.01,Low Off-Peak Travel Day (-1 Sigma)
2022-08-24,Wednesday,8,2022,None,1082677.0,-1.01,Low Off-Peak Travel Day (-1 Sigma)
2022-05-11,Wednesday,5,2022,None,1081975.0,-1.01,Low Off-Peak Travel Day (-1 Sigma)
2023-12-12,Tuesday,12,2023,None,1080897.0,-1.02,Low Off-Peak Travel Day (-1 Sigma)
2023-02-18,Saturday,2,2023,None,1080628.0,-1.02,Low Off-Peak Travel Day (-1 Sigma)
2023-02-06,Monday,2,2023,None,1080524.0,-1.02,Low Off-Peak Travel Day (-1 Sigma)
2023-01-06,Friday,1,2023,None,1079261.0,-1.03,Low Off-Peak Travel Day (-1 Sigma)
2025-01-09,Thursday,1,2025,None,1078761.0,-1.03,Low Off-Peak Travel Day (-1 Sigma)
2023-09-19,Tuesday,9,2023,None,1077839.0,-1.03,Low Off-Peak Travel Day (-1 Sigma)
2024-03-05,Tuesday,3,2024,None,1077712.0,-1.04,Low Off-Peak Travel Day (-1 Sigma)
2023-10-03,Tuesday,10,2023,None,1074540.0,-1.05,Low Off-Peak Travel Day (-1 Sigma)
2025-02-12,Wednesday,2,2025,None,1073969.0,-1.05,Low Off-Peak Travel Day (-1 Sigma)
2023-02-02,Thursday,2,2023,None,1073644.0,-1.06,Low Off-Peak Travel Day (-1 Sigma)
2022-06-01,Wednesday,6,2022,None,1073307.0,-1.06,Low Off-Peak Travel Day (-1 Sigma)
2024-11-16,Saturday,11,2024,None,1073277.0,-1.06,Low Off-Peak Travel Day (-1 Sigma)
2025-11-18,Tuesday,11,2025,None,1072337.0,-1.06,Low Off-Peak Travel Day (-1 Sigma)
2022-10-22,Saturday,10,2022,None,1071930.0,-1.07,Low Off-Peak Travel Day (-1 Sigma)
2023-01-19,Thursday,1,2023,None,1071071.0,-1.07,Low Off-Peak Travel Day (-1 Sigma)
2022-10-25,Tuesday,10,2022,None,1070776.0,-1.07,Low Off-Peak Travel Day (-1 Sigma)
2024-09-04,Wednesday,9,2024,None,1070273.0,-1.07,Low Off-Peak Travel Day (-1 Sigma)
2023-11-11,Saturday,11,2023,Veterans Day,1070163.0,-1.07,Low Off-Peak Travel Day (-1 Sigma)
2022-08-13,Saturday,8,2022,None,1069879.0,-1.08,Low Off-Peak Travel Day (-1 Sigma)
2024-10-29,Tuesday,10,2024,None,1069585.0,-1.08,Low Off-Peak Travel Day (-1 Sigma)
2025-11-15,Saturday,11,2025,None,1068681.0,-1.08,Low Off-Peak Travel Day (-1 Sigma)
2022-10-05,Wednesday,10,2022,None,1068015.0,-1.09,Low Off-Peak Travel Day (-1 Sigma)
2022-08-23,Tuesday,8,2022,None,1067870.0,-1.09,Low Off-Peak Travel Day (-1 Sigma)
2024-11-02,Saturday,11,2024,None,1066124.0,-1.1,Low Off-Peak Travel Day (-1 Sigma)
2025-03-11,Tuesday,3,2025,None,1065285.0,-1.1,Low Off-Peak Travel Day (-1 Sigma)
2022-08-20,Saturday,8,2022,None,1064166.0,-1.11,Low Off-Peak Travel Day (-1 Sigma)
2023-02-22,Wednesday,2,2023,None,1062731.0,-1.11,Low Off-Peak Travel Day (-1 Sigma)
2022-11-01,Tuesday,11,2022,None,1062666.0,-1.11,Low Off-Peak Travel Day (-1 Sigma)
2024-11-05,Tuesday,11,2024,None,1062491.0,-1.11,Low Off-Peak Travel Day (-1 Sigma)
2024-01-10,Wednesday,1,2024,None,1062405.0,-1.11,Low Off-Peak Travel Day (-1 Sigma)
2024-09-07,Saturday,9,2024,None,1062171.0,-1.12,Low Off-Peak Travel Day (-1 Sigma)
2024-09-10,Tuesday,9,2024,None,1060973.0,-1.12,Low Off-Peak Travel Day (-1 Sigma)
2023-09-06,Wednesday,9,2023,None,1060840.0,-1.12,Low Off-Peak Travel Day (-1 Sigma)
2022-09-14,Wednesday,9,2022,None,1060760.0,-1.12,Low Off-Peak Travel Day (-1 Sigma)
2025-01-10,Friday,1,2025,None,1060675.0,-1.12,Low Off-Peak Travel Day (-1 Sigma)
2023-01-07,Saturday,1,2023,None,1059316.0,-1.13,Low Off-Peak Travel Day (-1 Sigma)
2022-05-14,Saturday,5,2022,None,1057057.0,-1.14,Low Off-Peak Travel Day (-1 Sigma)
2022-06-04,Saturday,6,2022,None,1055551.0,-1.15,Low Off-Peak Travel Day (-1 Sigma)
2022-09-04,Sunday,9,2022,None,1054409.0,-1.16,Low Off-Peak Travel Day (-1 Sigma)
2022-11-05,Saturday,11,2022,None,1053492.0,-1.16,Low Off-Peak Travel Day (-1 Sigma)
2023-09-09,Saturday,9,2023,None,1051914.0,-1.17,Low Off-Peak Travel Day (-1 Sigma)
2022-11-25,Friday,11,2022,None,1051913.0,-1.17,Low Off-Peak Travel Day (-1 Sigma)
2022-11-12,Saturday,11,2022,None,1051482.0,-1.17,Low Off-Peak Travel Day (-1 Sigma)
2023-11-29,Wednesday,11,2023,None,1049294.0,-1.18,Low Off-Peak Travel Day (-1 Sigma)
2022-11-09,Wednesday,11,2022,None,1046931.0,-1.2,Low Off-Peak Travel Day (-1 Sigma)
2025-01-18,Saturday,1,2025,None,1044906.0,-1.21,Low Off-Peak Travel Day (-1 Sigma)
2022-09-24,Saturday,9,2022,None,1044022.0,-1.21,Low Off-Peak Travel Day (-1 Sigma)
2022-11-29,Tuesday,11,2022,None,1043779.0,-1.21,Low Off-Peak Travel Day (-1 Sigma)
2024-02-27,Tuesday,2,2024,None,1043174.0,-1.21,Low Off-Peak Travel Day (-1 Sigma)
2025-01-07,Tuesday,1,2025,None,1042992.0,-1.22,Low Off-Peak Travel Day (-1 Sigma)
2023-01-23,Monday,1,2023,None,1042675.0,-1.22,Low Off-Peak Travel Day (-1 Sigma)
2022-10-31,Monday,10,2022,None,1039187.0,-1.24,Low Off-Peak Travel Day (-1 Sigma)
2023-01-30,Monday,1,2023,None,1038149.0,-1.24,Low Off-Peak Travel Day (-1 Sigma)
2024-11-19,Tuesday,11,2024,None,1037984.0,-1.24,Low Off-Peak Travel Day (-1 Sigma)
2024-01-13,Saturday,1,2024,None,1036323.0,-1.25,Low Off-Peak Travel Day (-1 Sigma)
2024-01-16,Tuesday,1,2024,None,1036228.0,-1.25,Low Off-Peak Travel Day (-1 Sigma)
2022-11-08,Tuesday,11,2022,None,1034279.0,-1.26,Low Off-Peak Travel Day (-1 Sigma)
2025-01-11,Saturday,1,2025,None,1033590.0,-1.26,Low Off-Peak Travel Day (-1 Sigma)
2023-03-07,Tuesday,3,2023,None,1028617.0,-1.29,Low Off-Peak Travel Day (-1 Sigma)
2023-08-29,Tuesday,8,2023,None,1028531.0,-1.29,Low Off-Peak Travel Day (-1 Sigma)
2022-12-24,Saturday,12,2022,None,1025695.0,-1.31,Low Off-Peak Travel Day (-1 Sigma)
2022-12-07,Wednesday,12,2022,None,1024411.0,-1.31,Low Off-Peak Travel Day (-1 Sigma)
2022-09-03,Saturday,9,2022,None,1023517.0,-1.32,Low Off-Peak Travel Day (-1 Sigma)
2024-01-17,Wednesday,1,2024,None,1023055.0,-1.32,Low Off-Peak Travel Day (-1 Sigma)
2023-02-28,Tuesday,2,2023,None,1022598.0,-1.32,Low Off-Peak Travel Day (-1 Sigma)
2022-09-20,Tuesday,9,2022,None,1022037.0,-1.32,Low Off-Peak Travel Day (-1 Sigma)
2025-01-08,Wednesday,1,2025,None,1019038.0,-1.34,Low Off-Peak Travel Day (-1 Sigma)
2022-11-15,Tuesday,11,2022,None,1018737.0,-1.34,Low Off-Peak Travel Day (-1 Sigma)
2022-11-02,Wednesday,11,2022,None,1018084.0,-1.35,Low Off-Peak Travel Day (-1 Sigma)
2022-10-01,Saturday,10,2022,None,1016785.0,-1.35,Low Off-Peak Travel Day (-1 Sigma)
2022-12-25,Sunday,12,2022,Christmas Day,1014732.0,-1.36,Low Off-Peak Travel Day (-1 Sigma)
2022-11-30,Wednesday,11,2022,None,1011735.0,-1.38,Low Off-Peak Travel Day (-1 Sigma)
2022-12-10,Saturday,12,2022,None,1011478.0,-1.38,Low Off-Peak Travel Day (-1 Sigma)
2024-02-10,Saturday,2,2024,None,1011199.0,-1.38,Low Off-Peak Travel Day (-1 Sigma)
2022-05-10,Tuesday,5,2022,None,1009984.0,-1.39,Low Off-Peak Travel Day (-1 Sigma)
2024-02-07,Wednesday,2,2024,None,1009529.0,-1.39,Low Off-Peak Travel Day (-1 Sigma)
2023-12-05,Tuesday,12,2023,None,1007515.0,-1.4,Low Off-Peak Travel Day (-1 Sigma)
2025-02-25,Tuesday,2,2025,None,1002408.0,-1.43,Low Off-Peak Travel Day (-1 Sigma)
2025-01-15,Wednesday,1,2025,None,999597.0,-1.44,Low Off-Peak Travel Day (-1 Sigma)
2022-09-27,Tuesday,9,2022,None,998299.0,-1.45,Low Off-Peak Travel Day (-1 Sigma)
2022-12-13,Tuesday,12,2022,None,995148.0,-1.46,Low Off-Peak Travel Day (-1 Sigma)
2024-01-09,Tuesday,1,2024,None,994947.0,-1.47,Low Off-Peak Travel Day (-1 Sigma)
2022-12-31,Saturday,12,2022,None,991783.0,-1.48,Low Off-Peak Travel Day (-1 Sigma)
2022-10-29,Saturday,10,2022,None,989615.0,-1.49,Low Off-Peak Travel Day (-1 Sigma)
2023-01-17,Tuesday,1,2023,None,989060.0,-1.5,Low Off-Peak Travel Day (-1 Sigma)
2023-01-14,Saturday,1,2023,None,988328.0,-1.5,Low Off-Peak Travel Day (-1 Sigma)
2025-03-04,Tuesday,3,2025,None,986589.0,-1.51,Low Off-Peak Travel Day (-1 Sigma)
2022-09-17,Saturday,9,2022,None,984437.0,-1.52,Low Off-Peak Travel Day (-1 Sigma)
2022-09-07,Wednesday,9,2022,None,984105.0,-1.52,Low Off-Peak Travel Day (-1 Sigma)
2022-10-04,Tuesday,10,2022,None,980455.0,-1.54,Low Off-Peak Travel Day (-1 Sigma)
2022-08-27,Saturday,8,2022,None,978796.0,-1.55,Low Off-Peak Travel Day (-1 Sigma)
2022-09-13,Tuesday,9,2022,None,978687.0,-1.55,Low Off-Peak Travel Day (-1 Sigma)
2024-01-24,Wednesday,1,2024,None,977193.0,-1.56,Low Off-Peak Travel Day (-1 Sigma)
2024-01-31,Wednesday,1,2024,None,977076.0,-1.56,Low Off-Peak Travel Day (-1 Sigma)
2022-09-10,Saturday,9,2022,None,974740.0,-1.57,Low Off-Peak Travel Day (-1 Sigma)
2022-08-30,Tuesday,8,2022,None,972188.0,-1.58,Low Off-Peak Travel Day (-1 Sigma)
2023-02-11,Saturday,2,2023,None,970839.0,-1.59,Low Off-Peak Travel Day (-1 Sigma)
2024-01-27,Saturday,1,2024,None,968746.0,-1.6,Low Off-Peak Travel Day (-1 Sigma)
2025-02-08,Saturday,2,2025,None,965942.0,-1.62,Low Off-Peak Travel Day (-1 Sigma)
2025-02-05,Wednesday,2,2025,None,965216.0,-1.62,Low Off-Peak Travel Day (-1 Sigma)
2023-02-08,Wednesday,2,2023,None,965007.0,-1.62,Low Off-Peak Travel Day (-1 Sigma)
2025-01-21,Tuesday,1,2025,None,962762.0,-1.63,Low Off-Peak Travel Day (-1 Sigma)
2025-01-25,Saturday,1,2025,None,960300.0,-1.65,Low Off-Peak Travel Day (-1 Sigma)
2024-02-13,Tuesday,2,2024,None,958248.0,-1.66,Low Off-Peak Travel Day (-1 Sigma)
2024-01-20,Saturday,1,2024,None,958242.0,-1.66,Low Off-Peak Travel Day (-1 Sigma)
2025-01-29,Wednesday,1,2025,None,957131.0,-1.66,Low Off-Peak Travel Day (-1 Sigma)
2022-12-06,Tuesday,12,2022,None,955798.0,-1.67,Low Off-Peak Travel Day (-1 Sigma)
2022-12-03,Saturday,12,2022,None,954825.0,-1.67,Low Off-Peak Travel Day (-1 Sigma)
2023-12-02,Saturday,12,2023,None,953006.0,-1.68,Low Off-Peak Travel Day (-1 Sigma)
2025-02-01,Saturday,2,2025,None,952430.0,-1.69,Low Off-Peak Travel Day (-1 Sigma)
2024-02-03,Saturday,2,2024,None,946964.0,-1.71,Low Off-Peak Travel Day (-1 Sigma)
2023-01-11,Wednesday,1,2023,None,944025.0,-1.73,Low Off-Peak Travel Day (-1 Sigma)
2025-02-11,Tuesday,2,2025,None,931114.0,-1.8,Low Off-Peak Travel Day (-1 Sigma)
2025-11-27,Thursday,11,2025,Thanksgiving Day,931045.0,-1.8,Low Off-Peak Travel Day (-1 Sigma)
2023-01-10,Tuesday,1,2023,None,927167.0,-1.82,Low Off-Peak Travel Day (-1 Sigma)
2025-01-22,Wednesday,1,2025,None,926452.0,-1.82,Low Off-Peak Travel Day (-1 Sigma)
2023-10-31,Tuesday,10,2023,None,919108.0,-1.86,Low Off-Peak Travel Day (-1 Sigma)
2023-02-14,Tuesday,2,2023,None,918806.0,-1.86,Low Off-Peak Travel Day (-1 Sigma)
2023-01-25,Wednesday,1,2023,None,915884.0,-1.88,Low Off-Peak Travel Day (-1 Sigma)
2024-02-06,Tuesday,2,2024,None,910026.0,-1.91,Low Off-Peak Travel Day (-1 Sigma)
2022-09-28,Wednesday,9,2022,None,907185.0,-1.92,Low Off-Peak Travel Day (-1 Sigma)
2023-01-18,Wednesday,1,2023,None,906055.0,-1.93,Low Off-Peak Travel Day (-1 Sigma)
2023-01-21,Saturday,1,2023,None,905814.0,-1.93,Low Off-Peak Travel Day (-1 Sigma)
2023-02-04,Saturday,2,2023,None,903520.0,-1.94,Low Off-Peak Travel Day (-1 Sigma)
2023-01-28,Saturday,1,2023,None,903323.0,-1.94,Low Off-Peak Travel Day (-1 Sigma)
2025-01-14,Tuesday,1,2025,None,901356.0,-1.95,Low Off-Peak Travel Day (-1 Sigma)
2022-06-18,Saturday,6,2022,None,879978.0,-2.06,Acute Off-Peak Trough (-2 Sigma)
2024-01-30,Tuesday,1,2024,None,876071.0,-2.08,Acute Off-Peak Trough (-2 Sigma)
2024-11-28,Thursday,11,2024,Thanksgiving Day,872472.0,-2.1,Acute Off-Peak Trough (-2 Sigma)
2023-02-07,Tuesday,2,2023,None,869297.0,-2.12,Acute Off-Peak Trough (-2 Sigma)
2024-01-23,Tuesday,1,2024,None,868678.0,-2.12,Acute Off-Peak Trough (-2 Sigma)
2023-02-01,Wednesday,2,2023,None,866668.0,-2.13,Acute Off-Peak Trough (-2 Sigma)
2025-02-04,Tuesday,2,2025,None,865852.0,-2.14,Acute Off-Peak Trough (-2 Sigma)
2023-11-23,Thursday,11,2023,Thanksgiving Day,862589.0,-2.15,Acute Off-Peak Trough (-2 Sigma)
2023-10-12,Thursday,10,2023,None,857344.0,-2.18,Acute Off-Peak Trough (-2 Sigma)
2023-10-08,Sunday,10,2023,None,856757.0,-2.18,Acute Off-Peak Trough (-2 Sigma)
2025-01-28,Tuesday,1,2025,None,847975.0,-2.23,Acute Off-Peak Trough (-2 Sigma)
2023-10-13,Friday,10,2023,None,842220.0,-2.26,Acute Off-Peak Trough (-2 Sigma)
2023-01-24,Tuesday,1,2023,None,840611.0,-2.27,Acute Off-Peak Trough (-2 Sigma)
2023-10-09,Monday,10,2023,Columbus Day,833738.0,-2.3,Acute Off-Peak Trough (-2 Sigma)
2023-10-11,Wednesday,10,2023,None,830096.0,-2.32,Acute Off-Peak Trough (-2 Sigma)
2023-01-31,Tuesday,1,2023,None,827924.0,-2.33,Acute Off-Peak Trough (-2 Sigma)
2023-10-14,Saturday,10,2023,None,810046.0,-2.43,Acute Off-Peak Trough (-2 Sigma)
2023-10-10,Tuesday,10,2023,None,807294.0,-2.44,Acute Off-Peak Trough (-2 Sigma)
2022-11-24,Thursday,11,2022,Thanksgiving Day,772333.0,-2.62,Acute Off-Peak Trough (-2 Sigma)
2022-05-05,Thursday,5,2022,None,640630.0,-3.31,Acute Off-Peak Trough (-2 Sigma)
2022-05-15,Sunday,5,2022,None,496974.0,-4.05,Acute Off-Peak Trough (-2 Sigma)
2022-06-05,Sunday,6,2022,None,492596.0,-4.08,Acute Off-Peak Trough (-2 Sigma)
2022-05-22,Sunday,5,2022,None,492544.0,-4.08,Acute Off-Peak Trough (-2 Sigma)
2025-11-02,Sunday,11,2025,None,472924.0,-4.18,Acute Off-Peak Trough (-2 Sigma)
2025-11-06,Thursday,11,2025,None,471143.0,-4.19,Acute Off-Peak Trough (-2 Sigma)
2025-11-07,Friday,11,2025,None,461842.0,-4.24,Acute Off-Peak Trough (-2 Sigma)
2022-05-02,Monday,5,2022,None,456928.0,-4.26,Acute Off-Peak Trough (-2 Sigma)
2022-07-03,Sunday,7,2022,None,445202.0,-4.32,Acute Off-Peak Trough (-2 Sigma)
2022-05-04,Wednesday,5,2022,None,444401.0,-4.33,Acute Off-Peak Trough (-2 Sigma)
2025-11-05,Wednesday,11,2025,None,428602.0,-4.41,Acute Off-Peak Trough (-2 Sigma)
2022-05-03,Tuesday,5,2022,None,423613.0,-4.43,Acute Off-Peak Trough (-2 Sigma)
2022-05-07,Saturday,5,2022,None,413602.0,-4.49,Acute Off-Peak Trough (-2 Sigma)
2025-11-04,Tuesday,11,2025,None,410115.0,-4.5,Acute Off-Peak Trough (-2 Sigma)
2025-11-08,Saturday,11,2025,None,389670.0,-4.61,Acute Off-Peak Trough (-2 Sigma)
