raw_dataset,airport_code,airport_name,city,state,scheduled_flights,cancelled_flights,cancellation_rate_pct,avg_delay_minutes,flights_delayed_15min_pct,taxi_out_minutes,total_tsa_passengers,avg_hourly_tsa_passengers,peak_hour_passengers,connecting_passengers_pct,local_originating_passengers_pct,true_local_tsa_demand,aircraft_seats_per_flight,flight_fullness_pct,operational_archetype,plain_language_description
"Multi-Source Combined (TSA, BTS OTP, BTS T-100, DB1C)",ATL,Hartsfield - Jackson Atlanta International,Atlanta,GA,329245,3627,1.10%,13.34,21.90%,17.05,100642817,610.08,4106,70.09%,29.91%,15292842,179.8,86.37%,Mega Connecting Hub (Very high passenger volumes with heavy connecting flight transfers),Busiest hub in the nation; 70% of travelers connect airside and never see TSA security.
"Multi-Source Combined (TSA, BTS OTP, BTS T-100, DB1C)",AUS,Austin Bergstrom International,Austin,TX,126684,1848,1.46%,15.25,18.76%,16.23,37186991,401.79,2008,40.19%,59.81%,9597832,156.5,80.94%,High Local Demand Airport (Most passengers start locally and pass through TSA security),Fast-growing focus city where 60% of passengers are local residents entering security.
"Multi-Source Combined (TSA, BTS OTP, BTS T-100, DB1C)",BOS,General Edward Lawrence Logan International,Boston,MA,177182,2556,1.44%,13.86,19.49%,20.63,63720916,576.12,2613,35.69%,64.31%,16182410,165.6,85.76%,High Local Demand Airport (Most passengers start locally and pass through TSA security),Major northeast origin airport with high local business travel (64% local passengers).
"Multi-Source Combined (TSA, BTS OTP, BTS T-100, DB1C)",CLT,Charlotte/Douglas International,Charlotte,NC,227198,3104,1.37%,16.41,24.46%,19.20,28174107,493.33,2101,76.04%,23.96%,7702708,169.5,83.48%,High Local Demand Airport (Most passengers start locally and pass through TSA security),Huge American Airlines connecting fortress where 76% of passengers transfer between gates.
"Multi-Source Combined (TSA, BTS OTP, BTS T-100, DB1C)",DCA,Washington Reagan National,Washington,VA,132994,2703,2.03%,14.50,18.88%,19.95,37658590,641.69,3223,48.76%,51.24%,8521455,153.3,81.57%,High Local Demand Airport (Most passengers start locally and pass through TSA security),Perimeter-restricted airport serving the nation capital with high local passenger share.
"Multi-Source Combined (TSA, BTS OTP, BTS T-100, DB1C)",DEN,Denver International,Denver,CO,233356,2683,1.15%,14.74,21.30%,19.12,77299622,1227.23,4405,66.35%,33.65%,11856279,177.3,85.16%,Mega Connecting Hub (Very high passenger volumes with heavy connecting flight transfers),Massive United connecting hub with high passenger volumes and 66% transfer traffic.
"Multi-Source Combined (TSA, BTS OTP, BTS T-100, DB1C)",DFW,Dallas-Fort Worth International,Dallas/Fort Worth,TX,325555,6515,2.00%,19.85,28.07%,18.58,90478800,255.42,1482,66.32%,33.68%,15995278,171.1,85.26%,Mega Connecting Hub (Very high passenger volumes with heavy connecting flight transfers),Primary American Airlines global fortress hub with heavy flight banks and 66% connecting traffic.
"Multi-Source Combined (TSA, BTS OTP, BTS T-100, DB1C)",DTW,Detroit Metropolitan Wayne County,Detroit,MI,161967,1777,1.10%,11.55,18.43%,16.96,46233019,280.09,1385,53.01%,46.99%,10555299,165.4,83.85%,High-Reliability Fortress Hub (Major airline fortress with smooth operations and low delays),Delta Midwestern fortress hub operating with low delays and high schedule reliability.
"Multi-Source Combined (TSA, BTS OTP, BTS T-100, DB1C)",EWR,Newark Liberty International,Newark,NJ,206024,4626,2.25%,18.32,24.65%,24.67,87735124,584.08,4020,33.58%,66.42%,20116584,170.7,86.12%,"Congested Coastal Airport (Restricted airspace, smaller regional planes, and chronic flight delays)",United primary New York gateway; suffers heavy taxi-out queues and flight delay congestion.
"Multi-Source Combined (TSA, BTS OTP, BTS T-100, DB1C)",IAD,Washington-Dulles International,Washington,VA,95849,1100,1.15%,12.32,17.79%,20.02,39052297,403.36,2480,47.81%,52.19%,7392883,176.4,83.78%,High-Reliability Fortress Hub (Major airline fortress with smooth operations and low delays),United mid-Atlantic international hub with balanced connecting and local passengers.
"Multi-Source Combined (TSA, BTS OTP, BTS T-100, DB1C)",IAH,George Bush Intercontinental/Houston,Houston,TX,209172,2920,1.40%,15.72,22.12%,19.63,66010894,388.37,2654,50.23%,49.77%,14547366,165.9,84.23%,High Local Demand Airport (Most passengers start locally and pass through TSA security),United primary Latin America hub with 50% connecting and 50% local passenger demand.
"Multi-Source Combined (TSA, BTS OTP, BTS T-100, DB1C)",JFK,John F. Kennedy International,New York,NY,133151,1891,1.42%,14.25,19.46%,26.70,116009987,633.60,3222,34.24%,65.76%,12530901,167.5,85.44%,"Congested Coastal Airport (Restricted airspace, smaller regional planes, and chronic flight delays)",Premier international gateway with large airplanes and long runway taxi queues.
"Multi-Source Combined (TSA, BTS OTP, BTS T-100, DB1C)",LAS,Harry Reid International Airport,Las Vegas,NV,157059,1747,1.11%,12.29,17.55%,19.48,91959127,584.43,2901,66.47%,33.53%,7880847,179.2,83.51%,High-Reliability Fortress Hub (Major airline fortress with smooth operations and low delays),Major leisure destination where 66% of travelers are visiting or local originating.
"Multi-Source Combined (TSA, BTS OTP, BTS T-100, DB1C)",LAX,Los Angeles International,Los Angeles,CA,277433,2760,0.99%,11.99,17.93%,18.45,129069341,441.62,2887,39.59%,60.41%,26293897,182.3,86.06%,Mega Connecting Hub (Very high passenger volumes with heavy connecting flight transfers),West Coast gateway; handles high passenger volume with 60% entering local TSA checkpoints.
"Multi-Source Combined (TSA, BTS OTP, BTS T-100, DB1C)",LGA,LaGuardia,New York,NY,164909,4056,2.46%,15.65,20.14%,24.03,53034753,662.36,3764,44.41%,55.59%,11975988,154.2,84.72%,"Congested Coastal Airport (Restricted airspace, smaller regional planes, and chronic flight delays)","High-frequency New York domestic airport with slot limits, smaller regional planes, and delays."
"Multi-Source Combined (TSA, BTS OTP, BTS T-100, DB1C)",MCO,Orlando International,Orlando,FL,184346,3118,1.69%,16.17,20.96%,19.18,100027448,1011.96,3974,55.44%,44.56%,13092334,185.5,85.92%,Mega Connecting Hub (Very high passenger volumes with heavy connecting flight transfers),High-volume vacation market with heavy family leisure passenger surges.
"Multi-Source Combined (TSA, BTS OTP, BTS T-100, DB1C)",MIA,Miami International,Miami,FL,217894,3450,1.58%,19.62,26.51%,21.05,87974423,336.36,2187,50.73%,49.27%,16164435,176.0,85.55%,Mega Connecting Hub (Very high passenger volumes with heavy connecting flight transfers),American Airlines hub serving Latin America with large planes and steady passenger flow.
"Multi-Source Combined (TSA, BTS OTP, BTS T-100, DB1C)",MSP,Minneapolis-St Paul International/Wold-Chamberlain,Minneapolis,MN,171104,1743,1.02%,10.11,17.39%,17.65,48387666,470.39,2323,54.40%,45.60%,11046544,166.8,84.88%,High-Reliability Fortress Hub (Major airline fortress with smooth operations and low delays),Delta northern fortress hub known for strong operational punctuality and low delays.
"Multi-Source Combined (TSA, BTS OTP, BTS T-100, DB1C)",ORD,Chicago O'Hare International,Chicago,IL,360571,5295,1.47%,16.36,22.59%,21.97,63598273,239.62,2441,60.00%,40.00%,20549778,168.0,84.81%,Mega Connecting Hub (Very high passenger volumes with heavy connecting flight transfers),Dual mega-hub for United and American with the highest scheduled flight count (360k flights).
"Multi-Source Combined (TSA, BTS OTP, BTS T-100, DB1C)",PHL,Philadelphia International,Philadelphia,PA,138372,2101,1.52%,13.77,19.33%,20.35,40429531,339.12,2807,44.21%,55.79%,11172451,172.6,83.85%,High-Reliability Fortress Hub (Major airline fortress with smooth operations and low delays),American Airlines transatlantic fortress with high domestic schedule adherence.
"Multi-Source Combined (TSA, BTS OTP, BTS T-100, DB1C)",PHX,Phoenix Sky Harbor International,Phoenix,AZ,183386,1676,0.91%,10.67,16.98%,16.63,74107051,548.45,2628,56.70%,43.30%,12132785,179.8,84.98%,High-Reliability Fortress Hub (Major airline fortress with smooth operations and low delays),Major desert southwest hub with high flight volume and low delay rates.
"Multi-Source Combined (TSA, BTS OTP, BTS T-100, DB1C)",SEA,Seattle-Tacoma International,Seattle,WA,132809,1447,1.09%,10.96,16.82%,20.45,70832008,514.52,2565,53.05%,46.95%,9078985,169.9,85.70%,High-Reliability Fortress Hub (Major airline fortress with smooth operations and low delays),Major Pacific Northwest gateway with significant local originating passenger demand.
"Multi-Source Combined (TSA, BTS OTP, BTS T-100, DB1C)",SFO,San Francisco International,San Francisco,CA,202702,2144,1.06%,12.55,19.43%,20.18,86485089,453.14,2803,40.23%,59.77%,19031374,182.4,86.12%,Mega Connecting Hub (Very high passenger volumes with heavy connecting flight transfers),United West Coast transpacific hub with large widebody planes and steady operations.
"Multi-Source Combined (TSA, BTS OTP, BTS T-100, DB1C)",SLC,Salt Lake City International,Salt Lake City,UT,134725,1211,0.90%,10.80,17.76%,18.16,32250281,959.54,3103,57.55%,42.45%,8258684,168.6,85.65%,High-Reliability Fortress Hub (Major airline fortress with smooth operations and low delays),Delta mountain hub known for very low cancellation rates and high punctuality.
"Multi-Source Combined (TSA, BTS OTP, BTS T-100, DB1C)",TPA,Tampa International,Tampa,FL,120321,2361,1.96%,14.15,19.04%,15.96,44030123,451.96,1512,39.68%,60.32%,10617149,173.1,84.51%,High Local Demand Airport (Most passengers start locally and pass through TSA security),High-performing Florida origin airport with low delays and smooth passenger flow.
